experiment,unit,unit_number,id_1,id_2,id_3,time,date,salinity,pHat25,fileName,unit_ID,alk,insituTemp,pHinsitu,dateString
Juvenile,Tank,2,NA,NA,NA,0.458333333,8/10/19,28.8,7.549664967,2021.01.05_masterSPECsalmonshedTANKdata.xlsx,Tank_2,1972.442,NA,NA,8/10/19
Juvenile,Tank,3,NA,NA,NA,0.458333333,8/10/19,28.8,7.549090376,2021.01.05_masterSPECsalmonshedTANKdata.xlsx,Tank_3,1972.442,NA,NA,8/10/19
Juvenile,Tank,5,NA,NA,NA,0.458333333,8/10/19,28.8,7.563150294,2021.01.05_masterSPECsalmonshedTANKdata.xlsx,Tank_5,1972.442,NA,NA,8/10/19
Juvenile,Tank,6,NA,NA,NA,0.458333333,8/10/19,28.8,7.569084489,2021.01.05_masterSPECsalmonshedTANKdata.xlsx,Tank_6,1972.442,NA,NA,8/10/19
Juvenile,Tank,1,NA,NA,NA,0.458333333,8/10/19,28.8,7.591060622,2021.01.05_masterSPECsalmonshedTANKdata.xlsx,Tank_1,1972.442,NA,NA,8/10/19
Juvenile,Tank,4,NA,NA,NA,0.458333333,8/10/19,28.8,7.601499656,2021.01.05_masterSPECsalmonshedTANKdata.xlsx,Tank_4,1972.442,NA,NA,8/10/19
Juvenile,Tank,5,NA,NA,NA,0.458333333,8/29/18,29.99,7.471826626,2021.01.05_masterSPECsalmonshedTANKdata.xlsx,Tank_5,2032.35255,NA,NA,8/29/18
Juvenile,Tank,2,NA,NA,NA,0.458333333,8/29/18,29.99,7.115592579,2021.01.05_masterSPECsalmonshedTANKdata.xlsx,Tank_2,2032.35255,NA,NA,8/29/18
Juvenile,Tank,4,NA,NA,NA,0.458333333,8/29/18,29.99,7.116949486,2021.01.05_masterSPECsalmonshedTANKdata.xlsx,Tank_4,2032.35255,NA,NA,8/29/18
Juvenile,Tank,6,NA,NA,NA,0.458333333,8/29/18,29.99,7.057858049,2021.01.05_masterSPECsalmonshedTANKdata.xlsx,Tank_6,2032.35255,NA,NA,8/29/18
Juvenile,Tank,1,NA,NA,NA,0.458333333,8/29/18,29.99,7.53247438,2021.01.05_masterSPECsalmonshedTANKdata.xlsx,Tank_1,2032.35255,NA,NA,8/29/18
Juvenile,Tank,3,NA,NA,NA,0.458333333,8/29/18,29.99,7.538934604,2021.01.05_masterSPECsalmonshedTANKdata.xlsx,Tank_3,2032.35255,NA,NA,8/29/18
Juvenile,Tank,1,NA,NA,NA,0.458333333,9/11/18,30.26,7.622803815,2021.01.05_masterSPECsalmonshedTANKdata.xlsx,Tank_1,2045.9457,NA,NA,9/11/18
Juvenile,Tank,1,NA,NA,NA,0.458333333,9/11/18,30.26,7.617505076,2021.01.05_masterSPECsalmonshedTANKdata.xlsx,Tank_1,2045.9457,NA,NA,9/11/18
Juvenile,Tank,2,NA,NA,NA,0.458333333,9/11/18,30.26,7.103799402,2021.01.05_masterSPECsalmonshedTANKdata.xlsx,Tank_2,2045.9457,NA,NA,9/11/18
Juvenile,Tank,2,NA,NA,NA,0.458333333,9/11/18,30.26,7.106833204,2021.01.05_masterSPECsalmonshedTANKdata.xlsx,Tank_2,2045.9457,NA,NA,9/11/18
Juvenile,Tank,3,NA,NA,NA,0.458333333,9/11/18,30.26,7.6156056,2021.01.05_masterSPECsalmonshedTANKdata.xlsx,Tank_3,2045.9457,NA,NA,9/11/18
Juvenile,Tank,3,NA,NA,NA,0.458333333,9/11/18,30.26,7.616523495,2021.01.05_masterSPECsalmonshedTANKdata.xlsx,Tank_3,2045.9457,NA,NA,9/11/18
Juvenile,Tank,4,NA,NA,NA,0.458333333,9/11/18,30.26,6.875530337,2021.01.05_masterSPECsalmonshedTANKdata.xlsx,Tank_4,2045.9457,NA,NA,9/11/18
Juvenile,Tank,4,NA,NA,NA,0.458333333,9/11/18,30.26,6.834644963,2021.01.05_masterSPECsalmonshedTANKdata.xlsx,Tank_4,2045.9457,NA,NA,9/11/18
Juvenile,Tank,5,NA,NA,NA,0.458333333,9/11/18,30.26,7.621470174,2021.01.05_masterSPECsalmonshedTANKdata.xlsx,Tank_5,2045.9457,NA,NA,9/11/18
Juvenile,Tank,5,NA,NA,NA,0.458333333,9/11/18,30.26,7.621517867,2021.01.05_masterSPECsalmonshedTANKdata.xlsx,Tank_5,2045.9457,NA,NA,9/11/18
Juvenile,Tank,6,NA,NA,NA,0.458333333,9/11/18,30.26,7.054897808,2021.01.05_masterSPECsalmonshedTANKdata.xlsx,Tank_6,2045.9457,NA,NA,9/11/18
Juvenile,Tank,6,NA,NA,NA,0.458333333,9/11/18,30.26,7.045262054,2021.01.05_masterSPECsalmonshedTANKdata.xlsx,Tank_6,2045.9457,NA,NA,9/11/18
Juvenile,Tank,1,NA,NA,NA,0.458333333,9/19/18,30.31,7.480286404,2021.01.05_masterSPECsalmonshedTANKdata.xlsx,Tank_1,2048.46295,NA,NA,9/19/18
Juvenile,Tank,2,NA,NA,NA,0.458333333,9/19/18,30.31,7.069680813,2021.01.05_masterSPECsalmonshedTANKdata.xlsx,Tank_2,2048.46295,NA,NA,9/19/18
Juvenile,Tank,3,NA,NA,NA,0.458333333,9/19/18,30.31,7.49240436,2021.01.05_masterSPECsalmonshedTANKdata.xlsx,Tank_3,2048.46295,NA,NA,9/19/18
Juvenile,Tank,4,NA,NA,NA,0.458333333,9/19/18,30.31,7.062768553,2021.01.05_masterSPECsalmonshedTANKdata.xlsx,Tank_4,2048.46295,NA,NA,9/19/18
Juvenile,Tank,5,NA,NA,NA,0.458333333,9/19/18,30.31,7.488723045,2021.01.05_masterSPECsalmonshedTANKdata.xlsx,Tank_5,2048.46295,NA,NA,9/19/18
Juvenile,Tank,6,NA,NA,NA,0.458333333,9/19/18,30.31,6.935767731,2021.01.05_masterSPECsalmonshedTANKdata.xlsx,Tank_6,2048.46295,NA,NA,9/19/18
Juvenile,Tank,1,NA,NA,NA,0.458333333,10/2/18,28.27,7.551322909,2021.01.05_masterSPECsalmonshedTANKdata.xlsx,Tank_1,1945.75915,NA,NA,10/2/18
Juvenile,Tank,1,NA,NA,NA,0.458333333,10/2/18,28.27,7.559561821,2021.01.05_masterSPECsalmonshedTANKdata.xlsx,Tank_1,1945.75915,NA,NA,10/2/18
Juvenile,Tank,2,NA,NA,NA,0.458333333,10/2/18,28.27,7.099535722,2021.01.05_masterSPECsalmonshedTANKdata.xlsx,Tank_2,1945.75915,NA,NA,10/2/18
Juvenile,Tank,2,NA,NA,NA,0.458333333,10/2/18,28.27,7.075625542,2021.01.05_masterSPECsalmonshedTANKdata.xlsx,Tank_2,1945.75915,NA,NA,10/2/18
Juvenile,Tank,3,NA,NA,NA,0.458333333,10/2/18,28.27,7.559561821,2021.01.05_masterSPECsalmonshedTANKdata.xlsx,Tank_3,1945.75915,NA,NA,10/2/18
Juvenile,Tank,3,NA,NA,NA,0.458333333,10/2/18,28.27,7.567388332,2021.01.05_masterSPECsalmonshedTANKdata.xlsx,Tank_3,1945.75915,NA,NA,10/2/18
Juvenile,Tank,4,NA,NA,NA,0.458333333,10/2/18,28.27,7.080993961,2021.01.05_masterSPECsalmonshedTANKdata.xlsx,Tank_4,1945.75915,NA,NA,10/2/18
Juvenile,Tank,4,NA,NA,NA,0.458333333,10/2/18,28.27,7.080993961,2021.01.05_masterSPECsalmonshedTANKdata.xlsx,Tank_4,1945.75915,NA,NA,10/2/18
Juvenile,Tank,5,NA,NA,NA,0.458333333,10/2/18,28.27,7.54199792,2021.01.05_masterSPECsalmonshedTANKdata.xlsx,Tank_5,1945.75915,NA,NA,10/2/18
Juvenile,Tank,5,NA,NA,NA,0.458333333,10/2/18,28.27,7.562481015,2021.01.05_masterSPECsalmonshedTANKdata.xlsx,Tank_5,1945.75915,NA,NA,10/2/18
Juvenile,Tank,6,NA,NA,NA,0.458333333,10/2/18,28.27,7.061051761,2021.01.05_masterSPECsalmonshedTANKdata.xlsx,Tank_6,1945.75915,NA,NA,10/2/18
Juvenile,Tank,6,NA,NA,NA,0.458333333,10/2/18,28.27,7.032259089,2021.01.05_masterSPECsalmonshedTANKdata.xlsx,Tank_6,1945.75915,NA,NA,10/2/18
Juvenile,Tank,1,NA,NA,NA,0.458333333,10/9/18,28.27,7.538405835,2021.01.05_masterSPECsalmonshedTANKdata.xlsx,Tank_1,1945.75915,NA,NA,10/9/18
Juvenile,Tank,1,NA,NA,NA,0.458333333,10/9/18,28.27,7.517519481,2021.01.05_masterSPECsalmonshedTANKdata.xlsx,Tank_1,1945.75915,NA,NA,10/9/18
Juvenile,Tank,2,NA,NA,NA,0.458333333,10/9/18,28.27,7.113611908,2021.01.05_masterSPECsalmonshedTANKdata.xlsx,Tank_2,1945.75915,NA,NA,10/9/18
Juvenile,Tank,2,NA,NA,NA,0.458333333,10/9/18,28.27,7.102629496,2021.01.05_masterSPECsalmonshedTANKdata.xlsx,Tank_2,1945.75915,NA,NA,10/9/18
Juvenile,Tank,3,NA,NA,NA,0.458333333,10/9/18,28.27,7.500834062,2021.01.05_masterSPECsalmonshedTANKdata.xlsx,Tank_3,1945.75915,NA,NA,10/9/18
Juvenile,Tank,3,NA,NA,NA,0.458333333,10/9/18,28.27,7.524073894,2021.01.05_masterSPECsalmonshedTANKdata.xlsx,Tank_3,1945.75915,NA,NA,10/9/18
Juvenile,Tank,4,NA,NA,NA,0.458333333,10/9/18,28.27,6.890447325,2021.01.05_masterSPECsalmonshedTANKdata.xlsx,Tank_4,1945.75915,NA,NA,10/9/18
Juvenile,Tank,4,NA,NA,NA,0.458333333,10/9/18,28.27,7.011074595,2021.01.05_masterSPECsalmonshedTANKdata.xlsx,Tank_4,1945.75915,NA,NA,10/9/18
Juvenile,Tank,5,NA,NA,NA,0.458333333,10/9/18,28.27,7.504787781,2021.01.05_masterSPECsalmonshedTANKdata.xlsx,Tank_5,1945.75915,NA,NA,10/9/18
Juvenile,Tank,5,NA,NA,NA,0.458333333,10/9/18,28.27,7.521386245,2021.01.05_masterSPECsalmonshedTANKdata.xlsx,Tank_5,1945.75915,NA,NA,10/9/18
Juvenile,Tank,6,NA,NA,NA,0.458333333,10/9/18,28.27,7.018039117,2021.01.05_masterSPECsalmonshedTANKdata.xlsx,Tank_6,1945.75915,NA,NA,10/9/18
Juvenile,Tank,6,NA,NA,NA,0.458333333,10/9/18,28.27,7.032259089,2021.01.05_masterSPECsalmonshedTANKdata.xlsx,Tank_6,1945.75915,NA,NA,10/9/18
Juvenile,Tank,5,NA,NA,NA,0.458333333,10/24/18,30.79,7.518061986,2021.01.05_masterSPECsalmonshedTANKdata.xlsx,Tank_5,2072.62855,NA,NA,10/24/18
Juvenile,Tank,6,NA,NA,NA,0.458333333,10/24/18,30.79,6.926766853,2021.01.05_masterSPECsalmonshedTANKdata.xlsx,Tank_6,2072.62855,NA,NA,10/24/18
Juvenile,Tank,4,NA,NA,NA,0.458333333,10/24/18,30.79,6.985412164,2021.01.05_masterSPECsalmonshedTANKdata.xlsx,Tank_4,2072.62855,NA,NA,10/24/18
Juvenile,Tank,2,NA,NA,NA,0.458333333,10/24/18,30.79,7.055734561,2021.01.05_masterSPECsalmonshedTANKdata.xlsx,Tank_2,2072.62855,NA,NA,10/24/18
Juvenile,Tank,4,NA,NA,NA,0.458333333,10/24/18,30.79,6.992105161,2021.01.05_masterSPECsalmonshedTANKdata.xlsx,Tank_4,2072.62855,NA,NA,10/24/18
Juvenile,Tank,5,NA,NA,NA,0.458333333,10/24/18,30.79,7.507694591,2021.01.05_masterSPECsalmonshedTANKdata.xlsx,Tank_5,2072.62855,NA,NA,10/24/18
Juvenile,Tank,6,NA,NA,NA,0.458333333,10/24/18,30.79,6.963098759,2021.01.05_masterSPECsalmonshedTANKdata.xlsx,Tank_6,2072.62855,NA,NA,10/24/18
Juvenile,Tank,2,NA,NA,NA,0.458333333,10/24/18,30.79,7.061755753,2021.01.05_masterSPECsalmonshedTANKdata.xlsx,Tank_2,2072.62855,NA,NA,10/24/18
Juvenile,Tank,1,NA,NA,NA,0.458333333,10/24/18,30.79,7.524599709,2021.01.05_masterSPECsalmonshedTANKdata.xlsx,Tank_1,2072.62855,NA,NA,10/24/18
Juvenile,Tank,3,NA,NA,NA,0.458333333,10/24/18,30.79,7.503916712,2021.01.05_masterSPECsalmonshedTANKdata.xlsx,Tank_3,2072.62855,NA,NA,10/24/18
Juvenile,Tank,3,NA,NA,NA,0.458333333,10/24/18,30.79,7.516069045,2021.01.05_masterSPECsalmonshedTANKdata.xlsx,Tank_3,2072.62855,NA,NA,10/24/18
Juvenile,Tank,1,NA,NA,NA,0.458333333,10/24/18,30.79,7.515224668,2021.01.05_masterSPECsalmonshedTANKdata.xlsx,Tank_1,2072.62855,NA,NA,10/24/18
Juvenile,Tank,1,NA,NA,NA,0.458333333,11/7/18,30.59,7.527126741,2021.01.05_masterSPECsalmonshedTANKdata.xlsx,Tank_1,2062.55955,NA,NA,11/7/18
Juvenile,Tank,1,NA,NA,NA,0.458333333,11/7/18,30.59,7.514884048,2021.01.05_masterSPECsalmonshedTANKdata.xlsx,Tank_1,2062.55955,NA,NA,11/7/18
Juvenile,Tank,2,NA,NA,NA,0.458333333,11/7/18,30.59,7.021460589,2021.01.05_masterSPECsalmonshedTANKdata.xlsx,Tank_2,2062.55955,NA,NA,11/7/18
Juvenile,Tank,2,NA,NA,NA,0.458333333,11/7/18,30.59,7.013143917,2021.01.05_masterSPECsalmonshedTANKdata.xlsx,Tank_2,2062.55955,NA,NA,11/7/18
Juvenile,Tank,3,NA,NA,NA,0.458333333,11/7/18,30.59,7.513362613,2021.01.05_masterSPECsalmonshedTANKdata.xlsx,Tank_3,2062.55955,NA,NA,11/7/18
Juvenile,Tank,3,NA,NA,NA,0.458333333,11/7/18,30.59,7.515646668,2021.01.05_masterSPECsalmonshedTANKdata.xlsx,Tank_3,2062.55955,NA,NA,11/7/18
Juvenile,Tank,4,NA,NA,NA,0.458333333,11/7/18,30.59,7.020204431,2021.01.05_masterSPECsalmonshedTANKdata.xlsx,Tank_4,2062.55955,NA,NA,11/7/18
Juvenile,Tank,4,NA,NA,NA,0.458333333,11/7/18,30.59,7.041992135,2021.01.05_masterSPECsalmonshedTANKdata.xlsx,Tank_4,2062.55955,NA,NA,11/7/18
Juvenile,Tank,5,NA,NA,NA,0.458333333,11/7/18,30.59,7.525823415,2021.01.05_masterSPECsalmonshedTANKdata.xlsx,Tank_5,2062.55955,NA,NA,11/7/18
Juvenile,Tank,5,NA,NA,NA,0.458333333,11/7/18,30.59,7.520189983,2021.01.05_masterSPECsalmonshedTANKdata.xlsx,Tank_5,2062.55955,NA,NA,11/7/18
Juvenile,Tank,6,NA,NA,NA,0.458333333,11/7/18,30.59,6.961582812,2021.01.05_masterSPECsalmonshedTANKdata.xlsx,Tank_6,2062.55955,NA,NA,11/7/18
Juvenile,Tank,6,NA,NA,NA,0.458333333,11/7/18,30.59,6.903919332,2021.01.05_masterSPECsalmonshedTANKdata.xlsx,Tank_6,2062.55955,NA,NA,11/7/18
Juvenile,Tank,1,NA,NA,NA,0.458333333,11/14/18,29.68,7.546126448,2021.01.05_masterSPECsalmonshedTANKdata.xlsx,Tank_1,2016.7456,NA,NA,11/14/18
Juvenile,Tank,1,NA,NA,NA,0.458333333,11/14/18,29.68,7.520183508,2021.01.05_masterSPECsalmonshedTANKdata.xlsx,Tank_1,2016.7456,NA,NA,11/14/18
Juvenile,Tank,2,NA,NA,NA,0.458333333,11/14/18,29.68,7.009484857,2021.01.05_masterSPECsalmonshedTANKdata.xlsx,Tank_2,2016.7456,NA,NA,11/14/18
Juvenile,Tank,2,NA,NA,NA,0.458333333,11/14/18,29.68,7.063015075,2021.01.05_masterSPECsalmonshedTANKdata.xlsx,Tank_2,2016.7456,NA,NA,11/14/18
Juvenile,Tank,3,NA,NA,NA,0.458333333,11/14/18,29.68,7.510338547,2021.01.05_masterSPECsalmonshedTANKdata.xlsx,Tank_3,2016.7456,NA,NA,11/14/18
Juvenile,Tank,3,NA,NA,NA,0.458333333,11/14/18,29.68,7.52728637,2021.01.05_masterSPECsalmonshedTANKdata.xlsx,Tank_3,2016.7456,NA,NA,11/14/18
Juvenile,Tank,4,NA,NA,NA,0.458333333,11/14/18,29.68,6.866129134,2021.01.05_masterSPECsalmonshedTANKdata.xlsx,Tank_4,2016.7456,NA,NA,11/14/18
Juvenile,Tank,4,NA,NA,NA,0.458333333,11/14/18,29.68,6.921239213,2021.01.05_masterSPECsalmonshedTANKdata.xlsx,Tank_4,2016.7456,NA,NA,11/14/18
Juvenile,Tank,5,NA,NA,NA,0.458333333,11/14/18,29.68,7.513430026,2021.01.05_masterSPECsalmonshedTANKdata.xlsx,Tank_5,2016.7456,NA,NA,11/14/18
Juvenile,Tank,5,NA,NA,NA,0.458333333,11/14/18,29.68,7.529748918,2021.01.05_masterSPECsalmonshedTANKdata.xlsx,Tank_5,2016.7456,NA,NA,11/14/18
Juvenile,Tank,6,NA,NA,NA,0.458333333,11/14/18,29.68,6.909423274,2021.01.05_masterSPECsalmonshedTANKdata.xlsx,Tank_6,2016.7456,NA,NA,11/14/18
Juvenile,Tank,6,NA,NA,NA,0.458333333,11/14/18,29.68,6.925854365,2021.01.05_masterSPECsalmonshedTANKdata.xlsx,Tank_6,2016.7456,NA,NA,11/14/18
Juvenile,Tank,1,NA,NA,NA,0.458333333,11/21/18,30.79,7.512940613,2021.01.05_masterSPECsalmonshedTANKdata.xlsx,Tank_1,2072.62855,NA,NA,11/21/18
Juvenile,Tank,1,NA,NA,NA,0.458333333,11/21/18,30.79,7.515224668,2021.01.05_masterSPECsalmonshedTANKdata.xlsx,Tank_1,2072.62855,NA,NA,11/21/18
Juvenile,Tank,2,NA,NA,NA,0.458333333,11/21/18,30.79,7.021038589,2021.01.05_masterSPECsalmonshedTANKdata.xlsx,Tank_2,2072.62855,NA,NA,11/21/18
Juvenile,Tank,2,NA,NA,NA,0.458333333,11/21/18,30.79,7.06470652,2021.01.05_masterSPECsalmonshedTANKdata.xlsx,Tank_2,2072.62855,NA,NA,11/21/18
Juvenile,Tank,3,NA,NA,NA,0.458333333,11/21/18,30.79,7.518756694,2021.01.05_masterSPECsalmonshedTANKdata.xlsx,Tank_3,2072.62855,NA,NA,11/21/18
Juvenile,Tank,3,NA,NA,NA,0.458333333,11/21/18,30.79,7.50815584,2021.01.05_masterSPECsalmonshedTANKdata.xlsx,Tank_3,2072.62855,NA,NA,11/21/18
Juvenile,Tank,4,NA,NA,NA,0.458333333,11/21/18,30.79,7.100792966,2021.01.05_masterSPECsalmonshedTANKdata.xlsx,Tank_4,2072.62855,NA,NA,11/21/18
Juvenile,Tank,4,NA,NA,NA,0.458333333,11/21/18,30.79,7.131813455,2021.01.05_masterSPECsalmonshedTANKdata.xlsx,Tank_4,2072.62855,NA,NA,11/21/18
Juvenile,Tank,5,NA,NA,NA,0.458333333,11/21/18,30.79,7.499470581,2021.01.05_masterSPECsalmonshedTANKdata.xlsx,Tank_5,2072.62855,NA,NA,11/21/18
Juvenile,Tank,5,NA,NA,NA,0.458333333,11/21/18,30.79,7.535247148,2021.01.05_masterSPECsalmonshedTANKdata.xlsx,Tank_5,2072.62855,NA,NA,11/21/18
Juvenile,Tank,6,NA,NA,NA,0.458333333,11/21/18,30.79,7.177139381,2021.01.05_masterSPECsalmonshedTANKdata.xlsx,Tank_6,2072.62855,NA,NA,11/21/18
Juvenile,Tank,6,NA,NA,NA,0.458333333,11/21/18,30.79,7.197934257,2021.01.05_masterSPECsalmonshedTANKdata.xlsx,Tank_6,2072.62855,NA,NA,11/21/18
Juvenile,Tank,1,NA,NA,NA,0.458333333,11/28/18,30.53,7.524765768,2021.01.05_masterSPECsalmonshedTANKdata.xlsx,Tank_1,2059.53885,NA,NA,11/28/18
Juvenile,Tank,1,NA,NA,NA,0.458333333,11/28/18,30.53,7.508243191,2021.01.05_masterSPECsalmonshedTANKdata.xlsx,Tank_1,2059.53885,NA,NA,11/28/18
Juvenile,Tank,2,NA,NA,NA,0.458333333,11/28/18,30.53,7.056283161,2021.01.05_masterSPECsalmonshedTANKdata.xlsx,Tank_2,2059.53885,NA,NA,11/28/18
Juvenile,Tank,2,NA,NA,NA,0.458333333,11/28/18,30.53,7.042118735,2021.01.05_masterSPECsalmonshedTANKdata.xlsx,Tank_2,2059.53885,NA,NA,11/28/18
Juvenile,Tank,3,NA,NA,NA,0.458333333,11/28/18,30.53,7.521639228,2021.01.05_masterSPECsalmonshedTANKdata.xlsx,Tank_3,2059.53885,NA,NA,11/28/18
Juvenile,Tank,3,NA,NA,NA,0.458333333,11/28/18,30.53,7.519305294,2021.01.05_masterSPECsalmonshedTANKdata.xlsx,Tank_3,2059.53885,NA,NA,11/28/18
Juvenile,Tank,4,NA,NA,NA,0.458333333,11/28/18,30.53,6.942247722,2021.01.05_masterSPECsalmonshedTANKdata.xlsx,Tank_4,2059.53885,NA,NA,11/28/18
Juvenile,Tank,4,NA,NA,NA,0.458333333,11/28/18,30.53,6.982426241,2021.01.05_masterSPECsalmonshedTANKdata.xlsx,Tank_4,2059.53885,NA,NA,11/28/18
Juvenile,Tank,5,NA,NA,NA,0.458333333,11/28/18,30.53,7.519798018,2021.01.05_masterSPECsalmonshedTANKdata.xlsx,Tank_5,2059.53885,NA,NA,11/28/18
Juvenile,Tank,5,NA,NA,NA,0.458333333,11/28/18,30.53,7.510952967,2021.01.05_masterSPECsalmonshedTANKdata.xlsx,Tank_5,2059.53885,NA,NA,11/28/18
Juvenile,Tank,6,NA,NA,NA,0.458333333,11/28/18,30.53,7.117313922,2021.01.05_masterSPECsalmonshedTANKdata.xlsx,Tank_6,2059.53885,NA,NA,11/28/18
Juvenile,Tank,6,NA,NA,NA,0.458333333,11/28/18,30.53,7.116034052,2021.01.05_masterSPECsalmonshedTANKdata.xlsx,Tank_6,2059.53885,NA,NA,11/28/18
Juvenile,Tank,1,NA,NA,NA,0.458333333,12/4/18,30.53,7.520082791,2021.01.05_masterSPECsalmonshedTANKdata.xlsx,Tank_1,2059.53885,NA,NA,12/4/18
Juvenile,Tank,1,NA,NA,NA,0.458333333,12/4/18,30.53,7.512750881,2021.01.05_masterSPECsalmonshedTANKdata.xlsx,Tank_1,2059.53885,NA,NA,12/4/18
Juvenile,Tank,2,NA,NA,NA,0.458333333,12/4/18,30.53,7.024614638,2021.01.05_masterSPECsalmonshedTANKdata.xlsx,Tank_2,2059.53885,NA,NA,12/4/18
Juvenile,Tank,2,NA,NA,NA,0.458333333,12/4/18,30.53,7.014923071,2021.01.05_masterSPECsalmonshedTANKdata.xlsx,Tank_2,2059.53885,NA,NA,12/4/18
Juvenile,Tank,3,NA,NA,NA,0.458333333,12/4/18,30.53,7.50319058,2021.01.05_masterSPECsalmonshedTANKdata.xlsx,Tank_3,2059.53885,NA,NA,12/4/18
Juvenile,Tank,3,NA,NA,NA,0.458333333,12/4/18,30.53,7.500019181,2021.01.05_masterSPECsalmonshedTANKdata.xlsx,Tank_3,2059.53885,NA,NA,12/4/18
Juvenile,Tank,4,NA,NA,NA,0.458333333,12/4/18,30.53,7.584864218,2021.01.05_masterSPECsalmonshedTANKdata.xlsx,Tank_4,2059.53885,NA,NA,12/4/18
Juvenile,Tank,4,NA,NA,NA,0.458333333,12/4/18,30.53,7.183727679,2021.01.05_masterSPECsalmonshedTANKdata.xlsx,Tank_4,2059.53885,NA,NA,12/4/18
Juvenile,Tank,5,NA,NA,NA,0.458333333,12/4/18,30.53,7.516326304,2021.01.05_masterSPECsalmonshedTANKdata.xlsx,Tank_5,2059.53885,NA,NA,12/4/18
Juvenile,Tank,5,NA,NA,NA,0.458333333,12/4/18,30.53,7.520165667,2021.01.05_masterSPECsalmonshedTANKdata.xlsx,Tank_5,2059.53885,NA,NA,12/4/18
Juvenile,Tank,6,NA,NA,NA,0.458333333,12/4/18,30.53,7.078583561,2021.01.05_masterSPECsalmonshedTANKdata.xlsx,Tank_6,2059.53885,NA,NA,12/4/18
Juvenile,Tank,6,NA,NA,NA,0.458333333,12/4/18,30.53,6.998784988,2021.01.05_masterSPECsalmonshedTANKdata.xlsx,Tank_6,2059.53885,NA,NA,12/4/18
Juvenile,Tank,6,NA,NA,NA,0.458333333,12/12/18,30.28,7.095294622,2021.01.05_masterSPECsalmonshedTANKdata.xlsx,Tank_6,2046.9526,NA,NA,12/12/18
Juvenile,Tank,6,NA,NA,NA,0.458333333,12/12/18,30.28,7.071384442,2021.01.05_masterSPECsalmonshedTANKdata.xlsx,Tank_6,2046.9526,NA,NA,12/12/18
Juvenile,Tank,3,NA,NA,NA,0.458333333,12/12/18,30.28,7.517145145,2021.01.05_masterSPECsalmonshedTANKdata.xlsx,Tank_3,2046.9526,NA,NA,12/12/18
Juvenile,Tank,5,NA,NA,NA,0.458333333,12/12/18,30.28,7.515538148,2021.01.05_masterSPECsalmonshedTANKdata.xlsx,Tank_5,2046.9526,NA,NA,12/12/18
Juvenile,Tank,3,NA,NA,NA,0.458333333,12/12/18,30.28,7.531037635,2021.01.05_masterSPECsalmonshedTANKdata.xlsx,Tank_3,2046.9526,NA,NA,12/12/18
Juvenile,Tank,4,NA,NA,NA,0.458333333,12/12/18,30.28,7.035709871,2021.01.05_masterSPECsalmonshedTANKdata.xlsx,Tank_4,2046.9526,NA,NA,12/12/18
Juvenile,Tank,5,NA,NA,NA,0.458333333,12/12/18,30.28,7.53775682,2021.01.05_masterSPECsalmonshedTANKdata.xlsx,Tank_5,2046.9526,NA,NA,12/12/18
Juvenile,Tank,4,NA,NA,NA,0.458333333,12/12/18,30.28,7.057709266,2021.01.05_masterSPECsalmonshedTANKdata.xlsx,Tank_4,2046.9526,NA,NA,12/12/18
Juvenile,Tank,2,NA,NA,NA,0.458333333,12/12/18,30.28,7.058729625,2021.01.05_masterSPECsalmonshedTANKdata.xlsx,Tank_2,2046.9526,NA,NA,12/12/18
Juvenile,Tank,1,NA,NA,NA,0.458333333,12/12/18,30.28,7.520844083,2021.01.05_masterSPECsalmonshedTANKdata.xlsx,Tank_1,2046.9526,NA,NA,12/12/18
Juvenile,Tank,2,NA,NA,NA,0.458333333,12/12/18,30.28,7.109370808,2021.01.05_masterSPECsalmonshedTANKdata.xlsx,Tank_2,2046.9526,NA,NA,12/12/18
Juvenile,Tank,1,NA,NA,NA,0.458333333,12/12/18,30.28,7.527780841,2021.01.05_masterSPECsalmonshedTANKdata.xlsx,Tank_1,2046.9526,NA,NA,12/12/18
Juvenile,Tank,1,NA,NA,NA,0.458333333,12/20/18,30.44,7.496925932,2021.01.05_masterSPECsalmonshedTANKdata.xlsx,Tank_1,2055.0078,NA,NA,12/20/18
Juvenile,Tank,1,NA,NA,NA,0.458333333,12/20/18,30.44,7.494291216,2021.01.05_masterSPECsalmonshedTANKdata.xlsx,Tank_1,2055.0078,NA,NA,12/20/18
Juvenile,Tank,2,NA,NA,NA,0.458333333,12/20/18,30.44,7.024804538,2021.01.05_masterSPECsalmonshedTANKdata.xlsx,Tank_2,2055.0078,NA,NA,12/20/18
Juvenile,Tank,2,NA,NA,NA,0.458333333,12/20/18,30.44,6.995625001,2021.01.05_masterSPECsalmonshedTANKdata.xlsx,Tank_2,2055.0078,NA,NA,12/20/18
Juvenile,Tank,3,NA,NA,NA,0.458333333,12/20/18,30.44,7.506992179,2021.01.05_masterSPECsalmonshedTANKdata.xlsx,Tank_3,2055.0078,NA,NA,12/20/18
Juvenile,Tank,3,NA,NA,NA,0.458333333,12/20/18,30.44,7.497182586,2021.01.05_masterSPECsalmonshedTANKdata.xlsx,Tank_3,2055.0078,NA,NA,12/20/18
Juvenile,Tank,4,NA,NA,NA,0.458333333,12/20/18,30.44,6.968713812,2021.01.05_masterSPECsalmonshedTANKdata.xlsx,Tank_4,2055.0078,NA,NA,12/20/18
Juvenile,Tank,4,NA,NA,NA,0.458333333,12/20/18,30.44,7.019101009,2021.01.05_masterSPECsalmonshedTANKdata.xlsx,Tank_4,2055.0078,NA,NA,12/20/18
Juvenile,Tank,5,NA,NA,NA,0.458333333,12/20/18,30.44,7.50338048,2021.01.05_masterSPECsalmonshedTANKdata.xlsx,Tank_5,2055.0078,NA,NA,12/20/18
Juvenile,Tank,5,NA,NA,NA,0.458333333,12/20/18,30.44,7.481248712,2021.01.05_masterSPECsalmonshedTANKdata.xlsx,Tank_5,2055.0078,NA,NA,12/20/18
Juvenile,Tank,6,NA,NA,NA,0.458333333,12/20/18,30.44,6.91768621,2021.01.05_masterSPECsalmonshedTANKdata.xlsx,Tank_6,2055.0078,NA,NA,12/20/18
Juvenile,Tank,6,NA,NA,NA,0.458333333,12/20/18,30.44,6.929093374,2021.01.05_masterSPECsalmonshedTANKdata.xlsx,Tank_6,2055.0078,NA,NA,12/20/18
Juvenile,Tank,6,NA,NA,NA,0.458333333,2/6/19,28.27,6.913169464,2021.01.05_masterSPECsalmonshedTANKdata.xlsx,Tank_6,1945.75915,NA,NA,2/6/19
Juvenile,Tank,2,NA,NA,NA,0.458333333,2/6/19,28.27,6.998385619,2021.01.05_masterSPECsalmonshedTANKdata.xlsx,Tank_2,1945.75915,NA,NA,2/6/19
Juvenile,Tank,3,NA,NA,NA,0.458333333,2/6/19,28.27,7.508992474,2021.01.05_masterSPECsalmonshedTANKdata.xlsx,Tank_3,1945.75915,NA,NA,2/6/19
Juvenile,Tank,6,NA,NA,NA,0.458333333,2/6/19,28.27,7.004203243,2021.01.05_masterSPECsalmonshedTANKdata.xlsx,Tank_6,1945.75915,NA,NA,2/6/19
Juvenile,Tank,2,NA,NA,NA,0.458333333,2/6/19,28.27,7.068285879,2021.01.05_masterSPECsalmonshedTANKdata.xlsx,Tank_2,1945.75915,NA,NA,2/6/19
Juvenile,Tank,5,NA,NA,NA,0.458333333,2/6/19,28.27,7.512597064,2021.01.05_masterSPECsalmonshedTANKdata.xlsx,Tank_5,1945.75915,NA,NA,2/6/19
Juvenile,Tank,1,NA,NA,NA,0.458333333,2/6/19,28.27,7.521386245,2021.01.05_masterSPECsalmonshedTANKdata.xlsx,Tank_1,1945.75915,NA,NA,2/6/19
Juvenile,Tank,1,NA,NA,NA,0.458333333,2/6/19,28.27,7.527463287,2021.01.05_masterSPECsalmonshedTANKdata.xlsx,Tank_1,1945.75915,NA,NA,2/6/19
Juvenile,Tank,3,NA,NA,NA,0.458333333,2/6/19,28.27,7.530718615,2021.01.05_masterSPECsalmonshedTANKdata.xlsx,Tank_3,1945.75915,NA,NA,2/6/19
Juvenile,Tank,5,NA,NA,NA,0.458333333,2/6/19,28.27,7.519779248,2021.01.05_masterSPECsalmonshedTANKdata.xlsx,Tank_5,1945.75915,NA,NA,2/6/19
Juvenile,Tank,4,NA,NA,NA,0.458333333,2/6/19,28.27,6.997422361,2021.01.05_masterSPECsalmonshedTANKdata.xlsx,Tank_4,1945.75915,NA,NA,2/6/19
Juvenile,Tank,4,NA,NA,NA,0.458333333,2/6/19,28.27,7.004203243,2021.01.05_masterSPECsalmonshedTANKdata.xlsx,Tank_4,1945.75915,NA,NA,2/6/19
Juvenile,Tank,1,NA,NA,NA,0.458333333,2/12/19,29.88,7.520142913,2021.01.05_masterSPECsalmonshedTANKdata.xlsx,Tank_1,2026.8146,NA,NA,2/12/19
Juvenile,Tank,1,NA,NA,NA,0.458333333,2/12/19,29.88,7.514481144,2021.01.05_masterSPECsalmonshedTANKdata.xlsx,Tank_1,2026.8146,NA,NA,2/12/19
Juvenile,Tank,2,NA,NA,NA,0.458333333,2/12/19,29.88,7.062593075,2021.01.05_masterSPECsalmonshedTANKdata.xlsx,Tank_2,2026.8146,NA,NA,2/12/19
Juvenile,Tank,2,NA,NA,NA,0.458333333,2/12/19,29.88,7.076955638,2021.01.05_masterSPECsalmonshedTANKdata.xlsx,Tank_2,2026.8146,NA,NA,2/12/19
Juvenile,Tank,3,NA,NA,NA,0.458333333,2/12/19,29.88,7.522049171,2021.01.05_masterSPECsalmonshedTANKdata.xlsx,Tank_3,2026.8146,NA,NA,2/12/19
Juvenile,Tank,3,NA,NA,NA,0.458333333,2/12/19,29.88,7.541842921,2021.01.05_masterSPECsalmonshedTANKdata.xlsx,Tank_3,2026.8146,NA,NA,2/12/19
Juvenile,Tank,4,NA,NA,NA,0.458333333,2/12/19,29.88,7.015979387,2021.01.05_masterSPECsalmonshedTANKdata.xlsx,Tank_4,2026.8146,NA,NA,2/12/19
Juvenile,Tank,4,NA,NA,NA,0.458333333,2/12/19,29.88,7.015979387,2021.01.05_masterSPECsalmonshedTANKdata.xlsx,Tank_4,2026.8146,NA,NA,2/12/19
Juvenile,Tank,5,NA,NA,NA,0.458333333,2/12/19,29.88,7.533460903,2021.01.05_masterSPECsalmonshedTANKdata.xlsx,Tank_5,2026.8146,NA,NA,2/12/19
Juvenile,Tank,5,NA,NA,NA,0.458333333,2/12/19,29.88,7.532049383,2021.01.05_masterSPECsalmonshedTANKdata.xlsx,Tank_5,2026.8146,NA,NA,2/12/19
Juvenile,Tank,6,NA,NA,NA,0.458333333,2/12/19,29.88,6.865707134,2021.01.05_masterSPECsalmonshedTANKdata.xlsx,Tank_6,2026.8146,NA,NA,2/12/19
Juvenile,Tank,6,NA,NA,NA,0.458333333,2/12/19,29.88,6.936675031,2021.01.05_masterSPECsalmonshedTANKdata.xlsx,Tank_6,2026.8146,NA,NA,2/12/19
Juvenile,Tank,1,NA,NA,NA,0.458333333,2/21/19,29.68,7.54979095,2021.01.05_masterSPECsalmonshedTANKdata.xlsx,Tank_1,2016.7456,NA,NA,2/21/19
Juvenile,Tank,1,NA,NA,NA,0.458333333,2/21/19,29.68,7.544107659,2021.01.05_masterSPECsalmonshedTANKdata.xlsx,Tank_1,2016.7456,NA,NA,2/21/19
Juvenile,Tank,2,NA,NA,NA,0.458333333,2/21/19,29.68,7.113239561,2021.01.05_masterSPECsalmonshedTANKdata.xlsx,Tank_2,2016.7456,NA,NA,2/21/19
Juvenile,Tank,2,NA,NA,NA,0.458333333,2/21/19,29.68,7.089047287,2021.01.05_masterSPECsalmonshedTANKdata.xlsx,Tank_2,2016.7456,NA,NA,2/21/19
Juvenile,Tank,3,NA,NA,NA,0.458333333,2/21/19,29.68,7.532606916,2021.01.05_masterSPECsalmonshedTANKdata.xlsx,Tank_3,2016.7456,NA,NA,2/21/19
Juvenile,Tank,3,NA,NA,NA,0.458333333,2/21/19,29.68,7.536262096,2021.01.05_masterSPECsalmonshedTANKdata.xlsx,Tank_3,2016.7456,NA,NA,2/21/19
Juvenile,Tank,4,NA,NA,NA,0.458333333,2/21/19,29.68,6.937097031,2021.01.05_masterSPECsalmonshedTANKdata.xlsx,Tank_4,2016.7456,NA,NA,2/21/19
Juvenile,Tank,4,NA,NA,NA,0.458333333,2/21/19,29.68,7.016401387,2021.01.05_masterSPECsalmonshedTANKdata.xlsx,Tank_4,2016.7456,NA,NA,2/21/19
Juvenile,Tank,5,NA,NA,NA,0.458333333,2/21/19,29.68,7.53513829,2021.01.05_masterSPECsalmonshedTANKdata.xlsx,Tank_5,2016.7456,NA,NA,2/21/19
Juvenile,Tank,5,NA,NA,NA,0.458333333,2/21/19,29.68,7.53513829,2021.01.05_masterSPECsalmonshedTANKdata.xlsx,Tank_5,2016.7456,NA,NA,2/21/19
Juvenile,Tank,6,NA,NA,NA,0.458333333,2/21/19,29.68,6.882081492,2021.01.05_masterSPECsalmonshedTANKdata.xlsx,Tank_6,2016.7456,NA,NA,2/21/19
Juvenile,Tank,6,NA,NA,NA,0.458333333,2/21/19,29.68,7.003965679,2021.01.05_masterSPECsalmonshedTANKdata.xlsx,Tank_6,2016.7456,NA,NA,2/21/19
Juvenile,Tank,1,NA,NA,NA,0.458333333,2/27/19,29.68,7.508311135,2021.01.05_masterSPECsalmonshedTANKdata.xlsx,Tank_1,2016.7456,NA,NA,2/27/19
Juvenile,Tank,1,NA,NA,NA,0.458333333,2/27/19,29.68,7.522471171,2021.01.05_masterSPECsalmonshedTANKdata.xlsx,Tank_1,2016.7456,NA,NA,2/27/19
Juvenile,Tank,2,NA,NA,NA,0.458333333,2/27/19,29.68,7.137631296,2021.01.05_masterSPECsalmonshedTANKdata.xlsx,Tank_2,2016.7456,NA,NA,2/27/19
Juvenile,Tank,2,NA,NA,NA,0.458333333,2/27/19,29.68,7.13368003,2021.01.05_masterSPECsalmonshedTANKdata.xlsx,Tank_2,2016.7456,NA,NA,2/27/19
Juvenile,Tank,3,NA,NA,NA,0.458333333,2/27/19,29.68,7.531428619,2021.01.05_masterSPECsalmonshedTANKdata.xlsx,Tank_3,2016.7456,NA,NA,2/27/19
Juvenile,Tank,3,NA,NA,NA,0.458333333,2/27/19,29.68,7.508311135,2021.01.05_masterSPECsalmonshedTANKdata.xlsx,Tank_3,2016.7456,NA,NA,2/27/19
Juvenile,Tank,4,NA,NA,NA,0.458333333,2/27/19,29.68,6.99622308,2021.01.05_masterSPECsalmonshedTANKdata.xlsx,Tank_4,2016.7456,NA,NA,2/27/19
Juvenile,Tank,4,NA,NA,NA,0.458333333,2/27/19,29.68,6.987754264,2021.01.05_masterSPECsalmonshedTANKdata.xlsx,Tank_4,2016.7456,NA,NA,2/27/19
Juvenile,Tank,5,NA,NA,NA,0.458333333,2/27/19,29.68,7.511393524,2021.01.05_masterSPECsalmonshedTANKdata.xlsx,Tank_5,2016.7456,NA,NA,2/27/19
Juvenile,Tank,5,NA,NA,NA,0.458333333,2/27/19,29.68,7.5166604,2021.01.05_masterSPECsalmonshedTANKdata.xlsx,Tank_5,2016.7456,NA,NA,2/27/19
Juvenile,Tank,6,NA,NA,NA,0.458333333,2/27/19,29.68,6.973940057,2021.01.05_masterSPECsalmonshedTANKdata.xlsx,Tank_6,2016.7456,NA,NA,2/27/19
Juvenile,Tank,6,NA,NA,NA,0.458333333,2/27/19,29.68,6.937097031,2021.01.05_masterSPECsalmonshedTANKdata.xlsx,Tank_6,2016.7456,NA,NA,2/27/19
Juvenile,Tank,5,NA,NA,NA,0.458333333,3/8/19,29.5,7.549272259,2021.01.05_masterSPECsalmonshedTANKdata.xlsx,Tank_5,2007.6835,NA,NA,3/8/19
Juvenile,Tank,5,NA,NA,NA,0.458333333,3/8/19,29.5,7.545750207,2021.01.05_masterSPECsalmonshedTANKdata.xlsx,Tank_5,2007.6835,NA,NA,3/8/19
Juvenile,Tank,4,NA,NA,NA,0.458333333,3/8/19,29.5,6.819627992,2021.01.05_masterSPECsalmonshedTANKdata.xlsx,Tank_4,2007.6835,NA,NA,3/8/19
Juvenile,Tank,1,NA,NA,NA,0.458333333,3/8/19,29.5,7.529426641,2021.01.05_masterSPECsalmonshedTANKdata.xlsx,Tank_1,2007.6835,NA,NA,3/8/19
Juvenile,Tank,2,NA,NA,NA,0.458333333,3/8/19,29.5,6.968558113,2021.01.05_masterSPECsalmonshedTANKdata.xlsx,Tank_2,2007.6835,NA,NA,3/8/19
Juvenile,Tank,6,NA,NA,NA,0.458333333,3/8/19,29.5,7.023760489,2021.01.05_masterSPECsalmonshedTANKdata.xlsx,Tank_6,2007.6835,NA,NA,3/8/19
Juvenile,Tank,3,NA,NA,NA,0.458333333,3/8/19,29.5,7.54063499,2021.01.05_masterSPECsalmonshedTANKdata.xlsx,Tank_3,2007.6835,NA,NA,3/8/19
Juvenile,Tank,2,NA,NA,NA,0.458333333,3/8/19,29.5,6.891248644,2021.01.05_masterSPECsalmonshedTANKdata.xlsx,Tank_2,2007.6835,NA,NA,3/8/19
Juvenile,Tank,4,NA,NA,NA,0.458333333,3/8/19,29.5,6.805655588,2021.01.05_masterSPECsalmonshedTANKdata.xlsx,Tank_4,2007.6835,NA,NA,3/8/19
Juvenile,Tank,3,NA,NA,NA,0.458333333,3/8/19,29.5,7.55432885,2021.01.05_masterSPECsalmonshedTANKdata.xlsx,Tank_3,2007.6835,NA,NA,3/8/19
Juvenile,Tank,1,NA,NA,NA,0.458333333,3/8/19,29.5,7.546506248,2021.01.05_masterSPECsalmonshedTANKdata.xlsx,Tank_1,2007.6835,NA,NA,3/8/19
Juvenile,Tank,6,NA,NA,NA,0.458333333,3/8/19,29.5,6.965820659,2021.01.05_masterSPECsalmonshedTANKdata.xlsx,Tank_6,2007.6835,NA,NA,3/8/19
Juvenile,Tank,1,NA,NA,NA,0.458333333,3/20/19,29.5,7.518273794,2021.01.05_masterSPECsalmonshedTANKdata.xlsx,Tank_1,2007.6835,NA,NA,3/20/19
Juvenile,Tank,1,NA,NA,NA,0.458333333,3/20/19,29.5,7.517946568,2021.01.05_masterSPECsalmonshedTANKdata.xlsx,Tank_1,2007.6835,NA,NA,3/20/19
Juvenile,Tank,2,NA,NA,NA,0.458333333,3/20/19,29.5,7.029663789,2021.01.05_masterSPECsalmonshedTANKdata.xlsx,Tank_2,2007.6835,NA,NA,3/20/19
Juvenile,Tank,2,NA,NA,NA,0.458333333,3/20/19,29.5,6.998884881,2021.01.05_masterSPECsalmonshedTANKdata.xlsx,Tank_2,2007.6835,NA,NA,3/20/19
Juvenile,Tank,3,NA,NA,NA,0.458333333,3/20/19,29.5,7.505985257,2021.01.05_masterSPECsalmonshedTANKdata.xlsx,Tank_3,2007.6835,NA,NA,3/20/19
Juvenile,Tank,3,NA,NA,NA,0.458333333,3/20/19,29.5,7.508975579,2021.01.05_masterSPECsalmonshedTANKdata.xlsx,Tank_3,2007.6835,NA,NA,3/20/19
Juvenile,Tank,4,NA,NA,NA,0.458333333,3/20/19,29.5,7.000093355,2021.01.05_masterSPECsalmonshedTANKdata.xlsx,Tank_4,2007.6835,NA,NA,3/20/19
Juvenile,Tank,4,NA,NA,NA,0.458333333,3/20/19,29.5,7.002326937,2021.01.05_masterSPECsalmonshedTANKdata.xlsx,Tank_4,2007.6835,NA,NA,3/20/19
Juvenile,Tank,5,NA,NA,NA,0.458333333,3/20/19,29.5,7.535649058,2021.01.05_masterSPECsalmonshedTANKdata.xlsx,Tank_5,2007.6835,NA,NA,3/20/19
Juvenile,Tank,5,NA,NA,NA,0.458333333,3/20/19,29.5,7.505808151,2021.01.05_masterSPECsalmonshedTANKdata.xlsx,Tank_5,2007.6835,NA,NA,3/20/19
Juvenile,Tank,6,NA,NA,NA,0.458333333,3/20/19,29.5,6.91966961,2021.01.05_masterSPECsalmonshedTANKdata.xlsx,Tank_6,2007.6835,NA,NA,3/20/19
Juvenile,Tank,6,NA,NA,NA,0.458333333,3/20/19,29.5,6.937476831,2021.01.05_masterSPECsalmonshedTANKdata.xlsx,Tank_6,2007.6835,NA,NA,3/20/19
Juvenile,Tank,1,NA,NA,NA,0.458333333,3/27/19,29.5,7.571387004,2021.01.05_masterSPECsalmonshedTANKdata.xlsx,Tank_1,2007.6835,NA,NA,3/27/19
Juvenile,Tank,1,NA,NA,NA,0.458333333,3/27/19,29.5,7.567924749,2021.01.05_masterSPECsalmonshedTANKdata.xlsx,Tank_1,2007.6835,NA,NA,3/27/19
Juvenile,Tank,2,NA,NA,NA,0.458333333,3/27/19,29.5,7.159032064,2021.01.05_masterSPECsalmonshedTANKdata.xlsx,Tank_2,2007.6835,NA,NA,3/27/19
Juvenile,Tank,2,NA,NA,NA,0.458333333,3/27/19,29.5,7.158062028,2021.01.05_masterSPECsalmonshedTANKdata.xlsx,Tank_2,2007.6835,NA,NA,3/27/19
Juvenile,Tank,3,NA,NA,NA,0.458333333,3/27/19,29.5,7.619242974,2021.01.05_masterSPECsalmonshedTANKdata.xlsx,Tank_3,2007.6835,NA,NA,3/27/19
Juvenile,Tank,3,NA,NA,NA,0.458333333,3/27/19,29.5,7.602480062,2021.01.05_masterSPECsalmonshedTANKdata.xlsx,Tank_3,2007.6835,NA,NA,3/27/19
Juvenile,Tank,4,NA,NA,NA,0.458333333,3/27/19,29.5,6.79404349,2021.01.05_masterSPECsalmonshedTANKdata.xlsx,Tank_4,2007.6835,NA,NA,3/27/19
Juvenile,Tank,4,NA,NA,NA,0.458333333,3/27/19,29.5,6.908559803,2021.01.05_masterSPECsalmonshedTANKdata.xlsx,Tank_4,2007.6835,NA,NA,3/27/19
Juvenile,Tank,5,NA,NA,NA,0.458333333,3/27/19,29.5,7.597520465,2021.01.05_masterSPECsalmonshedTANKdata.xlsx,Tank_5,2007.6835,NA,NA,3/27/19
Juvenile,Tank,5,NA,NA,NA,0.458333333,3/27/19,29.5,7.597520465,2021.01.05_masterSPECsalmonshedTANKdata.xlsx,Tank_5,2007.6835,NA,NA,3/27/19
Juvenile,Tank,6,NA,NA,NA,0.458333333,3/27/19,29.5,6.894666714,2021.01.05_masterSPECsalmonshedTANKdata.xlsx,Tank_6,2007.6835,NA,NA,3/27/19
Juvenile,Tank,6,NA,NA,NA,0.458333333,3/27/19,29.5,6.812598653,2021.01.05_masterSPECsalmonshedTANKdata.xlsx,Tank_6,2007.6835,NA,NA,3/27/19
Juvenile,Tank,1,NA,NA,NA,0.458333333,4/2/19,29.6,7.538604614,2021.01.05_masterSPECsalmonshedTANKdata.xlsx,Tank_1,2012.718,NA,NA,4/2/19
Juvenile,Tank,1,NA,NA,NA,0.458333333,4/2/19,29.6,7.530656965,2021.01.05_masterSPECsalmonshedTANKdata.xlsx,Tank_1,2012.718,NA,NA,4/2/19
Juvenile,Tank,2,NA,NA,NA,0.458333333,4/2/19,29.6,7.083040238,2021.01.05_masterSPECsalmonshedTANKdata.xlsx,Tank_2,2012.718,NA,NA,4/2/19
Juvenile,Tank,6,NA,NA,NA,0.458333333,4/2/19,29.6,6.991481879,2021.01.05_masterSPECsalmonshedTANKdata.xlsx,Tank_6,2012.718,NA,NA,4/2/19
Juvenile,Tank,2,NA,NA,NA,0.458333333,4/2/19,29.6,7.114028529,2021.01.05_masterSPECsalmonshedTANKdata.xlsx,Tank_2,2012.718,NA,NA,4/2/19
Juvenile,Tank,3,NA,NA,NA,0.458333333,4/2/19,29.6,7.543418445,2021.01.05_masterSPECsalmonshedTANKdata.xlsx,Tank_3,2012.718,NA,NA,4/2/19
Juvenile,Tank,3,NA,NA,NA,0.458333333,4/2/19,29.6,7.529215641,2021.01.05_masterSPECsalmonshedTANKdata.xlsx,Tank_3,2012.718,NA,NA,4/2/19
Juvenile,Tank,4,NA,NA,NA,0.458333333,4/2/19,29.6,7.003350839,2021.01.05_masterSPECsalmonshedTANKdata.xlsx,Tank_4,2012.718,NA,NA,4/2/19
Juvenile,Tank,4,NA,NA,NA,0.458333333,4/2/19,29.6,7.008268295,2021.01.05_masterSPECsalmonshedTANKdata.xlsx,Tank_4,2012.718,NA,NA,4/2/19
Juvenile,Tank,5,NA,NA,NA,0.458333333,4/2/19,29.6,7.527912315,2021.01.05_masterSPECsalmonshedTANKdata.xlsx,Tank_5,2012.718,NA,NA,4/2/19
Juvenile,Tank,5,NA,NA,NA,0.458333333,4/2/19,29.6,7.525820815,2021.01.05_masterSPECsalmonshedTANKdata.xlsx,Tank_5,2012.718,NA,NA,4/2/19
Juvenile,Tank,6,NA,NA,NA,0.458333333,4/2/19,29.6,6.930411569,2021.01.05_masterSPECsalmonshedTANKdata.xlsx,Tank_6,2012.718,NA,NA,4/2/19
Juvenile,Tank,1,NA,NA,NA,0.458333333,4/10/19,29.3,7.52403512,2021.01.05_masterSPECsalmonshedTANKdata.xlsx,Tank_1,1997.6145,NA,NA,4/10/19
Juvenile,Tank,2,NA,NA,NA,0.458333333,4/10/19,29.3,6.952970815,2021.01.05_masterSPECsalmonshedTANKdata.xlsx,Tank_2,1997.6145,NA,NA,4/10/19
Juvenile,Tank,2,NA,NA,NA,0.458333333,4/10/19,29.3,6.950649264,2021.01.05_masterSPECsalmonshedTANKdata.xlsx,Tank_2,1997.6145,NA,NA,4/10/19
Juvenile,Tank,3,NA,NA,NA,0.458333333,4/10/19,29.3,7.554335769,2021.01.05_masterSPECsalmonshedTANKdata.xlsx,Tank_3,1997.6145,NA,NA,4/10/19
Juvenile,Tank,3,NA,NA,NA,0.458333333,4/10/19,29.3,7.55475085,2021.01.05_masterSPECsalmonshedTANKdata.xlsx,Tank_3,1997.6145,NA,NA,4/10/19
Juvenile,Tank,4,NA,NA,NA,0.458333333,4/10/19,29.3,6.916065451,2021.01.05_masterSPECsalmonshedTANKdata.xlsx,Tank_4,1997.6145,NA,NA,4/10/19
Juvenile,Tank,4,NA,NA,NA,0.458333333,4/10/19,29.3,6.959012065,2021.01.05_masterSPECsalmonshedTANKdata.xlsx,Tank_4,1997.6145,NA,NA,4/10/19
Juvenile,Tank,5,NA,NA,NA,0.458333333,4/10/19,29.3,7.58547948,2021.01.05_masterSPECsalmonshedTANKdata.xlsx,Tank_5,1997.6145,NA,NA,4/10/19
Juvenile,Tank,5,NA,NA,NA,0.458333333,4/10/19,29.3,7.565215032,2021.01.05_masterSPECsalmonshedTANKdata.xlsx,Tank_5,1997.6145,NA,NA,4/10/19
Juvenile,Tank,6,NA,NA,NA,0.458333333,4/10/19,29.3,6.973140527,2021.01.05_masterSPECsalmonshedTANKdata.xlsx,Tank_6,1997.6145,NA,NA,4/10/19
Juvenile,Tank,6,NA,NA,NA,0.458333333,4/10/19,29.3,7.031690524,2021.01.05_masterSPECsalmonshedTANKdata.xlsx,Tank_6,1997.6145,NA,NA,4/10/19
Juvenile,Tank,1,NA,NA,NA,0.458333333,4/19/19,29.4,7.609619216,2021.01.05_masterSPECsalmonshedTANKdata.xlsx,Tank_1,2002.649,NA,NA,4/19/19
Juvenile,Tank,1,NA,NA,NA,0.458333333,4/19/19,29.4,7.612692892,2021.01.05_masterSPECsalmonshedTANKdata.xlsx,Tank_1,2002.649,NA,NA,4/19/19
Juvenile,Tank,2,NA,NA,NA,0.458333333,4/19/19,29.4,6.869751748,2021.01.05_masterSPECsalmonshedTANKdata.xlsx,Tank_2,2002.649,NA,NA,4/19/19
Juvenile,Tank,2,NA,NA,NA,0.458333333,4/19/19,29.4,6.817016742,2021.01.05_masterSPECsalmonshedTANKdata.xlsx,Tank_2,2002.649,NA,NA,4/19/19
Juvenile,Tank,3,NA,NA,NA,0.458333333,4/19/19,29.4,7.606295878,2021.01.05_masterSPECsalmonshedTANKdata.xlsx,Tank_3,2002.649,NA,NA,4/19/19
Juvenile,Tank,3,NA,NA,NA,0.458333333,4/19/19,29.4,7.611185464,2021.01.05_masterSPECsalmonshedTANKdata.xlsx,Tank_3,2002.649,NA,NA,4/19/19
Juvenile,Tank,4,NA,NA,NA,0.458333333,4/19/19,29.4,6.970908212,2021.01.05_masterSPECsalmonshedTANKdata.xlsx,Tank_4,2002.649,NA,NA,4/19/19
Juvenile,Tank,4,NA,NA,NA,0.458333333,4/19/19,29.4,6.988345064,2021.01.05_masterSPECsalmonshedTANKdata.xlsx,Tank_4,2002.649,NA,NA,4/19/19
Juvenile,Tank,5,NA,NA,NA,0.458333333,4/19/19,29.4,7.603065229,2021.01.05_masterSPECsalmonshedTANKdata.xlsx,Tank_5,2002.649,NA,NA,4/19/19
Juvenile,Tank,5,NA,NA,NA,0.458333333,4/19/19,29.4,7.596672202,2021.01.05_masterSPECsalmonshedTANKdata.xlsx,Tank_5,2002.649,NA,NA,4/19/19
Juvenile,Tank,6,NA,NA,NA,0.458333333,4/19/19,29.4,6.937687831,2021.01.05_masterSPECsalmonshedTANKdata.xlsx,Tank_6,2002.649,NA,NA,4/19/19
Juvenile,Tank,6,NA,NA,NA,0.458333333,4/19/19,29.4,6.984810541,2021.01.05_masterSPECsalmonshedTANKdata.xlsx,Tank_6,2002.649,NA,NA,4/19/19
Juvenile,Tank,1,NA,NA,NA,0.458333333,4/23/19,29.2,7.606717878,2021.01.05_masterSPECsalmonshedTANKdata.xlsx,Tank_1,1992.58,NA,NA,4/23/19
Juvenile,Tank,1,NA,NA,NA,0.458333333,4/23/19,29.2,7.603113062,2021.01.05_masterSPECsalmonshedTANKdata.xlsx,Tank_1,1992.58,NA,NA,4/23/19
Juvenile,Tank,2,NA,NA,NA,0.458333333,4/23/19,29.2,6.944588225,2021.01.05_masterSPECsalmonshedTANKdata.xlsx,Tank_2,1992.58,NA,NA,4/23/19
Juvenile,Tank,2,NA,NA,NA,0.458333333,4/23/19,29.2,6.957788845,2021.01.05_masterSPECsalmonshedTANKdata.xlsx,Tank_2,1992.58,NA,NA,4/23/19
Juvenile,Tank,3,NA,NA,NA,0.458333333,4/23/19,29.2,7.610041216,2021.01.05_masterSPECsalmonshedTANKdata.xlsx,Tank_3,1992.58,NA,NA,4/23/19
Juvenile,Tank,3,NA,NA,NA,0.458333333,4/23/19,29.2,7.625040415,2021.01.05_masterSPECsalmonshedTANKdata.xlsx,Tank_3,1992.58,NA,NA,4/23/19
Juvenile,Tank,4,NA,NA,NA,0.458333333,4/23/19,29.2,6.923455197,2021.01.05_masterSPECsalmonshedTANKdata.xlsx,Tank_4,1992.58,NA,NA,4/23/19
Juvenile,Tank,4,NA,NA,NA,0.458333333,4/23/19,29.2,6.959223065,2021.01.05_masterSPECsalmonshedTANKdata.xlsx,Tank_4,1992.58,NA,NA,4/23/19
Juvenile,Tank,5,NA,NA,NA,0.458333333,4/23/19,29.2,7.603113062,2021.01.05_masterSPECsalmonshedTANKdata.xlsx,Tank_5,1992.58,NA,NA,4/23/19
Juvenile,Tank,5,NA,NA,NA,0.458333333,4/23/19,29.2,7.39743801,2021.01.05_masterSPECsalmonshedTANKdata.xlsx,Tank_5,1992.58,NA,NA,4/23/19
Juvenile,Tank,6,NA,NA,NA,0.458333333,4/23/19,29.2,7.065110653,2021.01.05_masterSPECsalmonshedTANKdata.xlsx,Tank_6,1992.58,NA,NA,4/23/19
Juvenile,Tank,6,NA,NA,NA,0.458333333,4/23/19,29.2,7.076533458,2021.01.05_masterSPECsalmonshedTANKdata.xlsx,Tank_6,1992.58,NA,NA,4/23/19
Juvenile,Tank,3,NA,NA,NA,0.458333333,5/1/19,29.87,7.588164189,2021.01.05_masterSPECsalmonshedTANKdata.xlsx,Tank_3,2026.31115,NA,NA,5/1/19
Juvenile,Tank,3,NA,NA,NA,0.458333333,5/1/19,29.87,7.594096231,2021.01.05_masterSPECsalmonshedTANKdata.xlsx,Tank_3,2026.31115,NA,NA,5/1/19
Juvenile,Tank,2,NA,NA,NA,0.458333333,5/1/19,29.87,6.987353364,2021.01.05_masterSPECsalmonshedTANKdata.xlsx,Tank_2,2026.31115,NA,NA,5/1/19
Juvenile,Tank,2,NA,NA,NA,0.458333333,5/1/19,29.87,7.022979789,2021.01.05_masterSPECsalmonshedTANKdata.xlsx,Tank_2,2026.31115,NA,NA,5/1/19
Juvenile,Tank,1,NA,NA,NA,0.458333333,5/1/19,29.87,7.600364436,2021.01.05_masterSPECsalmonshedTANKdata.xlsx,Tank_1,2026.31115,NA,NA,5/1/19
Juvenile,Tank,1,NA,NA,NA,0.458333333,5/1/19,29.87,7.595874875,2021.01.05_masterSPECsalmonshedTANKdata.xlsx,Tank_1,2026.31115,NA,NA,5/1/19
Juvenile,Tank,1,NA,NA,NA,0.458333333,5/1/19,29.87,7.605304178,2021.01.05_masterSPECsalmonshedTANKdata.xlsx,Tank_1,2026.31115,NA,NA,5/1/19
Juvenile,Tank,1,NA,NA,NA,0.458333333,5/1/19,29.87,7.603718941,2021.01.05_masterSPECsalmonshedTANKdata.xlsx,Tank_1,2026.31115,NA,NA,5/1/19
Juvenile,Tank,4,NA,NA,NA,0.458333333,5/1/19,29.87,6.907779103,2021.01.05_masterSPECsalmonshedTANKdata.xlsx,Tank_4,2026.31115,NA,NA,5/1/19
Juvenile,Tank,4,NA,NA,NA,0.458333333,5/1/19,29.87,6.969916512,2021.01.05_masterSPECsalmonshedTANKdata.xlsx,Tank_4,2026.31115,NA,NA,5/1/19
Juvenile,Tank,4,NA,NA,NA,0.458333333,5/1/19,29.87,6.781692237,2021.01.05_masterSPECsalmonshedTANKdata.xlsx,Tank_4,2026.31115,NA,NA,5/1/19
Juvenile,Tank,4,NA,NA,NA,0.458333333,5/1/19,29.87,7.190357645,2021.01.05_masterSPECsalmonshedTANKdata.xlsx,Tank_4,2026.31115,NA,NA,5/1/19
Juvenile,Tank,5,NA,NA,NA,0.458333333,5/1/19,29.87,7.588334121,2021.01.05_masterSPECsalmonshedTANKdata.xlsx,Tank_5,2026.31115,NA,NA,5/1/19
Juvenile,Tank,5,NA,NA,NA,0.458333333,5/1/19,29.87,7.597588962,2021.01.05_masterSPECsalmonshedTANKdata.xlsx,Tank_5,2026.31115,NA,NA,5/1/19
Juvenile,Tank,5,NA,NA,NA,0.458333333,5/1/19,29.87,7.362763498,2021.01.05_masterSPECsalmonshedTANKdata.xlsx,Tank_5,2026.31115,NA,NA,5/1/19
Juvenile,Tank,5,NA,NA,NA,0.458333333,5/1/19,29.87,7.616837001,2021.01.05_masterSPECsalmonshedTANKdata.xlsx,Tank_5,2026.31115,NA,NA,5/1/19
Juvenile,Tank,6,NA,NA,NA,0.458333333,5/1/19,29.87,7.005397928,2021.01.05_masterSPECsalmonshedTANKdata.xlsx,Tank_6,2026.31115,NA,NA,5/1/19
Juvenile,Tank,6,NA,NA,NA,0.458333333,5/1/19,29.87,7.043511335,2021.01.05_masterSPECsalmonshedTANKdata.xlsx,Tank_6,2026.31115,NA,NA,5/1/19
Juvenile,Tank,1,NA,NA,NA,0.458333333,5/8/19,29.5,7.613933759,2021.01.05_masterSPECsalmonshedTANKdata.xlsx,Tank_1,2007.6835,NA,NA,5/8/19
Juvenile,Tank,1,NA,NA,NA,0.458333333,5/8/19,29.5,7.604499641,2021.01.05_masterSPECsalmonshedTANKdata.xlsx,Tank_1,2007.6835,NA,NA,5/8/19
Juvenile,Tank,2,NA,NA,NA,0.458333333,5/8/19,29.5,7.015443817,2021.01.05_masterSPECsalmonshedTANKdata.xlsx,Tank_2,2007.6835,NA,NA,5/8/19
Juvenile,Tank,2,NA,NA,NA,0.458333333,5/8/19,29.5,7.021084409,2021.01.05_masterSPECsalmonshedTANKdata.xlsx,Tank_2,2007.6835,NA,NA,5/8/19
Juvenile,Tank,3,NA,NA,NA,0.458333333,5/8/19,29.5,7.630901596,2021.01.05_masterSPECsalmonshedTANKdata.xlsx,Tank_3,2007.6835,NA,NA,5/8/19
Juvenile,Tank,3,NA,NA,NA,0.458333333,5/8/19,29.5,7.622287558,2021.01.05_masterSPECsalmonshedTANKdata.xlsx,Tank_3,2007.6835,NA,NA,5/8/19
Juvenile,Tank,4,NA,NA,NA,0.458333333,5/8/19,29.5,6.856162353,2021.01.05_masterSPECsalmonshedTANKdata.xlsx,Tank_4,2007.6835,NA,NA,5/8/19
Juvenile,Tank,4,NA,NA,NA,0.458333333,5/8/19,29.5,6.965820659,2021.01.05_masterSPECsalmonshedTANKdata.xlsx,Tank_4,2007.6835,NA,NA,5/8/19
Juvenile,Tank,5,NA,NA,NA,0.458333333,5/8/19,29.5,7.614814315,2021.01.05_masterSPECsalmonshedTANKdata.xlsx,Tank_5,2007.6835,NA,NA,5/8/19
Juvenile,Tank,6,NA,NA,NA,0.458333333,5/8/19,29.5,6.963882712,2021.01.05_masterSPECsalmonshedTANKdata.xlsx,Tank_6,2007.6835,NA,NA,5/8/19
Juvenile,Tank,6,NA,NA,NA,0.458333333,5/8/19,29.5,7.017096371,2021.01.05_masterSPECsalmonshedTANKdata.xlsx,Tank_6,2007.6835,NA,NA,5/8/19
Juvenile,Tank,1,NA,NA,NA,0.458333333,5/22/19,29.5,7.617985176,2021.01.05_masterSPECsalmonshedTANKdata.xlsx,Tank_1,2007.6835,NA,NA,5/22/19
Juvenile,Tank,1,NA,NA,NA,0.458333333,5/22/19,29.5,7.604499641,2021.01.05_masterSPECsalmonshedTANKdata.xlsx,Tank_1,2007.6835,NA,NA,5/22/19
Juvenile,Tank,2,NA,NA,NA,0.458333333,5/22/19,29.5,6.973152687,2021.01.05_masterSPECsalmonshedTANKdata.xlsx,Tank_2,2007.6835,NA,NA,5/22/19
Juvenile,Tank,2,NA,NA,NA,0.458333333,5/22/19,29.5,7.021084409,2021.01.05_masterSPECsalmonshedTANKdata.xlsx,Tank_2,2007.6835,NA,NA,5/22/19
Juvenile,Tank,3,NA,NA,NA,0.458333333,5/22/19,29.5,7.61533309,2021.01.05_masterSPECsalmonshedTANKdata.xlsx,Tank_3,2007.6835,NA,NA,5/22/19
Juvenile,Tank,3,NA,NA,NA,0.458333333,5/22/19,29.5,7.606084878,2021.01.05_masterSPECsalmonshedTANKdata.xlsx,Tank_3,2007.6835,NA,NA,5/22/19
Juvenile,Tank,4,NA,NA,NA,0.458333333,5/22/19,29.5,6.922822197,2021.01.05_masterSPECsalmonshedTANKdata.xlsx,Tank_4,2007.6835,NA,NA,5/22/19
Juvenile,Tank,4,NA,NA,NA,0.458333333,5/22/19,29.5,6.901568451,2021.01.05_masterSPECsalmonshedTANKdata.xlsx,Tank_4,2007.6835,NA,NA,5/22/19
Juvenile,Tank,5,NA,NA,NA,0.458333333,5/22/19,29.5,7.656175796,2021.01.05_masterSPECsalmonshedTANKdata.xlsx,Tank_5,2007.6835,NA,NA,5/22/19
Juvenile,Tank,5,NA,NA,NA,0.458333333,5/22/19,29.5,7.683713846,2021.01.05_masterSPECsalmonshedTANKdata.xlsx,Tank_5,2007.6835,NA,NA,5/22/19
Juvenile,Tank,6,NA,NA,NA,0.458333333,5/22/19,29.5,6.841259783,2021.01.05_masterSPECsalmonshedTANKdata.xlsx,Tank_6,2007.6835,NA,NA,5/22/19
Juvenile,Tank,6,NA,NA,NA,0.458333333,5/22/19,29.5,7.226637847,2021.01.05_masterSPECsalmonshedTANKdata.xlsx,Tank_6,2007.6835,NA,NA,5/22/19
Juvenile,Tank,6,NA,NA,NA,0.458333333,5/29/19,29.5,7.159919433,2021.01.05_masterSPECsalmonshedTANKdata.xlsx,Tank_6,2007.6835,NA,NA,5/29/19
Juvenile,Tank,6,NA,NA,NA,0.458333333,5/29/19,29.5,7.031268524,2021.01.05_masterSPECsalmonshedTANKdata.xlsx,Tank_6,2007.6835,NA,NA,5/29/19
Juvenile,Tank,3,NA,NA,NA,0.458333333,5/29/19,29.5,7.613933759,2021.01.05_masterSPECsalmonshedTANKdata.xlsx,Tank_3,2007.6835,NA,NA,5/29/19
Juvenile,Tank,3,NA,NA,NA,0.458333333,5/29/19,29.5,7.593029996,2021.01.05_masterSPECsalmonshedTANKdata.xlsx,Tank_3,2007.6835,NA,NA,5/29/19
Juvenile,Tank,5,NA,NA,NA,0.458333333,5/29/19,29.5,7.591110744,2021.01.05_masterSPECsalmonshedTANKdata.xlsx,Tank_5,2007.6835,NA,NA,5/29/19
Juvenile,Tank,5,NA,NA,NA,0.458333333,5/29/19,29.5,7.592557127,2021.01.05_masterSPECsalmonshedTANKdata.xlsx,Tank_5,2007.6835,NA,NA,5/29/19
Juvenile,Tank,1,NA,NA,NA,0.458333333,5/29/19,29.5,7.628881506,2021.01.05_masterSPECsalmonshedTANKdata.xlsx,Tank_1,2007.6835,NA,NA,5/29/19
Juvenile,Tank,1,NA,NA,NA,0.458333333,5/29/19,29.5,7.620607396,2021.01.05_masterSPECsalmonshedTANKdata.xlsx,Tank_1,2007.6835,NA,NA,5/29/19
Juvenile,Tank,2,NA,NA,NA,0.458333333,5/29/19,29.5,6.981526474,2021.01.05_masterSPECsalmonshedTANKdata.xlsx,Tank_2,2007.6835,NA,NA,5/29/19
Juvenile,Tank,2,NA,NA,NA,0.458333333,5/29/19,29.5,6.988134064,2021.01.05_masterSPECsalmonshedTANKdata.xlsx,Tank_2,2007.6835,NA,NA,5/29/19
Juvenile,Tank,4,NA,NA,NA,0.458333333,5/29/19,29.5,7.078398661,2021.01.05_masterSPECsalmonshedTANKdata.xlsx,Tank_4,2007.6835,NA,NA,5/29/19
Juvenile,Tank,4,NA,NA,NA,0.458333333,5/29/19,29.5,7.064477653,2021.01.05_masterSPECsalmonshedTANKdata.xlsx,Tank_4,2007.6835,NA,NA,5/29/19
Juvenile,Tank,1,NA,NA,NA,0.458333333,6/5/19,29.2,7.674715373,2021.01.05_masterSPECsalmonshedTANKdata.xlsx,Tank_1,1992.58,NA,NA,6/5/19
Juvenile,Tank,1,NA,NA,NA,0.458333333,6/5/19,29.2,7.666261624,2021.01.05_masterSPECsalmonshedTANKdata.xlsx,Tank_1,1992.58,NA,NA,6/5/19
Juvenile,Tank,2,NA,NA,NA,0.458333333,6/5/19,29.2,7.108092986,2021.01.05_masterSPECsalmonshedTANKdata.xlsx,Tank_2,1992.58,NA,NA,6/5/19
Juvenile,Tank,3,NA,NA,NA,0.458333333,6/5/19,29.2,7.635936486,2021.01.05_masterSPECsalmonshedTANKdata.xlsx,Tank_3,1992.58,NA,NA,6/5/19
Juvenile,Tank,2,NA,NA,NA,0.458333333,6/5/19,29.2,7.092314115,2021.01.05_masterSPECsalmonshedTANKdata.xlsx,Tank_2,1992.58,NA,NA,6/5/19
Juvenile,Tank,3,NA,NA,NA,0.458333333,6/5/19,29.2,7.645164501,2021.01.05_masterSPECsalmonshedTANKdata.xlsx,Tank_3,1992.58,NA,NA,6/5/19
Juvenile,Tank,4,NA,NA,NA,0.458333333,6/5/19,29.2,7.255366412,2021.01.05_masterSPECsalmonshedTANKdata.xlsx,Tank_4,1992.58,NA,NA,6/5/19
Juvenile,Tank,4,NA,NA,NA,0.458333333,6/5/19,29.2,7.212756195,2021.01.05_masterSPECsalmonshedTANKdata.xlsx,Tank_4,1992.58,NA,NA,6/5/19
Juvenile,Tank,5,NA,NA,NA,0.458333333,6/5/19,29.2,7.603247056,2021.01.05_masterSPECsalmonshedTANKdata.xlsx,Tank_5,1992.58,NA,NA,6/5/19
Juvenile,Tank,5,NA,NA,NA,0.458333333,6/5/19,29.2,7.648234882,2021.01.05_masterSPECsalmonshedTANKdata.xlsx,Tank_5,1992.58,NA,NA,6/5/19
Juvenile,Tank,6,NA,NA,NA,0.458333333,6/5/19,29.2,7.079031661,2021.01.05_masterSPECsalmonshedTANKdata.xlsx,Tank_6,1992.58,NA,NA,6/5/19
Juvenile,Tank,6,NA,NA,NA,0.458333333,6/5/19,29.2,7.038371549,2021.01.05_masterSPECsalmonshedTANKdata.xlsx,Tank_6,1992.58,NA,NA,6/5/19
Juvenile,Tank,1,NA,NA,NA,0.520833333,6/13/19,29.6,7.632055373,2021.01.05_masterSPECsalmonshedTANKdata.xlsx,Tank_1,2012.718,NA,NA,6/13/19
Juvenile,Tank,1,NA,NA,NA,0.520833333,6/13/19,29.6,7.632055373,2021.01.05_masterSPECsalmonshedTANKdata.xlsx,Tank_1,2012.718,NA,NA,6/13/19
Juvenile,Tank,2,NA,NA,NA,0.520833333,6/13/19,29.6,6.951246831,2021.01.05_masterSPECsalmonshedTANKdata.xlsx,Tank_2,2012.718,NA,NA,6/13/19
Juvenile,Tank,2,NA,NA,NA,0.520833333,6/13/19,29.6,6.950303139,2021.01.05_masterSPECsalmonshedTANKdata.xlsx,Tank_2,2012.718,NA,NA,6/13/19
Juvenile,Tank,3,NA,NA,NA,0.520833333,6/13/19,29.6,7.645089915,2021.01.05_masterSPECsalmonshedTANKdata.xlsx,Tank_3,2012.718,NA,NA,6/13/19
Juvenile,Tank,3,NA,NA,NA,0.520833333,6/13/19,29.6,7.633103639,2021.01.05_masterSPECsalmonshedTANKdata.xlsx,Tank_3,2012.718,NA,NA,6/13/19
Juvenile,Tank,4,NA,NA,NA,0.520833333,6/13/19,29.6,6.997397401,2021.01.05_masterSPECsalmonshedTANKdata.xlsx,Tank_4,2012.718,NA,NA,6/13/19
Juvenile,Tank,4,NA,NA,NA,0.520833333,6/13/19,29.6,6.987923064,2021.01.05_masterSPECsalmonshedTANKdata.xlsx,Tank_4,2012.718,NA,NA,6/13/19
Juvenile,Tank,5,NA,NA,NA,0.520833333,6/13/19,29.6,7.637098881,2021.01.05_masterSPECsalmonshedTANKdata.xlsx,Tank_5,2012.718,NA,NA,6/13/19
Juvenile,Tank,5,NA,NA,NA,0.520833333,6/13/19,29.6,7.656053007,2021.01.05_masterSPECsalmonshedTANKdata.xlsx,Tank_5,2012.718,NA,NA,6/13/19
Juvenile,Tank,6,NA,NA,NA,0.520833333,6/13/19,29.6,6.978618968,2021.01.05_masterSPECsalmonshedTANKdata.xlsx,Tank_6,2012.718,NA,NA,6/13/19
Juvenile,Tank,6,NA,NA,NA,0.520833333,6/13/19,29.6,7.107248986,2021.01.05_masterSPECsalmonshedTANKdata.xlsx,Tank_6,2012.718,NA,NA,6/13/19
Juvenile,Tank,6,NA,NA,NA,0.458333333,6/21/19,29.6,6.972941687,2021.01.05_masterSPECsalmonshedTANKdata.xlsx,Tank_6,2012.718,NA,NA,6/21/19
Juvenile,Tank,6,NA,NA,NA,0.458333333,6/21/19,29.6,7.051556446,2021.01.05_masterSPECsalmonshedTANKdata.xlsx,Tank_6,2012.718,NA,NA,6/21/19
Juvenile,Tank,5,NA,NA,NA,0.458333333,6/21/19,29.6,7.664433414,2021.01.05_masterSPECsalmonshedTANKdata.xlsx,Tank_5,2012.718,NA,NA,6/21/19
Juvenile,Tank,5,NA,NA,NA,0.458333333,6/21/19,29.6,7.664433414,2021.01.05_masterSPECsalmonshedTANKdata.xlsx,Tank_5,2012.718,NA,NA,6/21/19
Juvenile,Tank,4,NA,NA,NA,0.458333333,6/21/19,29.6,7.022293331,2021.01.05_masterSPECsalmonshedTANKdata.xlsx,Tank_4,2012.718,NA,NA,6/21/19
Juvenile,Tank,4,NA,NA,NA,0.458333333,6/21/19,29.6,7.023549489,2021.01.05_masterSPECsalmonshedTANKdata.xlsx,Tank_4,2012.718,NA,NA,6/21/19
Juvenile,Tank,3,NA,NA,NA,0.458333333,6/21/19,29.6,7.653706604,2021.01.05_masterSPECsalmonshedTANKdata.xlsx,Tank_3,2012.718,NA,NA,6/21/19
Juvenile,Tank,4,NA,NA,NA,0.458333333,6/21/19,29.6,7.630968569,2021.01.05_masterSPECsalmonshedTANKdata.xlsx,Tank_4,2012.718,NA,NA,6/21/19
Juvenile,Tank,2,NA,NA,NA,0.458333333,6/21/19,29.6,7.015232817,2021.01.05_masterSPECsalmonshedTANKdata.xlsx,Tank_2,2012.718,NA,NA,6/21/19
Juvenile,Tank,2,NA,NA,NA,0.458333333,6/21/19,29.6,7.015232817,2021.01.05_masterSPECsalmonshedTANKdata.xlsx,Tank_2,2012.718,NA,NA,6/21/19
Juvenile,Tank,1,NA,NA,NA,0.458333333,6/21/19,29.6,7.658884901,2021.01.05_masterSPECsalmonshedTANKdata.xlsx,Tank_1,2012.718,NA,NA,6/21/19
Juvenile,Tank,1,NA,NA,NA,0.458333333,6/21/19,29.6,7.658317098,2021.01.05_masterSPECsalmonshedTANKdata.xlsx,Tank_1,2012.718,NA,NA,6/21/19
Juvenile,Tank,1,NA,NA,NA,0.458333333,7/3/19,29.6,7.600349641,2021.01.05_masterSPECsalmonshedTANKdata.xlsx,Tank_1,2012.718,NA,NA,7/3/19
Juvenile,Tank,1,NA,NA,NA,0.458333333,7/3/19,29.6,7.613722759,2021.01.05_masterSPECsalmonshedTANKdata.xlsx,Tank_1,2012.718,NA,NA,7/3/19
Juvenile,Tank,2,NA,NA,NA,0.458333333,7/3/19,29.6,6.94333699,2021.01.05_masterSPECsalmonshedTANKdata.xlsx,Tank_2,2012.718,NA,NA,7/3/19
Juvenile,Tank,2,NA,NA,NA,0.458333333,7/3/19,29.6,6.891037644,2021.01.05_masterSPECsalmonshedTANKdata.xlsx,Tank_2,2012.718,NA,NA,7/3/19
Juvenile,Tank,3,NA,NA,NA,0.458333333,7/3/19,29.6,7.617901928,2021.01.05_masterSPECsalmonshedTANKdata.xlsx,Tank_3,2012.718,NA,NA,7/3/19
Juvenile,Tank,3,NA,NA,NA,0.458333333,7/3/19,29.6,7.631652451,2021.01.05_masterSPECsalmonshedTANKdata.xlsx,Tank_3,2012.718,NA,NA,7/3/19
Juvenile,Tank,4,NA,NA,NA,0.458333333,7/3/19,29.6,7.250853694,2021.01.05_masterSPECsalmonshedTANKdata.xlsx,Tank_4,2012.718,NA,NA,7/3/19
Juvenile,Tank,4,NA,NA,NA,0.458333333,7/3/19,29.6,7.173190838,2021.01.05_masterSPECsalmonshedTANKdata.xlsx,Tank_4,2012.718,NA,NA,7/3/19
Juvenile,Tank,5,NA,NA,NA,0.458333333,7/3/19,29.6,7.62012766,2021.01.05_masterSPECsalmonshedTANKdata.xlsx,Tank_5,2012.718,NA,NA,7/3/19
Juvenile,Tank,5,NA,NA,NA,0.458333333,7/3/19,29.6,7.624196415,2021.01.05_masterSPECsalmonshedTANKdata.xlsx,Tank_5,2012.718,NA,NA,7/3/19
Juvenile,Tank,6,NA,NA,NA,0.458333333,7/3/19,29.6,7.032897721,2021.01.05_masterSPECsalmonshedTANKdata.xlsx,Tank_6,2012.718,NA,NA,7/3/19