,salinity,ObservationDate,treatment,location,sensortype
1,28.27,1/8/18,ambient,salmonShed,OrionStarA112
2,28.27,1/8/18,ambient,salmonShed,OrionStarA112
3,28.27,1/8/18,ambient,salmonShed,OrionStarA112
4,28.27,1/12/18,ambient,salmonShed,OrionStarA112
5,28.27,1/12/18,ambient,salmonShed,OrionStarA112
6,28.27,1/12/18,ambient,salmonShed,OrionStarA112
7,28.27,1/12/18,ambient,salmonShed,OrionStarA112
8,28.27,1/16/18,ambient,salmonShed,OrionStarA112
9,28.27,1/16/18,ambient,salmonShed,OrionStarA112
10,28.27,1/16/18,ambient,salmonShed,OrionStarA112
11,28.27,1/16/18,ambient,salmonShed,OrionStarA112
12,28.27,2/1/18,ambient,salmonShed,OrionStarA112
13,28.27,2/1/18,ambient,salmonShed,OrionStarA112
14,28.27,2/1/18,ambient,salmonShed,OrionStarA112
15,28.27,2/1/18,ambient,salmonShed,OrionStarA112
16,28.27,8/23/18,ambient,salmonShed,OrionStarA112
17,28.27,8/23/18,ambient,salmonShed,OrionStarA112
18,28.27,8/23/18,ambient,salmonShed,OrionStarA112
19,28.27,8/23/18,ambient,salmonShed,OrionStarA112
20,28.27,8/23/18,ambient,salmonShed,OrionStarA112
21,28.27,8/23/18,ambient,salmonShed,OrionStarA112
22,28.27,8/23/18,ambient,salmonShed,OrionStarA112
23,28.27,8/23/18,ambient,salmonShed,OrionStarA112
24,28.27,10/2/18,ambient,salmonShed,OrionStarA112
25,28.27,10/2/18,ambient,salmonShed,OrionStarA112
26,28.27,10/2/18,ambient,salmonShed,OrionStarA112
27,28.27,10/2/18,ambient,salmonShed,OrionStarA112
28,28.27,10/2/18,ambient,salmonShed,OrionStarA112
29,28.27,10/2/18,ambient,salmonShed,OrionStarA112
30,28.27,10/2/18,highCO2,salmonShed,OrionStarA112
31,28.27,10/2/18,highCO2,salmonShed,OrionStarA112
32,28.27,10/2/18,highCO2,salmonShed,OrionStarA112
33,28.27,10/2/18,highCO2,salmonShed,OrionStarA112
34,28.27,10/2/18,highCO2,salmonShed,OrionStarA112
35,28.27,10/2/18,highCO2,salmonShed,OrionStarA112
36,28.27,10/9/18,ambient,salmonShed,OrionStarA112
37,28.27,10/9/18,ambient,salmonShed,OrionStarA112
38,28.27,10/9/18,ambient,salmonShed,OrionStarA112
39,28.27,10/9/18,ambient,salmonShed,OrionStarA112
40,28.27,10/9/18,ambient,salmonShed,OrionStarA112
41,28.27,10/9/18,ambient,salmonShed,OrionStarA112
42,28.27,10/9/18,highCO2,salmonShed,OrionStarA112
43,28.27,10/9/18,highCO2,salmonShed,OrionStarA112
44,28.27,10/9/18,highCO2,salmonShed,OrionStarA112
45,28.27,10/9/18,highCO2,salmonShed,OrionStarA112
46,28.27,10/9/18,highCO2,salmonShed,OrionStarA112
47,28.27,10/9/18,highCO2,salmonShed,OrionStarA112
48,28.27,2/6/19,ambient,salmonShed,OrionStarA112
49,28.27,2/6/19,ambient,salmonShed,OrionStarA112
50,28.27,2/6/19,ambient,salmonShed,OrionStarA112
51,28.27,2/6/19,ambient,salmonShed,OrionStarA112
52,28.27,2/6/19,ambient,salmonShed,OrionStarA112
53,28.27,2/6/19,ambient,salmonShed,OrionStarA112
54,28.27,2/6/19,highCO2,salmonShed,OrionStarA112
55,28.27,2/6/19,highCO2,salmonShed,OrionStarA112
56,28.27,2/6/19,highCO2,salmonShed,OrionStarA112
57,28.27,2/6/19,highCO2,salmonShed,OrionStarA112
58,28.27,2/6/19,highCO2,salmonShed,OrionStarA112
59,28.27,2/6/19,highCO2,salmonShed,OrionStarA112
60,28.6,1/18/19,ambient,salmonShed,SENSOREXtorodial
61,28.6,2/20/19,ambient,salmonShed,SENSOREXtorodial
62,28.8,1/3/19,ambient,salmonShed,SENSOREXtorodial
63,28.8,1/6/19,ambient,salmonShed,SENSOREXtorodial
64,28.8,8/10/19,ambient,salmonShed,OrionStarA112
65,28.8,8/10/19,ambient,salmonShed,OrionStarA112
66,28.8,8/10/19,ambient,salmonShed,OrionStarA112
67,28.8,8/10/19,highCO2,salmonShed,OrionStarA112
68,28.8,8/10/19,highCO2,salmonShed,OrionStarA112
69,28.8,8/10/19,highCO2,salmonShed,OrionStarA112
70,28.9,1/19/19,ambient,salmonShed,SENSOREXtorodial
71,28.9,2/19/19,ambient,salmonShed,SENSOREXtorodial
72,28.9,4/18/19,ambient,salmonShed,SENSOREXtorodial
73,29,1/20/19,ambient,salmonShed,SENSOREXtorodial
74,29,2/7/19,ambient,salmonShed,SENSOREXtorodial
75,29,6/3/19,ambient,salmonShed,SENSOREXtorodial
76,29.1,1/4/19,ambient,salmonShed,SENSOREXtorodial
77,29.1,1/7/19,ambient,salmonShed,SENSOREXtorodial
78,29.1,1/10/19,ambient,salmonShed,SENSOREXtorodial
79,29.1,1/17/19,ambient,salmonShed,SENSOREXtorodial
80,29.1,1/21/19,ambient,salmonShed,SENSOREXtorodial
81,29.1,1/22/19,ambient,salmonShed,SENSOREXtorodial
82,29.1,2/8/19,ambient,salmonShed,SENSOREXtorodial
83,29.1,2/17/19,ambient,salmonShed,SENSOREXtorodial
84,29.1,2/23/19,ambient,salmonShed,SENSOREXtorodial
85,29.1,4/17/19,ambient,salmonShed,SENSOREXtorodial
86,29.1,5/15/19,ambient,salmonShed,SENSOREXtorodial
87,29.1,6/4/19,ambient,salmonShed,SENSOREXtorodial
88,29.1,6/6/19,ambient,salmonShed,SENSOREXtorodial
89,29.1,6/7/19,ambient,salmonShed,SENSOREXtorodial
90,29.2,1/11/19,ambient,salmonShed,SENSOREXtorodial
91,29.2,1/23/19,ambient,salmonShed,SENSOREXtorodial
92,29.2,2/15/19,ambient,salmonShed,SENSOREXtorodial
93,29.2,2/21/19,ambient,salmonShed,SENSOREXtorodial
94,29.2,4/4/19,ambient,salmonShed,SENSOREXtorodial
95,29.2,4/5/19,ambient,salmonShed,SENSOREXtorodial
96,29.2,4/6/19,ambient,salmonShed,SENSOREXtorodial
97,29.2,4/23/19,ambient,salmonShed,OrionStarA112
98,29.2,4/23/19,ambient,salmonShed,OrionStarA112
99,29.2,4/23/19,ambient,salmonShed,OrionStarA112
100,29.2,4/23/19,ambient,salmonShed,OrionStarA112
101,29.2,4/23/19,ambient,salmonShed,OrionStarA112
102,29.2,4/23/19,ambient,salmonShed,OrionStarA112
103,29.2,4/23/19,highCO2,salmonShed,OrionStarA112
104,29.2,4/23/19,highCO2,salmonShed,OrionStarA112
105,29.2,4/23/19,highCO2,salmonShed,OrionStarA112
106,29.2,4/23/19,highCO2,salmonShed,OrionStarA112
107,29.2,4/23/19,highCO2,salmonShed,OrionStarA112
108,29.2,4/23/19,highCO2,salmonShed,OrionStarA112
109,29.2,6/5/19,ambient,salmonShed,SENSOREXtorodial
110,29.2,6/5/19,ambient,salmonShed,OrionStarA112
111,29.2,6/5/19,ambient,salmonShed,OrionStarA112
112,29.2,6/5/19,ambient,salmonShed,OrionStarA112
113,29.2,6/5/19,ambient,salmonShed,OrionStarA112
114,29.2,6/5/19,ambient,salmonShed,OrionStarA112
115,29.2,6/5/19,ambient,salmonShed,OrionStarA112
116,29.2,6/5/19,highCO2,salmonShed,OrionStarA112
117,29.2,6/5/19,highCO2,salmonShed,OrionStarA112
118,29.2,6/5/19,highCO2,salmonShed,OrionStarA112
119,29.2,6/5/19,highCO2,salmonShed,OrionStarA112
120,29.2,6/5/19,highCO2,salmonShed,OrionStarA112
121,29.2,6/5/19,highCO2,salmonShed,OrionStarA112
122,29.3,1/25/19,ambient,salmonShed,SENSOREXtorodial
123,29.3,2/1/19,ambient,salmonShed,SENSOREXtorodial
124,29.3,2/3/19,ambient,salmonShed,SENSOREXtorodial
125,29.3,2/4/19,ambient,salmonShed,SENSOREXtorodial
126,29.3,2/13/19,ambient,salmonShed,SENSOREXtorodial
127,29.3,2/16/19,ambient,salmonShed,SENSOREXtorodial
128,29.3,4/10/19,ambient,salmonShed,SENSOREXtorodial
129,29.3,4/10/19,ambient,salmonShed,OrionStarA112
130,29.3,4/10/19,ambient,salmonShed,OrionStarA112
131,29.3,4/10/19,ambient,salmonShed,OrionStarA112
132,29.3,4/10/19,ambient,salmonShed,OrionStarA112
133,29.3,4/10/19,ambient,salmonShed,OrionStarA112
134,29.3,4/10/19,highCO2,salmonShed,OrionStarA112
135,29.3,4/10/19,highCO2,salmonShed,OrionStarA112
136,29.3,4/10/19,highCO2,salmonShed,OrionStarA112
137,29.3,4/10/19,highCO2,salmonShed,OrionStarA112
138,29.3,4/10/19,highCO2,salmonShed,OrionStarA112
139,29.3,4/10/19,highCO2,salmonShed,OrionStarA112
140,29.3,4/12/19,ambient,salmonShed,SENSOREXtorodial
141,29.3,5/5/19,ambient,salmonShed,SENSOREXtorodial
142,29.3,5/17/19,ambient,salmonShed,SENSOREXtorodial
143,29.3,6/1/19,ambient,salmonShed,SENSOREXtorodial
144,29.4,1/5/19,ambient,salmonShed,SENSOREXtorodial
145,29.4,1/8/19,ambient,salmonShed,SENSOREXtorodial
146,29.4,1/9/19,ambient,salmonShed,SENSOREXtorodial
147,29.4,1/24/19,ambient,salmonShed,SENSOREXtorodial
148,29.4,2/14/19,ambient,salmonShed,SENSOREXtorodial
149,29.4,2/18/19,ambient,salmonShed,SENSOREXtorodial
150,29.4,2/22/19,ambient,salmonShed,SENSOREXtorodial
151,29.4,2/24/19,ambient,salmonShed,SENSOREXtorodial
152,29.4,3/5/19,ambient,salmonShed,SENSOREXtorodial
153,29.4,3/14/19,ambient,salmonShed,SENSOREXtorodial
154,29.4,3/15/19,ambient,salmonShed,SENSOREXtorodial
155,29.4,3/23/19,ambient,salmonShed,SENSOREXtorodial
156,29.4,3/24/19,ambient,salmonShed,SENSOREXtorodial
157,29.4,3/25/19,ambient,salmonShed,SENSOREXtorodial
158,29.4,4/7/19,ambient,salmonShed,SENSOREXtorodial
159,29.4,4/11/19,ambient,salmonShed,SENSOREXtorodial
160,29.4,4/19/19,ambient,salmonShed,SENSOREXtorodial
161,29.4,4/19/19,ambient,salmonShed,OrionStarA112
162,29.4,4/19/19,ambient,salmonShed,OrionStarA112
163,29.4,4/19/19,ambient,salmonShed,OrionStarA112
164,29.4,4/19/19,ambient,salmonShed,OrionStarA112
165,29.4,4/19/19,ambient,salmonShed,OrionStarA112
166,29.4,4/19/19,ambient,salmonShed,OrionStarA112
167,29.4,4/19/19,highCO2,salmonShed,OrionStarA112
168,29.4,4/19/19,highCO2,salmonShed,OrionStarA112
169,29.4,4/19/19,highCO2,salmonShed,OrionStarA112
170,29.4,4/19/19,highCO2,salmonShed,OrionStarA112
171,29.4,4/19/19,highCO2,salmonShed,OrionStarA112
172,29.4,4/19/19,highCO2,salmonShed,OrionStarA112
173,29.4,4/23/19,ambient,salmonShed,SENSOREXtorodial
174,29.4,5/4/19,ambient,salmonShed,SENSOREXtorodial
175,29.4,5/6/19,ambient,salmonShed,SENSOREXtorodial
176,29.4,5/8/19,ambient,salmonShed,SENSOREXtorodial
177,29.4,5/13/19,ambient,salmonShed,SENSOREXtorodial
178,29.4,5/18/19,ambient,salmonShed,SENSOREXtorodial
179,29.4,5/19/19,ambient,salmonShed,SENSOREXtorodial
180,29.4,5/23/19,ambient,salmonShed,SENSOREXtorodial
181,29.4,5/28/19,ambient,salmonShed,SENSOREXtorodial
182,29.4,5/29/19,ambient,salmonShed,SENSOREXtorodial
183,29.4,5/30/19,ambient,salmonShed,SENSOREXtorodial
184,29.4,5/31/19,ambient,salmonShed,SENSOREXtorodial
185,29.4,6/2/19,ambient,salmonShed,SENSOREXtorodial
186,29.4,7/2/19,ambient,salmonShed,SENSOREXtorodial
187,29.5,2/6/19,ambient,salmonShed,SENSOREXtorodial
188,29.5,2/12/19,ambient,salmonShed,SENSOREXtorodial
189,29.5,3/1/19,ambient,salmonShed,SENSOREXtorodial
190,29.5,3/3/19,ambient,salmonShed,SENSOREXtorodial
191,29.5,3/4/19,ambient,salmonShed,SENSOREXtorodial
192,29.5,3/7/19,ambient,salmonShed,SENSOREXtorodial
193,29.5,3/8/19,ambient,salmonShed,SENSOREXtorodial
194,29.5,3/8/19,ambient,salmonShed,OrionStarA112
195,29.5,3/8/19,ambient,salmonShed,OrionStarA112
196,29.5,3/8/19,ambient,salmonShed,OrionStarA112
197,29.5,3/8/19,ambient,salmonShed,OrionStarA112
198,29.5,3/8/19,ambient,salmonShed,OrionStarA112
199,29.5,3/8/19,ambient,salmonShed,OrionStarA112
200,29.5,3/8/19,highCO2,salmonShed,OrionStarA112
201,29.5,3/8/19,highCO2,salmonShed,OrionStarA112
202,29.5,3/8/19,highCO2,salmonShed,OrionStarA112
203,29.5,3/8/19,highCO2,salmonShed,OrionStarA112
204,29.5,3/8/19,highCO2,salmonShed,OrionStarA112
205,29.5,3/8/19,highCO2,salmonShed,OrionStarA112
206,29.5,3/20/19,ambient,salmonShed,OrionStarA112
207,29.5,3/20/19,ambient,salmonShed,OrionStarA112
208,29.5,3/20/19,ambient,salmonShed,OrionStarA112
209,29.5,3/20/19,ambient,salmonShed,OrionStarA112
210,29.5,3/20/19,ambient,salmonShed,OrionStarA112
211,29.5,3/20/19,ambient,salmonShed,OrionStarA112
212,29.5,3/20/19,highCO2,salmonShed,OrionStarA112
213,29.5,3/20/19,highCO2,salmonShed,OrionStarA112
214,29.5,3/20/19,highCO2,salmonShed,OrionStarA112
215,29.5,3/20/19,highCO2,salmonShed,OrionStarA112
216,29.5,3/20/19,highCO2,salmonShed,OrionStarA112
217,29.5,3/20/19,highCO2,salmonShed,OrionStarA112
218,29.5,3/26/19,ambient,salmonShed,SENSOREXtorodial
219,29.5,3/27/19,ambient,salmonShed,SENSOREXtorodial
220,29.5,3/27/19,ambient,salmonShed,OrionStarA112
221,29.5,3/27/19,ambient,salmonShed,OrionStarA112
222,29.5,3/27/19,ambient,salmonShed,OrionStarA112
223,29.5,3/27/19,ambient,salmonShed,OrionStarA112
224,29.5,3/27/19,ambient,salmonShed,OrionStarA112
225,29.5,3/27/19,ambient,salmonShed,OrionStarA112
226,29.5,3/27/19,highCO2,salmonShed,OrionStarA112
227,29.5,3/27/19,highCO2,salmonShed,OrionStarA112
228,29.5,3/27/19,highCO2,salmonShed,OrionStarA112
229,29.5,3/27/19,highCO2,salmonShed,OrionStarA112
230,29.5,3/27/19,highCO2,salmonShed,OrionStarA112
231,29.5,3/27/19,highCO2,salmonShed,OrionStarA112
232,29.5,3/28/19,ambient,salmonShed,SENSOREXtorodial
233,29.5,3/29/19,ambient,salmonShed,SENSOREXtorodial
234,29.5,5/3/19,ambient,salmonShed,SENSOREXtorodial
235,29.5,5/7/19,ambient,salmonShed,SENSOREXtorodial
236,29.5,5/8/19,ambient,salmonShed,OrionStarA112
237,29.5,5/8/19,ambient,salmonShed,OrionStarA112
238,29.5,5/8/19,ambient,salmonShed,OrionStarA112
239,29.5,5/8/19,ambient,salmonShed,OrionStarA112
240,29.5,5/8/19,ambient,salmonShed,OrionStarA112
241,29.5,5/8/19,highCO2,salmonShed,OrionStarA112
242,29.5,5/8/19,highCO2,salmonShed,OrionStarA112
243,29.5,5/8/19,highCO2,salmonShed,OrionStarA112
244,29.5,5/8/19,highCO2,salmonShed,OrionStarA112
245,29.5,5/8/19,highCO2,salmonShed,OrionStarA112
246,29.5,5/8/19,highCO2,salmonShed,OrionStarA112
247,29.5,5/9/19,ambient,salmonShed,SENSOREXtorodial
248,29.5,5/11/19,ambient,salmonShed,SENSOREXtorodial
249,29.5,5/20/19,ambient,salmonShed,SENSOREXtorodial
250,29.5,5/22/19,ambient,salmonShed,SENSOREXtorodial
251,29.5,5/22/19,ambient,salmonShed,OrionStarA112
252,29.5,5/22/19,ambient,salmonShed,OrionStarA112
253,29.5,5/22/19,ambient,salmonShed,OrionStarA112
254,29.5,5/22/19,ambient,salmonShed,OrionStarA112
255,29.5,5/22/19,ambient,salmonShed,OrionStarA112
256,29.5,5/22/19,ambient,salmonShed,OrionStarA112
257,29.5,5/22/19,highCO2,salmonShed,OrionStarA112
258,29.5,5/22/19,highCO2,salmonShed,OrionStarA112
259,29.5,5/22/19,highCO2,salmonShed,OrionStarA112
260,29.5,5/22/19,highCO2,salmonShed,OrionStarA112
261,29.5,5/22/19,highCO2,salmonShed,OrionStarA112
262,29.5,5/22/19,highCO2,salmonShed,OrionStarA112
263,29.5,5/24/19,ambient,salmonShed,SENSOREXtorodial
264,29.5,5/25/19,ambient,salmonShed,SENSOREXtorodial
265,29.5,5/26/19,ambient,salmonShed,SENSOREXtorodial
266,29.5,5/27/19,ambient,salmonShed,SENSOREXtorodial
267,29.5,5/29/19,ambient,salmonShed,OrionStarA112
268,29.5,5/29/19,ambient,salmonShed,OrionStarA112
269,29.5,5/29/19,ambient,salmonShed,OrionStarA112
270,29.5,5/29/19,ambient,salmonShed,OrionStarA112
271,29.5,5/29/19,ambient,salmonShed,OrionStarA112
272,29.5,5/29/19,ambient,salmonShed,OrionStarA112
273,29.5,5/29/19,highCO2,salmonShed,OrionStarA112
274,29.5,5/29/19,highCO2,salmonShed,OrionStarA112
275,29.5,5/29/19,highCO2,salmonShed,OrionStarA112
276,29.5,5/29/19,highCO2,salmonShed,OrionStarA112
277,29.5,5/29/19,highCO2,salmonShed,OrionStarA112
278,29.5,5/29/19,highCO2,salmonShed,OrionStarA112
279,29.5,6/16/19,ambient,salmonShed,SENSOREXtorodial
280,29.5,6/17/19,ambient,salmonShed,SENSOREXtorodial
281,29.5,6/18/19,ambient,salmonShed,SENSOREXtorodial
282,29.5,6/19/19,ambient,salmonShed,SENSOREXtorodial
283,29.5,6/20/19,ambient,salmonShed,SENSOREXtorodial
284,29.5,6/22/19,ambient,salmonShed,SENSOREXtorodial
285,29.6,11/22/18,ambient,salmonShed,SENSOREXtorodial
286,29.6,11/23/18,ambient,salmonShed,SENSOREXtorodial
287,29.6,12/15/18,ambient,salmonShed,SENSOREXtorodial
288,29.6,12/30/18,ambient,salmonShed,SENSOREXtorodial
289,29.6,1/12/19,ambient,salmonShed,SENSOREXtorodial
290,29.6,1/26/19,ambient,salmonShed,SENSOREXtorodial
291,29.6,1/27/19,ambient,salmonShed,SENSOREXtorodial
292,29.6,1/28/19,ambient,salmonShed,SENSOREXtorodial
293,29.6,1/29/19,ambient,salmonShed,SENSOREXtorodial
294,29.6,1/30/19,ambient,salmonShed,SENSOREXtorodial
295,29.6,1/31/19,ambient,salmonShed,SENSOREXtorodial
296,29.6,2/5/19,ambient,salmonShed,SENSOREXtorodial
297,29.6,2/11/19,ambient,salmonShed,SENSOREXtorodial
298,29.6,2/25/19,ambient,salmonShed,SENSOREXtorodial
299,29.6,2/26/19,ambient,salmonShed,SENSOREXtorodial
300,29.6,2/27/19,ambient,salmonShed,SENSOREXtorodial
301,29.6,3/2/19,ambient,salmonShed,SENSOREXtorodial
302,29.6,3/6/19,ambient,salmonShed,SENSOREXtorodial
303,29.6,3/9/19,ambient,salmonShed,SENSOREXtorodial
304,29.6,3/10/19,ambient,salmonShed,SENSOREXtorodial
305,29.6,3/12/19,ambient,salmonShed,SENSOREXtorodial
306,29.6,3/13/19,ambient,salmonShed,SENSOREXtorodial
307,29.6,3/16/19,ambient,salmonShed,SENSOREXtorodial
308,29.6,3/17/19,ambient,salmonShed,SENSOREXtorodial
309,29.6,3/19/19,ambient,salmonShed,SENSOREXtorodial
310,29.6,3/22/19,ambient,salmonShed,SENSOREXtorodial
311,29.6,3/30/19,ambient,salmonShed,SENSOREXtorodial
312,29.6,3/31/19,ambient,salmonShed,SENSOREXtorodial
313,29.6,4/2/19,ambient,salmonShed,OrionStarA112
314,29.6,4/2/19,ambient,salmonShed,OrionStarA112
315,29.6,4/2/19,ambient,salmonShed,OrionStarA112
316,29.6,4/2/19,ambient,salmonShed,OrionStarA112
317,29.6,4/2/19,ambient,salmonShed,OrionStarA112
318,29.6,4/2/19,ambient,salmonShed,OrionStarA112
319,29.6,4/2/19,highCO2,salmonShed,OrionStarA112
320,29.6,4/2/19,highCO2,salmonShed,OrionStarA112
321,29.6,4/2/19,highCO2,salmonShed,OrionStarA112
322,29.6,4/2/19,highCO2,salmonShed,OrionStarA112
323,29.6,4/2/19,highCO2,salmonShed,OrionStarA112
324,29.6,4/2/19,highCO2,salmonShed,OrionStarA112
325,29.6,4/8/19,ambient,salmonShed,SENSOREXtorodial
326,29.6,4/13/19,ambient,salmonShed,SENSOREXtorodial
327,29.6,4/20/19,ambient,salmonShed,SENSOREXtorodial
328,29.6,4/21/19,ambient,salmonShed,SENSOREXtorodial
329,29.6,4/24/19,ambient,salmonShed,SENSOREXtorodial
330,29.6,4/25/19,ambient,salmonShed,SENSOREXtorodial
331,29.6,4/26/19,ambient,salmonShed,SENSOREXtorodial
332,29.6,4/27/19,ambient,salmonShed,SENSOREXtorodial
333,29.6,4/28/19,ambient,salmonShed,SENSOREXtorodial
334,29.6,4/29/19,ambient,salmonShed,SENSOREXtorodial
335,29.6,4/30/19,ambient,salmonShed,SENSOREXtorodial
336,29.6,5/2/19,ambient,salmonShed,SENSOREXtorodial
337,29.6,5/21/19,ambient,salmonShed,SENSOREXtorodial
338,29.6,6/8/19,ambient,salmonShed,SENSOREXtorodial
339,29.6,6/9/19,ambient,salmonShed,SENSOREXtorodial
340,29.6,6/10/19,ambient,salmonShed,SENSOREXtorodial
341,29.6,6/11/19,ambient,salmonShed,SENSOREXtorodial
342,29.6,6/12/19,ambient,salmonShed,SENSOREXtorodial
343,29.6,6/13/19,ambient,salmonShed,SENSOREXtorodial
344,29.6,6/13/19,ambient,salmonShed,OrionStarA112
345,29.6,6/13/19,ambient,salmonShed,OrionStarA112
346,29.6,6/13/19,ambient,salmonShed,OrionStarA112
347,29.6,6/13/19,ambient,salmonShed,OrionStarA112
348,29.6,6/13/19,ambient,salmonShed,OrionStarA112
349,29.6,6/13/19,ambient,salmonShed,OrionStarA112
350,29.6,6/13/19,highCO2,salmonShed,OrionStarA112
351,29.6,6/13/19,highCO2,salmonShed,OrionStarA112
352,29.6,6/13/19,highCO2,salmonShed,OrionStarA112
353,29.6,6/13/19,highCO2,salmonShed,OrionStarA112
354,29.6,6/13/19,highCO2,salmonShed,OrionStarA112
355,29.6,6/13/19,highCO2,salmonShed,OrionStarA112
356,29.6,6/14/19,ambient,salmonShed,SENSOREXtorodial
357,29.6,6/21/19,ambient,salmonShed,SENSOREXtorodial
358,29.6,6/21/19,ambient,salmonShed,OrionStarA112
359,29.6,6/21/19,ambient,salmonShed,OrionStarA112
360,29.6,6/21/19,ambient,salmonShed,OrionStarA112
361,29.6,6/21/19,ambient,salmonShed,OrionStarA112
362,29.6,6/21/19,ambient,salmonShed,OrionStarA112
363,29.6,6/21/19,highCO2,salmonShed,OrionStarA112
364,29.6,6/21/19,highCO2,salmonShed,OrionStarA112
365,29.6,6/21/19,highCO2,salmonShed,OrionStarA112
366,29.6,6/21/19,highCO2,salmonShed,OrionStarA112
367,29.6,6/21/19,highCO2,salmonShed,OrionStarA112
368,29.6,6/21/19,highCO2,salmonShed,OrionStarA112
369,29.6,6/21/19,highCO2,salmonShed,OrionStarA112
370,29.6,6/23/19,ambient,salmonShed,SENSOREXtorodial
371,29.6,6/24/19,ambient,salmonShed,SENSOREXtorodial
372,29.6,6/24/19,ambient,ambient_chumhouse,OrionStarA112
373,29.6,6/24/19,ambient,ambient_chumhouse,OrionStarA112
374,29.6,6/24/19,ambient,ambient_chumhouse,OrionStarA112
375,29.6,6/24/19,ambient,ambient_chumhouse,OrionStarA112
376,29.6,6/24/19,ambient,ambient_chumhouse,OrionStarA112
377,29.6,6/24/19,ambient,ambient_chumhouse,OrionStarA112
378,29.6,6/24/19,ambient,ambient_chumhouse,OrionStarA112
379,29.6,6/24/19,ambient,ambient_chumhouse,OrionStarA112
380,29.6,6/24/19,ambient,ambient_chumhouse,OrionStarA112
381,29.6,6/24/19,ambient,ambient_chumhouse,OrionStarA112
382,29.6,6/24/19,ambient,ambient_chumhouse,OrionStarA112
383,29.6,6/24/19,ambient,ambient_chumhouse,OrionStarA112
384,29.6,6/25/19,ambient,salmonShed,SENSOREXtorodial
385,29.6,7/3/19,ambient,salmonShed,SENSOREXtorodial
386,29.6,7/3/19,ambient,salmonShed,OrionStarA112
387,29.6,7/3/19,ambient,salmonShed,OrionStarA112
388,29.6,7/3/19,ambient,salmonShed,OrionStarA112
389,29.6,7/3/19,ambient,salmonShed,OrionStarA112
390,29.6,7/3/19,ambient,salmonShed,OrionStarA112
391,29.6,7/3/19,ambient,salmonShed,OrionStarA112
392,29.6,7/3/19,highCO2,salmonShed,OrionStarA112
393,29.6,7/3/19,highCO2,salmonShed,OrionStarA112
394,29.6,7/3/19,highCO2,salmonShed,OrionStarA112
395,29.6,7/3/19,highCO2,salmonShed,OrionStarA112
396,29.6,7/3/19,highCO2,salmonShed,OrionStarA112
397,29.6,7/6/19,ambient,salmonShed,SENSOREXtorodial
398,29.6,7/7/19,ambient,salmonShed,SENSOREXtorodial
399,29.6,7/11/19,ambient,salmonShed,SENSOREXtorodial
400,29.6,7/26/19,ambient,ambient_chumhouse,OrionStarA112
401,29.6,7/26/19,ambient,ambient_chumhouse,OrionStarA112
402,29.6,8/6/19,ambient,ambient_chumhouse,OrionStarA112
403,29.6,8/6/19,ambient,ambient_chumhouse,OrionStarA112
404,29.6,8/26/19,ambient,ambient_chumhouse,OrionStarA112
405,29.6,8/26/19,ambient,ambient_chumhouse,OrionStarA112
406,29.61,7/15/19,ambient,chumHouse,OrionStarA112
407,29.63,6/26/19,ambient,salmonShed,SENSOREXtorodial
408,29.63,7/19/19,ambient,salmonShed,SENSOREXtorodial
409,29.63,8/9/19,ambient,chumHouse,OrionStarA112
410,29.68,11/14/18,ambient,salmonShed,OrionStarA112
411,29.68,11/14/18,ambient,salmonShed,OrionStarA112
412,29.68,11/14/18,ambient,salmonShed,OrionStarA112
413,29.68,11/14/18,ambient,salmonShed,OrionStarA112
414,29.68,11/14/18,ambient,salmonShed,OrionStarA112
415,29.68,11/14/18,ambient,salmonShed,OrionStarA112
416,29.68,11/14/18,highCO2,salmonShed,OrionStarA112
417,29.68,11/14/18,highCO2,salmonShed,OrionStarA112
418,29.68,11/14/18,highCO2,salmonShed,OrionStarA112
419,29.68,11/14/18,highCO2,salmonShed,OrionStarA112
420,29.68,11/14/18,highCO2,salmonShed,OrionStarA112
421,29.68,11/14/18,highCO2,salmonShed,OrionStarA112
422,29.68,2/21/19,ambient,salmonShed,OrionStarA112
423,29.68,2/21/19,ambient,salmonShed,OrionStarA112
424,29.68,2/21/19,ambient,salmonShed,OrionStarA112
425,29.68,2/21/19,ambient,salmonShed,OrionStarA112
426,29.68,2/21/19,ambient,salmonShed,OrionStarA112
427,29.68,2/21/19,ambient,salmonShed,OrionStarA112
428,29.68,2/21/19,highCO2,salmonShed,OrionStarA112
429,29.68,2/21/19,highCO2,salmonShed,OrionStarA112
430,29.68,2/21/19,highCO2,salmonShed,OrionStarA112
431,29.68,2/21/19,highCO2,salmonShed,OrionStarA112
432,29.68,2/21/19,highCO2,salmonShed,OrionStarA112
433,29.68,2/21/19,highCO2,salmonShed,OrionStarA112
434,29.68,2/27/19,ambient,salmonShed,OrionStarA112
435,29.68,2/27/19,ambient,salmonShed,OrionStarA112
436,29.68,2/27/19,ambient,salmonShed,OrionStarA112
437,29.68,2/27/19,ambient,salmonShed,OrionStarA112
438,29.68,2/27/19,ambient,salmonShed,OrionStarA112
439,29.68,2/27/19,ambient,salmonShed,OrionStarA112
440,29.68,2/27/19,highCO2,salmonShed,OrionStarA112
441,29.68,2/27/19,highCO2,salmonShed,OrionStarA112
442,29.68,2/27/19,highCO2,salmonShed,OrionStarA112
443,29.68,2/27/19,highCO2,salmonShed,OrionStarA112
444,29.68,2/27/19,highCO2,salmonShed,OrionStarA112
445,29.68,2/27/19,highCO2,salmonShed,OrionStarA112
446,29.7,12/11/18,ambient,salmonShed,SENSOREXtorodial
447,29.7,1/13/19,ambient,salmonShed,SENSOREXtorodial
448,29.7,1/14/19,ambient,salmonShed,SENSOREXtorodial
449,29.7,1/15/19,ambient,salmonShed,SENSOREXtorodial
450,29.7,1/16/19,ambient,salmonShed,SENSOREXtorodial
451,29.7,3/18/19,ambient,salmonShed,SENSOREXtorodial
452,29.7,4/1/19,ambient,salmonShed,SENSOREXtorodial
453,29.7,4/2/19,ambient,salmonShed,SENSOREXtorodial
454,29.7,4/3/19,ambient,salmonShed,SENSOREXtorodial
455,29.7,4/22/19,ambient,salmonShed,SENSOREXtorodial
456,29.7,5/1/19,ambient,salmonShed,SENSOREXtorodial
457,29.7,7/8/19,ambient,salmonShed,SENSOREXtorodial
458,29.7,7/9/19,ambient,salmonShed,SENSOREXtorodial
459,29.7,7/18/19,ambient,salmonShed,SENSOREXtorodial
460,29.71,7/18/19,ambient,chumHouse,OrionStarA112
461,29.71,8/9/19,ambient,chumHouse,OrionStarA112
462,29.73,7/15/19,ambient,chumHouse,OrionStarA112
463,29.73,7/15/19,ambient,chumHouse,OrionStarA112
464,29.74,7/17/19,ambient,chumHouse,OrionStarA112
465,29.74,7/18/19,ambient,salmonShed,SENSOREXtorodial
466,29.74,7/19/19,ambient,chumHouse,OrionStarA112
467,29.75,7/15/19,ambient,chumHouse,OrionStarA112
468,29.75,7/15/19,ambient,chumHouse,OrionStarA112
469,29.75,7/15/19,ambient,chumHouse,OrionStarA112
470,29.75,7/18/19,ambient,chumHouse,OrionStarA112
471,29.76,7/15/19,ambient,salmonShed,SENSOREXtorodial
472,29.76,7/18/19,ambient,salmonShed,SENSOREXtorodial
473,29.76,7/18/19,ambient,chumHouse,OrionStarA112
474,29.77,6/21/19,ambient,chumHouse,OrionStarA112
475,29.77,7/22/19,ambient,salmonShed,SENSOREXtorodial
476,29.78,6/21/19,ambient,salmonShed,SENSOREXtorodial
477,29.79,7/17/19,ambient,salmonShed,SENSOREXtorodial
478,29.79,7/17/19,ambient,chumHouse,OrionStarA112
479,29.8,11/25/18,ambient,salmonShed,SENSOREXtorodial
480,29.8,11/27/18,ambient,salmonShed,SENSOREXtorodial
481,29.8,11/28/18,ambient,salmonShed,SENSOREXtorodial
482,29.8,12/19/18,ambient,salmonShed,SENSOREXtorodial
483,29.8,3/20/19,ambient,salmonShed,SENSOREXtorodial
484,29.8,7/17/19,ambient,chumHouse,OrionStarA112
485,29.8,8/9/19,ambient,chumHouse,OrionStarA112
486,29.81,7/17/19,ambient,chumHouse,OrionStarA112
487,29.81,7/17/19,ambient,chumHouse,OrionStarA112
488,29.81,7/24/19,ambient,chumHouse,OrionStarA112
489,29.82,7/17/19,ambient,salmonShed,SENSOREXtorodial
490,29.82,7/17/19,ambient,chumHouse,OrionStarA112
491,29.82,8/5/19,ambient,salmonShed,SENSOREXtorodial
492,29.84,7/17/19,ambient,salmonShed,SENSOREXtorodial
493,29.84,7/17/19,ambient,salmonShed,SENSOREXtorodial
494,29.84,7/19/19,ambient,salmonShed,SENSOREXtorodial
495,29.85,7/17/19,ambient,salmonShed,SENSOREXtorodial
496,29.85,7/19/19,ambient,chumHouse,OrionStarA112
497,29.85,8/5/19,ambient,salmonShed,SENSOREXtorodial
498,29.85,8/5/19,ambient,salmonShed,SENSOREXtorodial
499,29.86,7/24/19,ambient,salmonShed,SENSOREXtorodial
500,29.87,5/1/19,ambient,salmonShed,OrionStarA112
501,29.87,5/1/19,ambient,salmonShed,OrionStarA112
502,29.87,5/1/19,ambient,salmonShed,OrionStarA112
503,29.87,5/1/19,ambient,salmonShed,OrionStarA112
504,29.87,5/1/19,ambient,salmonShed,OrionStarA112
505,29.87,5/1/19,ambient,salmonShed,OrionStarA112
506,29.87,5/1/19,ambient,salmonShed,OrionStarA112
507,29.87,5/1/19,ambient,salmonShed,OrionStarA112
508,29.87,5/1/19,ambient,salmonShed,OrionStarA112
509,29.87,5/1/19,ambient,salmonShed,OrionStarA112
510,29.87,5/1/19,highCO2,salmonShed,OrionStarA112
511,29.87,5/1/19,highCO2,salmonShed,OrionStarA112
512,29.87,5/1/19,highCO2,salmonShed,OrionStarA112
513,29.87,5/1/19,highCO2,salmonShed,OrionStarA112
514,29.87,5/1/19,highCO2,salmonShed,OrionStarA112
515,29.87,5/1/19,highCO2,salmonShed,OrionStarA112
516,29.87,5/1/19,highCO2,salmonShed,OrionStarA112
517,29.87,5/1/19,highCO2,salmonShed,OrionStarA112
518,29.87,7/19/19,ambient,chumHouse,OrionStarA112
519,29.87,7/19/19,ambient,chumHouse,OrionStarA112
520,29.87,8/5/19,ambient,chumHouse,OrionStarA112
521,29.88,2/12/19,ambient,salmonShed,OrionStarA112
522,29.88,2/12/19,ambient,salmonShed,OrionStarA112
523,29.88,2/12/19,ambient,salmonShed,OrionStarA112
524,29.88,2/12/19,ambient,salmonShed,OrionStarA112
525,29.88,2/12/19,ambient,salmonShed,OrionStarA112
526,29.88,2/12/19,ambient,salmonShed,OrionStarA112
527,29.88,2/12/19,highCO2,salmonShed,OrionStarA112
528,29.88,2/12/19,highCO2,salmonShed,OrionStarA112
529,29.88,2/12/19,highCO2,salmonShed,OrionStarA112
530,29.88,2/12/19,highCO2,salmonShed,OrionStarA112
531,29.88,2/12/19,highCO2,salmonShed,OrionStarA112
532,29.88,2/12/19,highCO2,salmonShed,OrionStarA112
533,29.88,7/19/19,ambient,chumHouse,OrionStarA112
534,29.88,7/22/19,ambient,chumHouse,OrionStarA112
535,29.89,7/19/19,ambient,salmonShed,SENSOREXtorodial
536,29.89,7/19/19,ambient,salmonShed,SENSOREXtorodial
537,29.89,7/19/19,ambient,chumHouse,OrionStarA112
538,29.89,8/5/19,ambient,salmonShed,SENSOREXtorodial
539,29.9,11/21/18,ambient,salmonShed,SENSOREXtorodial
540,29.9,11/24/18,ambient,salmonShed,SENSOREXtorodial
541,29.9,12/14/18,ambient,salmonShed,SENSOREXtorodial
542,29.9,12/18/18,ambient,salmonShed,SENSOREXtorodial
543,29.9,12/21/18,ambient,salmonShed,SENSOREXtorodial
544,29.9,12/24/18,ambient,salmonShed,SENSOREXtorodial
545,29.9,12/28/18,ambient,salmonShed,SENSOREXtorodial
546,29.9,12/29/18,ambient,salmonShed,SENSOREXtorodial
547,29.9,12/31/18,ambient,salmonShed,SENSOREXtorodial
548,29.9,1/2/19,ambient,salmonShed,SENSOREXtorodial
549,29.9,7/19/19,ambient,salmonShed,SENSOREXtorodial
550,29.91,6/21/19,ambient,salmonShed,SENSOREXtorodial
551,29.91,6/21/19,ambient,salmonShed,SENSOREXtorodial
552,29.91,7/19/19,ambient,salmonShed,SENSOREXtorodial
553,29.91,7/19/19,ambient,salmonShed,SENSOREXtorodial
554,29.91,7/19/19,ambient,salmonShed,SENSOREXtorodial
555,29.91,7/22/19,ambient,chumHouse,OrionStarA112
556,29.92,6/21/19,ambient,salmonShed,SENSOREXtorodial
557,29.92,7/19/19,ambient,salmonShed,SENSOREXtorodial
558,29.92,7/22/19,ambient,chumHouse,OrionStarA112
559,29.92,7/22/19,ambient,chumHouse,OrionStarA112
560,29.92,8/5/19,ambient,salmonShed,SENSOREXtorodial
561,29.93,6/28/19,ambient,salmonShed,SENSOREXtorodial
562,29.93,6/28/19,ambient,salmonShed,SENSOREXtorodial
563,29.93,7/22/19,ambient,salmonShed,SENSOREXtorodial
564,29.94,7/22/19,ambient,chumHouse,OrionStarA112
565,29.94,7/22/19,ambient,chumHouse,OrionStarA112
566,29.95,6/28/19,ambient,salmonShed,SENSOREXtorodial
567,29.95,7/22/19,ambient,salmonShed,SENSOREXtorodial
568,29.95,7/22/19,ambient,salmonShed,SENSOREXtorodial
569,29.96,7/1/19,ambient,salmonShed,SENSOREXtorodial
570,29.96,7/8/19,ambient,chumHouse,OrionStarA112
571,29.96,7/22/19,ambient,salmonShed,SENSOREXtorodial
572,29.96,7/22/19,ambient,salmonShed,SENSOREXtorodial
573,29.96,7/22/19,ambient,salmonShed,SENSOREXtorodial
574,29.96,7/22/19,ambient,salmonShed,SENSOREXtorodial
575,29.96,7/24/19,ambient,chumHouse,OrionStarA112
576,29.96,8/7/19,ambient,chumHouse,OrionStarA112
577,29.97,7/1/19,ambient,chumHouse,OrionStarA112
578,29.97,7/1/19,ambient,chumHouse,OrionStarA112
579,29.97,7/22/19,ambient,salmonShed,SENSOREXtorodial
580,29.97,8/5/19,ambient,salmonShed,SENSOREXtorodial
581,29.97,8/5/19,ambient,salmonShed,SENSOREXtorodial
582,29.98,6/21/19,ambient,chumHouse,OrionStarA112
583,29.98,6/24/19,ambient,salmonShed,SENSOREXtorodial
584,29.98,6/28/19,ambient,salmonShed,SENSOREXtorodial
585,29.98,6/28/19,ambient,chumHouse,OrionStarA112
586,29.98,7/24/19,ambient,salmonShed,SENSOREXtorodial
587,29.98,7/24/19,ambient,chumHouse,OrionStarA112
588,29.98,8/5/19,ambient,salmonShed,SENSOREXtorodial
589,29.98,8/5/19,ambient,chumHouse,OrionStarA112
590,29.99,8/29/18,ambient,salmonShed,OrionStarA112
591,29.99,8/29/18,ambient,salmonShed,OrionStarA112
592,29.99,8/29/18,ambient,salmonShed,OrionStarA112
593,29.99,8/29/18,highCO2,salmonShed,OrionStarA112
594,29.99,8/29/18,highCO2,salmonShed,OrionStarA112
595,29.99,8/29/18,highCO2,salmonShed,OrionStarA112
596,29.99,6/28/19,ambient,salmonShed,SENSOREXtorodial
597,29.99,7/24/19,ambient,salmonShed,SENSOREXtorodial
598,29.99,7/24/19,ambient,salmonShed,SENSOREXtorodial
599,29.99,7/24/19,ambient,salmonShed,SENSOREXtorodial
600,29.99,7/24/19,ambient,chumHouse,OrionStarA112
601,29.99,8/5/19,ambient,salmonShed,SENSOREXtorodial
602,29.99,8/5/19,ambient,chumHouse,OrionStarA112
603,30,12/13/18,ambient,salmonShed,SENSOREXtorodial
604,30,12/23/18,ambient,salmonShed,SENSOREXtorodial
605,30,12/26/18,ambient,salmonShed,SENSOREXtorodial
606,30,6/21/19,ambient,chumHouse,OrionStarA112
607,30,6/28/19,ambient,chumHouse,OrionStarA112
608,30,7/24/19,ambient,salmonShed,SENSOREXtorodial
609,30,7/24/19,ambient,salmonShed,SENSOREXtorodial
610,30,7/24/19,ambient,chumHouse,OrionStarA112
611,30,7/24/19,ambient,chumHouse,OrionStarA112
612,30,8/5/19,ambient,salmonShed,SENSOREXtorodial
613,30,8/5/19,ambient,chumHouse,OrionStarA112
614,30,8/5/19,ambient,chumHouse,OrionStarA112
615,30,8/5/19,ambient,chumHouse,OrionStarA112
616,30.01,6/21/19,ambient,salmonShed,SENSOREXtorodial
617,30.01,6/21/19,ambient,chumHouse,OrionStarA112
618,30.01,6/21/19,ambient,chumHouse,OrionStarA112
619,30.01,6/21/19,ambient,chumHouse,OrionStarA112
620,30.01,6/28/19,ambient,chumHouse,OrionStarA112
621,30.01,7/24/19,ambient,salmonShed,SENSOREXtorodial
622,30.02,6/26/19,ambient,chumHouse,OrionStarA112
623,30.02,6/28/19,ambient,chumHouse,OrionStarA112
624,30.02,7/24/19,ambient,salmonShed,SENSOREXtorodial
625,30.03,7/1/19,ambient,chumHouse,OrionStarA112
626,30.04,6/24/19,ambient,salmonShed,SENSOREXtorodial
627,30.04,6/28/19,ambient,chumHouse,OrionStarA112
628,30.04,6/28/19,ambient,chumHouse,OrionStarA112
629,30.04,7/1/19,ambient,chumHouse,OrionStarA112
630,30.04,7/1/19,ambient,chumHouse,OrionStarA112
631,30.05,8/7/19,ambient,salmonShed,SENSOREXtorodial
632,30.06,6/26/19,ambient,salmonShed,SENSOREXtorodial
633,30.06,6/26/19,ambient,salmonShed,SENSOREXtorodial
634,30.06,8/7/19,ambient,chumHouse,OrionStarA112
635,30.07,7/1/19,ambient,chumHouse,OrionStarA112
636,30.07,7/10/19,ambient,salmonShed,SENSOREXtorodial
637,30.07,8/7/19,ambient,salmonShed,SENSOREXtorodial
638,30.07,8/7/19,ambient,chumHouse,OrionStarA112
639,30.07,8/7/19,ambient,chumHouse,OrionStarA112
640,30.08,6/26/19,ambient,chumHouse,OrionStarA112
641,30.08,8/7/19,ambient,salmonShed,SENSOREXtorodial
642,30.08,8/7/19,ambient,chumHouse,OrionStarA112
643,30.09,6/24/19,ambient,salmonShed,SENSOREXtorodial
644,30.09,7/8/19,ambient,salmonShed,SENSOREXtorodial
645,30.09,8/7/19,ambient,salmonShed,SENSOREXtorodial
646,30.09,8/7/19,ambient,salmonShed,SENSOREXtorodial
647,30.09,8/7/19,ambient,salmonShed,SENSOREXtorodial
648,30.09,8/7/19,ambient,salmonShed,SENSOREXtorodial
649,30.09,8/7/19,ambient,salmonShed,SENSOREXtorodial
650,30.09,8/7/19,ambient,chumHouse,OrionStarA112
651,30.1,11/20/18,ambient,salmonShed,SENSOREXtorodial
652,30.1,11/26/18,ambient,salmonShed,SENSOREXtorodial
653,30.1,11/30/18,ambient,salmonShed,SENSOREXtorodial
654,30.1,12/1/18,ambient,salmonShed,SENSOREXtorodial
655,30.1,12/2/18,ambient,salmonShed,SENSOREXtorodial
656,30.1,12/3/18,ambient,salmonShed,SENSOREXtorodial
657,30.1,12/16/18,ambient,salmonShed,SENSOREXtorodial
658,30.1,12/22/18,ambient,salmonShed,SENSOREXtorodial
659,30.1,6/24/19,ambient,chumHouse,OrionStarA112
660,30.1,6/24/19,ambient,chumHouse,OrionStarA112
661,30.1,6/26/19,ambient,salmonShed,SENSOREXtorodial
662,30.1,8/7/19,ambient,salmonShed,SENSOREXtorodial
663,30.11,6/26/19,ambient,chumHouse,OrionStarA112
664,30.11,7/1/19,ambient,salmonShed,SENSOREXtorodial
665,30.11,7/8/19,ambient,chumHouse,OrionStarA112
666,30.11,7/15/19,ambient,salmonShed,SENSOREXtorodial
667,30.11,8/7/19,ambient,salmonShed,SENSOREXtorodial
668,30.12,6/26/19,ambient,salmonShed,SENSOREXtorodial
669,30.12,6/26/19,ambient,chumHouse,OrionStarA112
670,30.12,6/26/19,ambient,chumHouse,OrionStarA112
671,30.12,7/8/19,ambient,chumHouse,OrionStarA112
672,30.12,7/12/19,ambient,chumHouse,OrionStarA112
673,30.13,6/24/19,ambient,salmonShed,SENSOREXtorodial
674,30.13,6/24/19,ambient,chumHouse,OrionStarA112
675,30.13,6/24/19,ambient,chumHouse,OrionStarA112
676,30.13,6/24/19,ambient,chumHouse,OrionStarA112
677,30.13,6/26/19,ambient,chumHouse,OrionStarA112
678,30.13,7/1/19,ambient,salmonShed,SENSOREXtorodial
679,30.13,7/8/19,ambient,chumHouse,OrionStarA112
680,30.13,7/8/19,ambient,chumHouse,OrionStarA112
681,30.13,7/10/19,ambient,chumHouse,OrionStarA112
682,30.14,6/24/19,ambient,chumHouse,OrionStarA112
683,30.15,6/24/19,ambient,salmonShed,SENSOREXtorodial
684,30.15,7/1/19,ambient,salmonShed,SENSOREXtorodial
685,30.15,7/8/19,ambient,chumHouse,OrionStarA112
686,30.16,7/1/19,ambient,salmonShed,SENSOREXtorodial
687,30.16,7/10/19,ambient,salmonShed,SENSOREXtorodial
688,30.16,7/10/19,ambient,chumHouse,OrionStarA112
689,30.16,7/12/19,ambient,salmonShed,SENSOREXtorodial
690,30.17,7/12/19,ambient,salmonShed,SENSOREXtorodial
691,30.17,7/12/19,ambient,chumHouse,OrionStarA112
692,30.17,7/12/19,ambient,chumHouse,OrionStarA112
693,30.17,7/12/19,ambient,chumHouse,OrionStarA112
694,30.18,7/10/19,ambient,chumHouse,OrionStarA112
695,30.18,7/10/19,ambient,chumHouse,OrionStarA112
696,30.18,7/10/19,ambient,chumHouse,OrionStarA112
697,30.19,7/8/19,ambient,salmonShed,SENSOREXtorodial
698,30.19,7/10/19,ambient,chumHouse,OrionStarA112
699,30.19,7/12/19,ambient,chumHouse,OrionStarA112
700,30.2,12/5/18,ambient,salmonShed,SENSOREXtorodial
701,30.2,7/8/19,ambient,salmonShed,SENSOREXtorodial
702,30.2,7/10/19,ambient,salmonShed,SENSOREXtorodial
703,30.2,7/10/19,ambient,salmonShed,SENSOREXtorodial
704,30.21,12/17/18,ambient,salmonShed,SENSOREXtorodial
705,30.21,7/10/19,ambient,salmonShed,SENSOREXtorodial
706,30.21,7/12/19,ambient,salmonShed,SENSOREXtorodial
707,30.22,7/10/19,ambient,salmonShed,SENSOREXtorodial
708,30.22,7/12/19,ambient,salmonShed,SENSOREXtorodial
709,30.22,7/12/19,ambient,salmonShed,SENSOREXtorodial
710,30.22,7/12/19,ambient,chumHouse,OrionStarA112
711,30.23,7/8/19,ambient,salmonShed,SENSOREXtorodial
712,30.24,7/15/19,ambient,salmonShed,SENSOREXtorodial
713,30.24,7/15/19,ambient,salmonShed,SENSOREXtorodial
714,30.26,9/11/18,ambient,salmonShed,OrionStarA112
715,30.26,9/11/18,ambient,salmonShed,OrionStarA112
716,30.26,9/11/18,ambient,salmonShed,OrionStarA112
717,30.26,9/11/18,ambient,salmonShed,OrionStarA112
718,30.26,9/11/18,ambient,salmonShed,OrionStarA112
719,30.26,9/11/18,ambient,salmonShed,OrionStarA112
720,30.26,9/11/18,highCO2,salmonShed,OrionStarA112
721,30.26,9/11/18,highCO2,salmonShed,OrionStarA112
722,30.26,9/11/18,highCO2,salmonShed,OrionStarA112
723,30.26,9/11/18,highCO2,salmonShed,OrionStarA112
724,30.26,9/11/18,highCO2,salmonShed,OrionStarA112
725,30.26,9/11/18,highCO2,salmonShed,OrionStarA112
726,30.26,7/15/19,ambient,salmonShed,SENSOREXtorodial
727,30.27,7/8/19,ambient,salmonShed,SENSOREXtorodial
728,30.28,12/12/18,ambient,salmonShed,SENSOREXtorodial
729,30.28,12/12/18,ambient,salmonShed,OrionStarA112
730,30.28,12/12/18,ambient,salmonShed,OrionStarA112
731,30.28,12/12/18,ambient,salmonShed,OrionStarA112
732,30.28,12/12/18,ambient,salmonShed,OrionStarA112
733,30.28,12/12/18,ambient,salmonShed,OrionStarA112
734,30.28,12/12/18,ambient,salmonShed,OrionStarA112
735,30.28,12/12/18,highCO2,salmonShed,OrionStarA112
736,30.28,12/12/18,highCO2,salmonShed,OrionStarA112
737,30.28,12/12/18,highCO2,salmonShed,OrionStarA112
738,30.28,12/12/18,highCO2,salmonShed,OrionStarA112
739,30.28,12/12/18,highCO2,salmonShed,OrionStarA112
740,30.28,12/12/18,highCO2,salmonShed,OrionStarA112
741,30.3,12/4/18,ambient,salmonShed,SENSOREXtorodial
742,30.31,9/19/18,ambient,salmonShed,OrionStarA112
743,30.31,9/19/18,ambient,salmonShed,OrionStarA112
744,30.31,9/19/18,ambient,salmonShed,OrionStarA112
745,30.31,9/19/18,highCO2,salmonShed,OrionStarA112
746,30.31,9/19/18,highCO2,salmonShed,OrionStarA112
747,30.31,9/19/18,highCO2,salmonShed,OrionStarA112
748,30.4,12/20/18,ambient,salmonShed,SENSOREXtorodial
749,30.44,12/20/18,ambient,salmonShed,OrionStarA112
750,30.44,12/20/18,ambient,salmonShed,OrionStarA112
751,30.44,12/20/18,ambient,salmonShed,OrionStarA112
752,30.44,12/20/18,ambient,salmonShed,OrionStarA112
753,30.44,12/20/18,ambient,salmonShed,OrionStarA112
754,30.44,12/20/18,ambient,salmonShed,OrionStarA112
755,30.44,12/20/18,highCO2,salmonShed,OrionStarA112
756,30.44,12/20/18,highCO2,salmonShed,OrionStarA112
757,30.44,12/20/18,highCO2,salmonShed,OrionStarA112
758,30.44,12/20/18,highCO2,salmonShed,OrionStarA112
759,30.44,12/20/18,highCO2,salmonShed,OrionStarA112
760,30.44,12/20/18,highCO2,salmonShed,OrionStarA112
761,30.53,11/28/18,ambient,salmonShed,OrionStarA112
762,30.53,11/28/18,ambient,salmonShed,OrionStarA112
763,30.53,11/28/18,ambient,salmonShed,OrionStarA112
764,30.53,11/28/18,ambient,salmonShed,OrionStarA112
765,30.53,11/28/18,ambient,salmonShed,OrionStarA112
766,30.53,11/28/18,ambient,salmonShed,OrionStarA112
767,30.53,11/28/18,highCO2,salmonShed,OrionStarA112
768,30.53,11/28/18,highCO2,salmonShed,OrionStarA112
769,30.53,11/28/18,highCO2,salmonShed,OrionStarA112
770,30.53,11/28/18,highCO2,salmonShed,OrionStarA112
771,30.53,11/28/18,highCO2,salmonShed,OrionStarA112
772,30.53,11/28/18,highCO2,salmonShed,OrionStarA112
773,30.53,12/4/18,ambient,salmonShed,OrionStarA112
774,30.53,12/4/18,ambient,salmonShed,OrionStarA112
775,30.53,12/4/18,ambient,salmonShed,OrionStarA112
776,30.53,12/4/18,ambient,salmonShed,OrionStarA112
777,30.53,12/4/18,ambient,salmonShed,OrionStarA112
778,30.53,12/4/18,ambient,salmonShed,OrionStarA112
779,30.53,12/4/18,highCO2,salmonShed,OrionStarA112
780,30.53,12/4/18,highCO2,salmonShed,OrionStarA112
781,30.53,12/4/18,highCO2,salmonShed,OrionStarA112
782,30.53,12/4/18,highCO2,salmonShed,OrionStarA112
783,30.53,12/4/18,highCO2,salmonShed,OrionStarA112
784,30.53,12/4/18,highCO2,salmonShed,OrionStarA112
785,30.59,11/7/18,ambient,salmonShed,OrionStarA112
786,30.59,11/7/18,ambient,salmonShed,OrionStarA112
787,30.59,11/7/18,ambient,salmonShed,OrionStarA112
788,30.59,11/7/18,ambient,salmonShed,OrionStarA112
789,30.59,11/7/18,ambient,salmonShed,OrionStarA112
790,30.59,11/7/18,ambient,salmonShed,OrionStarA112
791,30.59,11/7/18,highCO2,salmonShed,OrionStarA112
792,30.59,11/7/18,highCO2,salmonShed,OrionStarA112
793,30.59,11/7/18,highCO2,salmonShed,OrionStarA112
794,30.59,11/7/18,highCO2,salmonShed,OrionStarA112
795,30.59,11/7/18,highCO2,salmonShed,OrionStarA112
796,30.59,11/7/18,highCO2,salmonShed,OrionStarA112
797,30.79,10/24/18,ambient,salmonShed,OrionStarA112
798,30.79,10/24/18,ambient,salmonShed,OrionStarA112
799,30.79,10/24/18,ambient,salmonShed,OrionStarA112
800,30.79,10/24/18,ambient,salmonShed,OrionStarA112
801,30.79,10/24/18,ambient,salmonShed,OrionStarA112
802,30.79,10/24/18,ambient,salmonShed,OrionStarA112
803,30.79,10/24/18,highCO2,salmonShed,OrionStarA112
804,30.79,10/24/18,highCO2,salmonShed,OrionStarA112
805,30.79,10/24/18,highCO2,salmonShed,OrionStarA112
806,30.79,10/24/18,highCO2,salmonShed,OrionStarA112
807,30.79,10/24/18,highCO2,salmonShed,OrionStarA112
808,30.79,10/24/18,highCO2,salmonShed,OrionStarA112
809,30.79,11/21/18,ambient,salmonShed,OrionStarA112
810,30.79,11/21/18,ambient,salmonShed,OrionStarA112
811,30.79,11/21/18,ambient,salmonShed,OrionStarA112
812,30.79,11/21/18,ambient,salmonShed,OrionStarA112
813,30.79,11/21/18,ambient,salmonShed,OrionStarA112
814,30.79,11/21/18,ambient,salmonShed,OrionStarA112
815,30.79,11/21/18,highCO2,salmonShed,OrionStarA112
816,30.79,11/21/18,highCO2,salmonShed,OrionStarA112
817,30.79,11/21/18,highCO2,salmonShed,OrionStarA112
818,30.79,11/21/18,highCO2,salmonShed,OrionStarA112
819,30.79,11/21/18,highCO2,salmonShed,OrionStarA112
820,30.79,11/21/18,highCO2,salmonShed,OrionStarA112
821,30.85,11/29/18,ambient,salmonShed,SENSOREXtorodial