,pH,ObservationDate,treatment,location,sensortype
1,0,10/28/18,ambient,salmonShed,UDA2182durfet
2,0,10/31/18,ambient,salmonShed,UDA2182durfet
3,0,11/5/18,ambient,salmonShed,UDA2182durfet
4,0.78,9/11/18,ambient,salmonShed,UDA2182durfet
5,0.94,9/10/18,ambient,salmonShed,UDA2182durfet
6,1.43,10/29/18,ambient,salmonShed,UDA2182durfet
7,2.4,11/6/18,ambient,salmonShed,UDA2182durfet
8,4.54,11/7/18,ambient,salmonShed,UDA2182durfet
9,4.54,12/15/18,ambient,salmonShed,UDA2182durfet
10,6.852286376,11/21/18,ambient,salmonShed,OceanOptics1.6.7
11,6.872419938,11/21/18,ambient,salmonShed,OceanOptics1.6.7
12,6.942846119,5/1/19,highCO2,salmonShed,OceanOptics1.6.7
13,6.96,4/22/19,highCO2,salmonShed,UDA2182durfet
14,6.964780654,3/27/19,highCO2,salmonShed,OceanOptics1.6.7
15,6.967162114,11/7/18,ambient,salmonShed,OceanOptics1.6.7
16,6.970774165,11/7/18,ambient,salmonShed,OceanOptics1.6.7
17,6.97551742,4/19/19,highCO2,salmonShed,OceanOptics1.6.7
18,6.98,3/9/19,highCO2,salmonShed,UDA2182durfet
19,6.980250351,3/8/19,highCO2,salmonShed,OceanOptics1.6.7
20,6.980921158,11/14/18,ambient,salmonShed,OceanOptics1.6.7
21,6.982670606,3/27/19,highCO2,salmonShed,OceanOptics1.6.7
22,6.988070079,9/11/18,highCO2,salmonShed,OceanOptics1.6.7
23,6.99,3/18/19,highCO2,salmonShed,UDA2182durfet
24,6.991252263,5/22/19,highCO2,salmonShed,OceanOptics1.6.7
25,6.991512193,11/14/18,ambient,salmonShed,OceanOptics1.6.7
26,6.994627835,3/8/19,highCO2,salmonShed,OceanOptics1.6.7
27,7.00430437,5/8/19,highCO2,salmonShed,OceanOptics1.6.7
28,7.005503757,11/14/18,highCO2,salmonShed,OceanOptics1.6.7
29,7.017839285,10/9/18,highCO2,salmonShed,OceanOptics1.6.7
30,7.02,4/6/19,highCO2,salmonShed,UDA2182durfet
31,7.028906578,7/3/19,highCO2,salmonShed,OceanOptics1.6.7
32,7.029855553,4/19/19,highCO2,salmonShed,OceanOptics1.6.7
33,7.03,3/3/19,highCO2,salmonShed,UDA2182durfet
34,7.030251731,9/11/18,highCO2,salmonShed,OceanOptics1.6.7
35,7.036374543,2/12/19,highCO2,salmonShed,OceanOptics1.6.7
36,7.039081513,11/7/18,highCO2,salmonShed,OceanOptics1.6.7
37,7.04,4/27/19,highCO2,salmonShed,UDA2182durfet
38,7.04,6/16/19,highCO2,salmonShed,UDA2182durfet
39,7.05,3/7/19,highCO2,salmonShed,UDA2182durfet
40,7.05,4/23/19,highCO2,salmonShed,UDA2182durfet
41,7.05,5/26/19,highCO2,salmonShed,UDA2182durfet
42,7.05,6/7/19,highCO2,salmonShed,UDA2182durfet
43,7.05,7/6/19,highCO2,salmonShed,UDA2182durfet
44,7.050211662,11/14/18,highCO2,salmonShed,OceanOptics1.6.7
45,7.052094712,2/21/19,highCO2,salmonShed,OceanOptics1.6.7
46,7.054675312,5/22/19,highCO2,salmonShed,OceanOptics1.6.7
47,7.056006462,10/24/18,highCO2,salmonShed,OceanOptics1.6.7
48,7.06,3/2/19,highCO2,salmonShed,UDA2182durfet
49,7.06,7/8/19,highCO2,salmonShed,UDA2182durfet
50,7.062452678,11/14/18,highCO2,salmonShed,OceanOptics1.6.7
51,7.066328252,9/19/18,highCO2,salmonShed,OceanOptics1.6.7
52,7.06723867,11/14/18,highCO2,salmonShed,OceanOptics1.6.7
53,7.067471688,3/27/19,highCO2,salmonShed,OceanOptics1.6.7
54,7.068692064,3/8/19,highCO2,salmonShed,OceanOptics1.6.7
55,7.069360829,12/20/18,highCO2,salmonShed,OceanOptics1.6.7
56,7.07,3/14/19,highCO2,salmonShed,UDA2182durfet
57,7.07,3/14/19,highCO2,salmonShed,UDA2182durfet
58,7.07,5/15/19,highCO2,salmonShed,UDA2182durfet
59,7.072922036,5/1/19,highCO2,salmonShed,OceanOptics1.6.7
60,7.076730155,5/22/19,highCO2,salmonShed,OceanOptics1.6.7
61,7.08,3/4/19,highCO2,salmonShed,UDA2182durfet
62,7.08,5/13/19,highCO2,salmonShed,UDA2182durfet
63,7.08,5/25/19,highCO2,salmonShed,UDA2182durfet
64,7.08,6/12/19,highCO2,salmonShed,UDA2182durfet
65,7.08,6/19/19,highCO2,salmonShed,UDA2182durfet
66,7.08,6/20/19,highCO2,salmonShed,UDA2182durfet
67,7.08,7/11/19,highCO2,salmonShed,UDA2182durfet
68,7.081221591,12/20/18,highCO2,salmonShed,OceanOptics1.6.7
69,7.08274088,2/6/19,highCO2,salmonShed,OceanOptics1.6.7
70,7.083074628,7/3/19,highCO2,salmonShed,OceanOptics1.6.7
71,7.083106801,3/27/19,highCO2,salmonShed,OceanOptics1.6.7
72,7.084528739,11/28/18,highCO2,salmonShed,OceanOptics1.6.7
73,7.085476443,4/23/19,highCO2,salmonShed,OceanOptics1.6.7
74,7.086090636,4/10/19,highCO2,salmonShed,OceanOptics1.6.7
75,7.09,2/25/19,highCO2,salmonShed,UDA2182durfet
76,7.09,3/2/19,highCO2,salmonShed,UDA2182durfet
77,7.09,4/29/19,highCO2,salmonShed,UDA2182durfet
78,7.09,5/4/19,highCO2,salmonShed,UDA2182durfet
79,7.09,6/1/19,highCO2,salmonShed,UDA2182durfet
80,7.09,6/5/19,highCO2,salmonShed,UDA2182durfet
81,7.09,6/17/19,highCO2,salmonShed,UDA2182durfet
82,7.09,7/3/19,highCO2,salmonShed,UDA2182durfet
83,7.092290055,3/20/19,highCO2,salmonShed,OceanOptics1.6.7
84,7.092613176,6/13/19,highCO2,salmonShed,OceanOptics1.6.7
85,7.093595127,6/13/19,highCO2,salmonShed,OceanOptics1.6.7
86,7.093728302,10/24/18,highCO2,salmonShed,OceanOptics1.6.7
87,7.098936244,11/7/18,highCO2,salmonShed,OceanOptics1.6.7
88,7.1,12/12/18,highCO2,salmonShed,UDA2182durfet
89,7.1,1/27/19,highCO2,salmonShed,UDA2182durfet
90,7.1,3/7/19,highCO2,salmonShed,UDA2182durfet
91,7.1,4/18/19,highCO2,salmonShed,UDA2182durfet
92,7.1,4/20/19,highCO2,salmonShed,UDA2182durfet
93,7.1,4/20/19,highCO2,salmonShed,UDA2182durfet
94,7.1,4/24/19,highCO2,salmonShed,UDA2182durfet
95,7.1,5/6/19,highCO2,salmonShed,UDA2182durfet
96,7.1,5/8/19,highCO2,salmonShed,UDA2182durfet
97,7.1,5/12/19,highCO2,salmonShed,UDA2182durfet
98,7.1,5/19/19,highCO2,salmonShed,UDA2182durfet
99,7.100366135,4/19/19,highCO2,salmonShed,OceanOptics1.6.7
100,7.103526198,4/2/19,highCO2,salmonShed,OceanOptics1.6.7
101,7.106314428,4/23/19,highCO2,salmonShed,OceanOptics1.6.7
102,7.11,2/16/19,highCO2,salmonShed,UDA2182durfet
103,7.11,3/13/19,highCO2,salmonShed,UDA2182durfet
104,7.11,5/6/19,highCO2,salmonShed,UDA2182durfet
105,7.11,5/8/19,highCO2,salmonShed,UDA2182durfet
106,7.11,5/13/19,highCO2,salmonShed,UDA2182durfet
107,7.11,5/27/19,highCO2,salmonShed,UDA2182durfet
108,7.110166242,2/12/19,highCO2,salmonShed,OceanOptics1.6.7
109,7.110868005,3/20/19,highCO2,salmonShed,OceanOptics1.6.7
110,7.11173259,2/21/19,highCO2,salmonShed,OceanOptics1.6.7
111,7.11173259,2/27/19,highCO2,salmonShed,OceanOptics1.6.7
112,7.112510499,5/8/19,highCO2,salmonShed,OceanOptics1.6.7
113,7.115048432,6/21/19,highCO2,salmonShed,OceanOptics1.6.7
114,7.116981214,10/24/18,highCO2,salmonShed,OceanOptics1.6.7
115,7.118029112,5/8/19,highCO2,salmonShed,OceanOptics1.6.7
116,7.12,1/29/19,highCO2,salmonShed,UDA2182durfet
117,7.12,2/20/19,highCO2,salmonShed,UDA2182durfet
118,7.12,2/20/19,highCO2,salmonShed,UDA2182durfet
119,7.12,2/21/19,highCO2,salmonShed,UDA2182durfet
120,7.12,3/1/19,highCO2,salmonShed,UDA2182durfet
121,7.12,3/10/19,highCO2,salmonShed,UDA2182durfet
122,7.12,3/13/19,highCO2,salmonShed,UDA2182durfet
123,7.12,4/19/19,highCO2,salmonShed,UDA2182durfet
124,7.12,4/20/19,highCO2,salmonShed,UDA2182durfet
125,7.12,5/5/19,highCO2,salmonShed,UDA2182durfet
126,7.12,6/19/19,highCO2,salmonShed,UDA2182durfet
127,7.12,6/20/19,highCO2,salmonShed,UDA2182durfet
128,7.120097931,4/23/19,highCO2,salmonShed,OceanOptics1.6.7
129,7.120974272,6/13/19,highCO2,salmonShed,OceanOptics1.6.7
130,7.1225614,12/20/18,highCO2,salmonShed,OceanOptics1.6.7
131,7.122779842,4/23/19,highCO2,salmonShed,OceanOptics1.6.7
132,7.12336961,4/10/19,highCO2,salmonShed,OceanOptics1.6.7
133,7.123969289,10/24/18,highCO2,salmonShed,OceanOptics1.6.7
134,7.125798897,4/10/19,highCO2,salmonShed,OceanOptics1.6.7
135,7.126441865,11/28/18,highCO2,salmonShed,OceanOptics1.6.7
136,7.126862468,5/22/19,highCO2,salmonShed,OceanOptics1.6.7
137,7.127452174,5/29/19,highCO2,salmonShed,OceanOptics1.6.7
138,7.13,10/5/18,highCO2,salmonShed,UDA2182durfet
139,7.13,12/4/18,highCO2,salmonShed,UDA2182durfet
140,7.13,1/15/19,highCO2,salmonShed,UDA2182durfet
141,7.13,1/17/19,highCO2,salmonShed,UDA2182durfet
142,7.13,1/28/19,highCO2,salmonShed,UDA2182durfet
143,7.13,2/22/19,highCO2,salmonShed,UDA2182durfet
144,7.13,4/13/19,highCO2,salmonShed,UDA2182durfet
145,7.13,4/18/19,highCO2,salmonShed,UDA2182durfet
146,7.13,4/25/19,highCO2,salmonShed,UDA2182durfet
147,7.13,5/7/19,highCO2,salmonShed,UDA2182durfet
148,7.13,7/1/19,highCO2,salmonShed,UDA2182durfet
149,7.130927099,4/10/19,highCO2,salmonShed,OceanOptics1.6.7
150,7.131854956,6/13/19,highCO2,salmonShed,OceanOptics1.6.7
151,7.134362334,5/29/19,highCO2,salmonShed,OceanOptics1.6.7
152,7.135085062,4/19/19,highCO2,salmonShed,OceanOptics1.6.7
153,7.136665934,12/12/18,ambient,salmonShed,OceanOptics1.6.7
154,7.137796211,5/1/19,highCO2,salmonShed,OceanOptics1.6.7
155,7.14,11/26/18,highCO2,salmonShed,UDA2182durfet
156,7.14,12/13/18,highCO2,salmonShed,UDA2182durfet
157,7.14,12/23/18,highCO2,salmonShed,UDA2182durfet
158,7.14,12/31/18,highCO2,salmonShed,UDA2182durfet
159,7.14,1/4/19,highCO2,salmonShed,UDA2182durfet
160,7.14,1/11/19,highCO2,salmonShed,UDA2182durfet
161,7.14,1/16/19,highCO2,salmonShed,UDA2182durfet
162,7.14,1/18/19,highCO2,salmonShed,UDA2182durfet
163,7.14,1/18/19,highCO2,salmonShed,UDA2182durfet
164,7.14,1/28/19,highCO2,salmonShed,UDA2182durfet
165,7.14,1/29/19,highCO2,salmonShed,UDA2182durfet
166,7.14,3/4/19,highCO2,salmonShed,UDA2182durfet
167,7.14,3/9/19,highCO2,salmonShed,UDA2182durfet
168,7.14,3/12/19,highCO2,salmonShed,UDA2182durfet
169,7.14,3/26/19,highCO2,salmonShed,UDA2182durfet
170,7.14,3/28/19,highCO2,salmonShed,UDA2182durfet
171,7.14,3/28/19,highCO2,salmonShed,UDA2182durfet
172,7.14,4/19/19,highCO2,salmonShed,UDA2182durfet
173,7.14,4/22/19,highCO2,salmonShed,UDA2182durfet
174,7.14,4/30/19,highCO2,salmonShed,UDA2182durfet
175,7.14,5/1/19,highCO2,salmonShed,UDA2182durfet
176,7.14,5/1/19,highCO2,salmonShed,UDA2182durfet
177,7.14,5/3/19,highCO2,salmonShed,UDA2182durfet
178,7.14,5/7/19,highCO2,salmonShed,UDA2182durfet
179,7.14,5/8/19,highCO2,salmonShed,UDA2182durfet
180,7.14,6/25/19,highCO2,salmonShed,UDA2182durfet
181,7.141769978,6/13/19,highCO2,salmonShed,OceanOptics1.6.7
182,7.142888011,10/9/18,highCO2,salmonShed,OceanOptics1.6.7
183,7.144154778,3/8/19,highCO2,salmonShed,OceanOptics1.6.7
184,7.145740278,4/10/19,highCO2,salmonShed,OceanOptics1.6.7
185,7.14790961,5/8/19,highCO2,salmonShed,OceanOptics1.6.7
186,7.149449453,3/8/19,highCO2,salmonShed,OceanOptics1.6.7
187,7.14966557,4/19/19,highCO2,salmonShed,OceanOptics1.6.7
188,7.15,10/2/18,highCO2,salmonShed,UDA2182durfet
189,7.15,10/4/18,highCO2,salmonShed,UDA2182durfet
190,7.15,11/23/18,highCO2,salmonShed,UDA2182durfet
191,7.15,12/1/18,highCO2,salmonShed,UDA2182durfet
192,7.15,12/1/18,highCO2,salmonShed,UDA2182durfet
193,7.15,12/3/18,highCO2,salmonShed,UDA2182durfet
194,7.15,12/26/18,highCO2,salmonShed,UDA2182durfet
195,7.15,1/6/19,highCO2,salmonShed,UDA2182durfet
196,7.15,1/12/19,highCO2,salmonShed,UDA2182durfet
197,7.15,1/21/19,highCO2,salmonShed,UDA2182durfet
198,7.15,3/8/19,highCO2,salmonShed,UDA2182durfet
199,7.15,3/17/19,highCO2,salmonShed,UDA2182durfet
200,7.15,3/23/19,highCO2,salmonShed,UDA2182durfet
201,7.15,3/28/19,highCO2,salmonShed,UDA2182durfet
202,7.15,4/25/19,highCO2,salmonShed,UDA2182durfet
203,7.15,4/27/19,highCO2,salmonShed,UDA2182durfet
204,7.15,5/9/19,highCO2,salmonShed,UDA2182durfet
205,7.15,5/16/19,highCO2,salmonShed,UDA2182durfet
206,7.15,5/18/19,highCO2,salmonShed,UDA2182durfet
207,7.15,5/19/19,highCO2,salmonShed,UDA2182durfet
208,7.15,5/24/19,highCO2,salmonShed,UDA2182durfet
209,7.15,6/13/19,highCO2,salmonShed,UDA2182durfet
210,7.15,6/14/19,highCO2,salmonShed,UDA2182durfet
211,7.15016548,10/9/18,highCO2,salmonShed,OceanOptics1.6.7
212,7.150342235,2/27/19,highCO2,salmonShed,OceanOptics1.6.7
213,7.150596626,12/4/18,highCO2,salmonShed,OceanOptics1.6.7
214,7.150775093,12/20/18,highCO2,salmonShed,OceanOptics1.6.7
215,7.152841085,11/7/18,highCO2,salmonShed,OceanOptics1.6.7
216,7.153377484,4/19/19,highCO2,salmonShed,OceanOptics1.6.7
217,7.153718334,5/1/19,highCO2,salmonShed,OceanOptics1.6.7
218,7.153757563,12/12/18,ambient,salmonShed,OceanOptics1.6.7
219,7.15381444,5/8/19,highCO2,salmonShed,OceanOptics1.6.7
220,7.155637725,11/14/18,highCO2,salmonShed,OceanOptics1.6.7
221,7.15813893,6/21/19,highCO2,salmonShed,OceanOptics1.6.7
222,7.15813893,6/21/19,highCO2,salmonShed,OceanOptics1.6.7
223,7.159309424,10/2/18,highCO2,salmonShed,OceanOptics1.6.7
224,7.16,10/8/18,highCO2,salmonShed,UDA2182durfet
225,7.16,10/22/18,highCO2,salmonShed,UDA2182durfet
226,7.16,11/7/18,highCO2,salmonShed,UDA2182durfet
227,7.16,11/24/18,highCO2,salmonShed,UDA2182durfet
228,7.16,12/5/18,highCO2,salmonShed,UDA2182durfet
229,7.16,12/10/18,highCO2,salmonShed,UDA2182durfet
230,7.16,12/11/18,highCO2,salmonShed,UDA2182durfet
231,7.16,12/19/18,highCO2,salmonShed,UDA2182durfet
232,7.16,12/29/18,highCO2,salmonShed,UDA2182durfet
233,7.16,1/13/19,highCO2,salmonShed,UDA2182durfet
234,7.16,1/15/19,highCO2,salmonShed,UDA2182durfet
235,7.16,1/21/19,highCO2,salmonShed,UDA2182durfet
236,7.16,1/22/19,highCO2,salmonShed,UDA2182durfet
237,7.16,2/15/19,highCO2,salmonShed,UDA2182durfet
238,7.16,2/19/19,highCO2,salmonShed,UDA2182durfet
239,7.16,3/3/19,highCO2,salmonShed,UDA2182durfet
240,7.16,5/11/19,highCO2,salmonShed,UDA2182durfet
241,7.16,5/11/19,highCO2,salmonShed,UDA2182durfet
242,7.16,5/11/19,highCO2,salmonShed,UDA2182durfet
243,7.16,5/16/19,highCO2,salmonShed,UDA2182durfet
244,7.16,5/23/19,highCO2,salmonShed,UDA2182durfet
245,7.16,5/28/19,highCO2,salmonShed,UDA2182durfet
246,7.16,6/10/19,highCO2,salmonShed,UDA2182durfet
247,7.16,6/17/19,highCO2,salmonShed,UDA2182durfet
248,7.16,7/2/19,highCO2,salmonShed,UDA2182durfet
249,7.160252821,11/7/18,highCO2,salmonShed,OceanOptics1.6.7
250,7.161572253,11/7/18,highCO2,salmonShed,OceanOptics1.6.7
251,7.164876813,2/27/19,highCO2,salmonShed,OceanOptics1.6.7
252,7.165045723,10/9/18,highCO2,salmonShed,OceanOptics1.6.7
253,7.165877617,11/21/18,highCO2,salmonShed,OceanOptics1.6.7
254,7.166719032,6/21/19,highCO2,salmonShed,OceanOptics1.6.7
255,7.167560493,4/2/19,highCO2,salmonShed,OceanOptics1.6.7
256,7.167566454,12/4/18,highCO2,salmonShed,OceanOptics1.6.7
257,7.167953339,9/11/18,highCO2,salmonShed,OceanOptics1.6.7
258,7.168038998,6/21/19,highCO2,salmonShed,OceanOptics1.6.7
259,7.168251388,5/8/19,highCO2,salmonShed,OceanOptics1.6.7
260,7.17,10/1/18,highCO2,salmonShed,UDA2182durfet
261,7.17,10/13/18,highCO2,salmonShed,UDA2182durfet
262,7.17,10/16/18,highCO2,salmonShed,UDA2182durfet
263,7.17,10/18/18,highCO2,salmonShed,UDA2182durfet
264,7.17,10/23/18,highCO2,salmonShed,UDA2182durfet
265,7.17,11/4/18,highCO2,salmonShed,UDA2182durfet
266,7.17,11/6/18,highCO2,salmonShed,UDA2182durfet
267,7.17,11/21/18,highCO2,salmonShed,UDA2182durfet
268,7.17,11/25/18,highCO2,salmonShed,UDA2182durfet
269,7.17,11/26/18,highCO2,salmonShed,UDA2182durfet
270,7.17,11/28/18,highCO2,salmonShed,UDA2182durfet
271,7.17,12/11/18,highCO2,salmonShed,UDA2182durfet
272,7.17,12/14/18,highCO2,salmonShed,UDA2182durfet
273,7.17,12/30/18,highCO2,salmonShed,UDA2182durfet
274,7.17,1/2/19,highCO2,salmonShed,UDA2182durfet
275,7.17,1/4/19,highCO2,salmonShed,UDA2182durfet
276,7.17,1/5/19,highCO2,salmonShed,UDA2182durfet
277,7.17,1/13/19,highCO2,salmonShed,UDA2182durfet
278,7.17,1/23/19,highCO2,salmonShed,UDA2182durfet
279,7.17,1/23/19,highCO2,salmonShed,UDA2182durfet
280,7.17,1/24/19,highCO2,salmonShed,UDA2182durfet
281,7.17,1/25/19,highCO2,salmonShed,UDA2182durfet
282,7.17,2/8/19,highCO2,salmonShed,UDA2182durfet
283,7.17,2/18/19,highCO2,salmonShed,UDA2182durfet
284,7.17,2/24/19,highCO2,salmonShed,UDA2182durfet
285,7.17,3/5/19,highCO2,salmonShed,UDA2182durfet
286,7.17,3/6/19,highCO2,salmonShed,UDA2182durfet
287,7.17,3/10/19,highCO2,salmonShed,UDA2182durfet
288,7.17,3/24/19,highCO2,salmonShed,UDA2182durfet
289,7.17,3/25/19,highCO2,salmonShed,UDA2182durfet
290,7.17,3/27/19,highCO2,salmonShed,UDA2182durfet
291,7.17,4/3/19,highCO2,salmonShed,UDA2182durfet
292,7.17,4/13/19,highCO2,salmonShed,UDA2182durfet
293,7.17,4/17/19,highCO2,salmonShed,UDA2182durfet
294,7.17,4/21/19,highCO2,salmonShed,UDA2182durfet
295,7.17,5/7/19,highCO2,salmonShed,UDA2182durfet
296,7.17,5/10/19,highCO2,salmonShed,UDA2182durfet
297,7.17,5/17/19,highCO2,salmonShed,UDA2182durfet
298,7.17,5/17/19,highCO2,salmonShed,UDA2182durfet
299,7.17,5/19/19,highCO2,salmonShed,UDA2182durfet
300,7.17,5/20/19,highCO2,salmonShed,UDA2182durfet
301,7.17,5/21/19,highCO2,salmonShed,UDA2182durfet
302,7.17,5/23/19,highCO2,salmonShed,UDA2182durfet
303,7.17,5/26/19,highCO2,salmonShed,UDA2182durfet
304,7.17,6/3/19,highCO2,salmonShed,UDA2182durfet
305,7.17,6/16/19,highCO2,salmonShed,UDA2182durfet
306,7.170641312,2/6/19,highCO2,salmonShed,OceanOptics1.6.7
307,7.170830723,2/6/19,highCO2,salmonShed,OceanOptics1.6.7
308,7.173803515,2/27/19,highCO2,salmonShed,OceanOptics1.6.7
309,7.173913185,5/1/19,highCO2,salmonShed,OceanOptics1.6.7
310,7.174111863,3/20/19,highCO2,salmonShed,OceanOptics1.6.7
311,7.175481304,12/20/18,highCO2,salmonShed,OceanOptics1.6.7
312,7.175529422,7/3/19,highCO2,salmonShed,OceanOptics1.6.7
313,7.176596126,3/20/19,highCO2,salmonShed,OceanOptics1.6.7
314,7.177172531,5/22/19,highCO2,salmonShed,OceanOptics1.6.7
315,7.177777608,12/4/18,highCO2,salmonShed,OceanOptics1.6.7
316,7.177970136,2/6/19,highCO2,salmonShed,OceanOptics1.6.7
317,7.177970136,2/6/19,highCO2,salmonShed,OceanOptics1.6.7
318,7.178058754,9/11/18,highCO2,salmonShed,OceanOptics1.6.7
319,7.178952936,3/20/19,highCO2,salmonShed,OceanOptics1.6.7
320,7.179551491,2/21/19,highCO2,salmonShed,OceanOptics1.6.7
321,7.18,8/31/18,highCO2,salmonShed,UDA2182durfet
322,7.18,9/5/18,highCO2,salmonShed,UDA2182durfet
323,7.18,9/11/18,highCO2,salmonShed,UDA2182durfet
324,7.18,9/15/18,highCO2,salmonShed,UDA2182durfet
325,7.18,9/20/18,highCO2,salmonShed,UDA2182durfet
326,7.18,9/27/18,highCO2,salmonShed,UDA2182durfet
327,7.18,10/1/18,highCO2,salmonShed,UDA2182durfet
328,7.18,10/3/18,highCO2,salmonShed,UDA2182durfet
329,7.18,10/5/18,highCO2,salmonShed,UDA2182durfet
330,7.18,10/11/18,highCO2,salmonShed,UDA2182durfet
331,7.18,10/13/18,highCO2,salmonShed,UDA2182durfet
332,7.18,10/15/18,highCO2,salmonShed,UDA2182durfet
333,7.18,10/17/18,highCO2,salmonShed,UDA2182durfet
334,7.18,10/25/18,highCO2,salmonShed,UDA2182durfet
335,7.18,10/30/18,highCO2,salmonShed,UDA2182durfet
336,7.18,11/6/18,highCO2,salmonShed,UDA2182durfet
337,7.18,11/14/18,highCO2,salmonShed,UDA2182durfet
338,7.18,11/30/18,highCO2,salmonShed,UDA2182durfet
339,7.18,12/9/18,highCO2,salmonShed,UDA2182durfet
340,7.18,12/16/18,highCO2,salmonShed,UDA2182durfet
341,7.18,12/19/18,highCO2,salmonShed,UDA2182durfet
342,7.18,12/20/18,highCO2,salmonShed,UDA2182durfet
343,7.18,12/22/18,highCO2,salmonShed,UDA2182durfet
344,7.18,12/30/18,highCO2,salmonShed,UDA2182durfet
345,7.18,1/8/19,highCO2,salmonShed,UDA2182durfet
346,7.18,1/11/19,highCO2,salmonShed,UDA2182durfet
347,7.18,1/20/19,highCO2,salmonShed,UDA2182durfet
348,7.18,1/20/19,highCO2,salmonShed,UDA2182durfet
349,7.18,1/22/19,highCO2,salmonShed,UDA2182durfet
350,7.18,2/15/19,highCO2,salmonShed,UDA2182durfet
351,7.18,2/17/19,highCO2,salmonShed,UDA2182durfet
352,7.18,3/1/19,highCO2,salmonShed,UDA2182durfet
353,7.18,3/7/19,highCO2,salmonShed,UDA2182durfet
354,7.18,3/9/19,highCO2,salmonShed,UDA2182durfet
355,7.18,3/12/19,highCO2,salmonShed,UDA2182durfet
356,7.18,3/16/19,highCO2,salmonShed,UDA2182durfet
357,7.18,3/29/19,highCO2,salmonShed,UDA2182durfet
358,7.18,3/29/19,highCO2,salmonShed,UDA2182durfet
359,7.18,3/31/19,highCO2,salmonShed,UDA2182durfet
360,7.18,4/7/19,highCO2,salmonShed,UDA2182durfet
361,7.18,4/22/19,highCO2,salmonShed,UDA2182durfet
362,7.18,4/24/19,highCO2,salmonShed,UDA2182durfet
363,7.18,4/24/19,highCO2,salmonShed,UDA2182durfet
364,7.18,4/25/19,highCO2,salmonShed,UDA2182durfet
365,7.18,4/28/19,highCO2,salmonShed,UDA2182durfet
366,7.18,4/29/19,highCO2,salmonShed,UDA2182durfet
367,7.18,5/2/19,highCO2,salmonShed,UDA2182durfet
368,7.18,5/2/19,highCO2,salmonShed,UDA2182durfet
369,7.18,5/5/19,highCO2,salmonShed,UDA2182durfet
370,7.18,5/9/19,highCO2,salmonShed,UDA2182durfet
371,7.18,5/10/19,highCO2,salmonShed,UDA2182durfet
372,7.18,5/13/19,highCO2,salmonShed,UDA2182durfet
373,7.18,5/20/19,highCO2,salmonShed,UDA2182durfet
374,7.18,5/22/19,highCO2,salmonShed,UDA2182durfet
375,7.18,5/27/19,highCO2,salmonShed,UDA2182durfet
376,7.18,5/28/19,highCO2,salmonShed,UDA2182durfet
377,7.18,6/19/19,highCO2,salmonShed,UDA2182durfet
378,7.18,7/3/19,highCO2,salmonShed,UDA2182durfet
379,7.18,7/11/19,highCO2,salmonShed,UDA2182durfet
380,7.180078029,4/2/19,highCO2,salmonShed,OceanOptics1.6.7
381,7.180811832,5/29/19,highCO2,salmonShed,OceanOptics1.6.7
382,7.181497313,12/20/18,highCO2,salmonShed,OceanOptics1.6.7
383,7.183172026,11/7/18,highCO2,salmonShed,OceanOptics1.6.7
384,7.185271458,4/2/19,highCO2,salmonShed,OceanOptics1.6.7
385,7.189154769,11/28/18,highCO2,salmonShed,OceanOptics1.6.7
386,7.18947992,10/2/18,highCO2,salmonShed,OceanOptics1.6.7
387,7.19,9/18/18,highCO2,salmonShed,UDA2182durfet
388,7.19,9/20/18,highCO2,salmonShed,UDA2182durfet
389,7.19,9/26/18,highCO2,salmonShed,UDA2182durfet
390,7.19,10/2/18,highCO2,salmonShed,UDA2182durfet
391,7.19,10/6/18,highCO2,salmonShed,UDA2182durfet
392,7.19,10/8/18,highCO2,salmonShed,UDA2182durfet
393,7.19,10/8/18,highCO2,salmonShed,UDA2182durfet
394,7.19,10/10/18,highCO2,salmonShed,UDA2182durfet
395,7.19,10/10/18,highCO2,salmonShed,UDA2182durfet
396,7.19,11/4/18,highCO2,salmonShed,UDA2182durfet
397,7.19,11/4/18,highCO2,salmonShed,UDA2182durfet
398,7.19,11/11/18,highCO2,salmonShed,UDA2182durfet
399,7.19,11/20/18,highCO2,salmonShed,UDA2182durfet
400,7.19,11/24/18,highCO2,salmonShed,UDA2182durfet
401,7.19,12/1/18,highCO2,salmonShed,UDA2182durfet
402,7.19,12/2/18,highCO2,salmonShed,UDA2182durfet
403,7.19,12/3/18,highCO2,salmonShed,UDA2182durfet
404,7.19,12/6/18,highCO2,salmonShed,UDA2182durfet
405,7.19,12/8/18,highCO2,salmonShed,UDA2182durfet
406,7.19,12/10/18,highCO2,salmonShed,UDA2182durfet
407,7.19,12/13/18,highCO2,salmonShed,UDA2182durfet
408,7.19,12/16/18,highCO2,salmonShed,UDA2182durfet
409,7.19,12/17/18,highCO2,salmonShed,UDA2182durfet
410,7.19,12/21/18,highCO2,salmonShed,UDA2182durfet
411,7.19,12/23/18,highCO2,salmonShed,UDA2182durfet
412,7.19,12/24/18,highCO2,salmonShed,UDA2182durfet
413,7.19,12/24/18,highCO2,salmonShed,UDA2182durfet
414,7.19,12/29/18,highCO2,salmonShed,UDA2182durfet
415,7.19,1/3/19,highCO2,salmonShed,UDA2182durfet
416,7.19,1/6/19,highCO2,salmonShed,UDA2182durfet
417,7.19,1/12/19,highCO2,salmonShed,UDA2182durfet
418,7.19,2/11/19,highCO2,salmonShed,UDA2182durfet
419,7.19,2/17/19,highCO2,salmonShed,UDA2182durfet
420,7.19,2/19/19,highCO2,salmonShed,UDA2182durfet
421,7.19,2/21/19,highCO2,salmonShed,UDA2182durfet
422,7.19,2/22/19,highCO2,salmonShed,UDA2182durfet
423,7.19,2/25/19,highCO2,salmonShed,UDA2182durfet
424,7.19,3/5/19,highCO2,salmonShed,UDA2182durfet
425,7.19,3/12/19,highCO2,salmonShed,UDA2182durfet
426,7.19,3/14/19,highCO2,salmonShed,UDA2182durfet
427,7.19,3/17/19,highCO2,salmonShed,UDA2182durfet
428,7.19,3/20/19,highCO2,salmonShed,UDA2182durfet
429,7.19,3/27/19,highCO2,salmonShed,UDA2182durfet
430,7.19,4/2/19,highCO2,salmonShed,UDA2182durfet
431,7.19,4/10/19,highCO2,salmonShed,UDA2182durfet
432,7.19,4/10/19,highCO2,salmonShed,UDA2182durfet
433,7.19,4/11/19,highCO2,salmonShed,UDA2182durfet
434,7.19,4/17/19,highCO2,salmonShed,UDA2182durfet
435,7.19,4/29/19,highCO2,salmonShed,UDA2182durfet
436,7.19,5/12/19,highCO2,salmonShed,UDA2182durfet
437,7.19,5/17/19,highCO2,salmonShed,UDA2182durfet
438,7.19,5/21/19,highCO2,salmonShed,UDA2182durfet
439,7.19,5/23/19,highCO2,salmonShed,UDA2182durfet
440,7.19,5/28/19,highCO2,salmonShed,UDA2182durfet
441,7.19,6/7/19,highCO2,salmonShed,UDA2182durfet
442,7.19,6/12/19,highCO2,salmonShed,UDA2182durfet
443,7.19,6/13/19,highCO2,salmonShed,UDA2182durfet
444,7.19,6/17/19,highCO2,salmonShed,UDA2182durfet
445,7.19,6/20/19,highCO2,salmonShed,UDA2182durfet
446,7.19,7/2/19,highCO2,salmonShed,UDA2182durfet
447,7.19,7/7/19,highCO2,salmonShed,UDA2182durfet
448,7.19,7/7/19,highCO2,salmonShed,UDA2182durfet
449,7.19,7/8/19,highCO2,salmonShed,UDA2182durfet
450,7.19,7/10/19,highCO2,salmonShed,UDA2182durfet
451,7.190723984,10/24/18,highCO2,salmonShed,OceanOptics1.6.7
452,7.191124917,2/12/19,highCO2,salmonShed,OceanOptics1.6.7
453,7.191124917,2/12/19,highCO2,salmonShed,OceanOptics1.6.7
454,7.19127503,5/1/19,highCO2,salmonShed,OceanOptics1.6.7
455,7.19146484,8/29/18,highCO2,salmonShed,OceanOptics1.6.7
456,7.192897785,6/5/19,highCO2,salmonShed,OceanOptics1.6.7
457,7.195123881,2/21/19,highCO2,salmonShed,OceanOptics1.6.7
458,7.195330512,12/12/18,highCO2,salmonShed,OceanOptics1.6.7
459,7.197071757,10/24/18,highCO2,salmonShed,OceanOptics1.6.7
460,7.197532476,6/21/19,highCO2,salmonShed,OceanOptics1.6.7
461,7.2,8/29/18,highCO2,salmonShed,UDA2182durfet
462,7.2,8/30/18,highCO2,salmonShed,UDA2182durfet
463,7.2,8/30/18,highCO2,salmonShed,UDA2182durfet
464,7.2,9/7/18,highCO2,salmonShed,UDA2182durfet
465,7.2,9/12/18,highCO2,salmonShed,UDA2182durfet
466,7.2,9/13/18,highCO2,salmonShed,UDA2182durfet
467,7.2,9/13/18,highCO2,salmonShed,UDA2182durfet
468,7.2,9/18/18,highCO2,salmonShed,UDA2182durfet
469,7.2,9/19/18,highCO2,salmonShed,UDA2182durfet
470,7.2,9/20/18,highCO2,salmonShed,UDA2182durfet
471,7.2,9/21/18,highCO2,salmonShed,UDA2182durfet
472,7.2,9/23/18,highCO2,salmonShed,UDA2182durfet
473,7.2,9/24/18,highCO2,salmonShed,UDA2182durfet
474,7.2,9/25/18,highCO2,salmonShed,UDA2182durfet
475,7.2,9/27/18,highCO2,salmonShed,UDA2182durfet
476,7.2,9/29/18,highCO2,salmonShed,UDA2182durfet
477,7.2,10/3/18,highCO2,salmonShed,UDA2182durfet
478,7.2,10/4/18,highCO2,salmonShed,UDA2182durfet
479,7.2,10/10/18,highCO2,salmonShed,UDA2182durfet
480,7.2,10/11/18,highCO2,salmonShed,UDA2182durfet
481,7.2,10/12/18,highCO2,salmonShed,UDA2182durfet
482,7.2,10/15/18,highCO2,salmonShed,UDA2182durfet
483,7.2,10/21/18,highCO2,salmonShed,UDA2182durfet
484,7.2,10/21/18,highCO2,salmonShed,UDA2182durfet
485,7.2,10/22/18,highCO2,salmonShed,UDA2182durfet
486,7.2,10/22/18,highCO2,salmonShed,UDA2182durfet
487,7.2,10/24/18,highCO2,salmonShed,UDA2182durfet
488,7.2,10/24/18,highCO2,salmonShed,UDA2182durfet
489,7.2,10/31/18,highCO2,salmonShed,UDA2182durfet
490,7.2,11/1/18,highCO2,salmonShed,UDA2182durfet
491,7.2,11/2/18,highCO2,salmonShed,UDA2182durfet
492,7.2,11/17/18,highCO2,salmonShed,UDA2182durfet
493,7.2,11/20/18,highCO2,salmonShed,UDA2182durfet
494,7.2,11/21/18,highCO2,salmonShed,UDA2182durfet
495,7.2,11/23/18,highCO2,salmonShed,UDA2182durfet
496,7.2,11/24/18,highCO2,salmonShed,UDA2182durfet
497,7.2,11/25/18,highCO2,salmonShed,UDA2182durfet
498,7.2,12/4/18,highCO2,salmonShed,UDA2182durfet
499,7.2,12/6/18,highCO2,salmonShed,UDA2182durfet
500,7.2,12/6/18,highCO2,salmonShed,UDA2182durfet
501,7.2,12/12/18,highCO2,salmonShed,UDA2182durfet
502,7.2,12/14/18,highCO2,salmonShed,UDA2182durfet
503,7.2,12/15/18,highCO2,salmonShed,UDA2182durfet
504,7.2,12/16/18,highCO2,salmonShed,UDA2182durfet
505,7.2,12/18/18,highCO2,salmonShed,UDA2182durfet
506,7.2,12/18/18,highCO2,salmonShed,UDA2182durfet
507,7.2,12/21/18,highCO2,salmonShed,UDA2182durfet
508,7.2,12/21/18,highCO2,salmonShed,UDA2182durfet
509,7.2,12/28/18,highCO2,salmonShed,UDA2182durfet
510,7.2,1/2/19,highCO2,salmonShed,UDA2182durfet
511,7.2,1/3/19,highCO2,salmonShed,UDA2182durfet
512,7.2,1/8/19,highCO2,salmonShed,UDA2182durfet
513,7.2,1/14/19,highCO2,salmonShed,UDA2182durfet
514,7.2,1/26/19,highCO2,salmonShed,UDA2182durfet
515,7.2,1/31/19,highCO2,salmonShed,UDA2182durfet
516,7.2,2/1/19,highCO2,salmonShed,UDA2182durfet
517,7.2,2/4/19,highCO2,salmonShed,UDA2182durfet
518,7.2,2/8/19,highCO2,salmonShed,UDA2182durfet
519,7.2,2/11/19,highCO2,salmonShed,UDA2182durfet
520,7.2,2/14/19,highCO2,salmonShed,UDA2182durfet
521,7.2,2/16/19,highCO2,salmonShed,UDA2182durfet
522,7.2,2/19/19,highCO2,salmonShed,UDA2182durfet
523,7.2,2/23/19,highCO2,salmonShed,UDA2182durfet
524,7.2,2/26/19,highCO2,salmonShed,UDA2182durfet
525,7.2,3/1/19,highCO2,salmonShed,UDA2182durfet
526,7.2,3/10/19,highCO2,salmonShed,UDA2182durfet
527,7.2,3/15/19,highCO2,salmonShed,UDA2182durfet
528,7.2,3/17/19,highCO2,salmonShed,UDA2182durfet
529,7.2,3/19/19,highCO2,salmonShed,UDA2182durfet
530,7.2,3/20/19,highCO2,salmonShed,UDA2182durfet
531,7.2,3/22/19,highCO2,salmonShed,UDA2182durfet
532,7.2,3/25/19,highCO2,salmonShed,UDA2182durfet
533,7.2,3/29/19,highCO2,salmonShed,UDA2182durfet
534,7.2,3/30/19,highCO2,salmonShed,UDA2182durfet
535,7.2,4/1/19,highCO2,salmonShed,UDA2182durfet
536,7.2,4/8/19,highCO2,salmonShed,UDA2182durfet
537,7.2,4/12/19,highCO2,salmonShed,UDA2182durfet
538,7.2,4/19/19,highCO2,salmonShed,UDA2182durfet
539,7.2,5/5/19,highCO2,salmonShed,UDA2182durfet
540,7.2,5/6/19,highCO2,salmonShed,UDA2182durfet
541,7.2,5/20/19,highCO2,salmonShed,UDA2182durfet
542,7.2,5/21/19,highCO2,salmonShed,UDA2182durfet
543,7.2,5/22/19,highCO2,salmonShed,UDA2182durfet
544,7.2,5/22/19,highCO2,salmonShed,UDA2182durfet
545,7.2,5/24/19,highCO2,salmonShed,UDA2182durfet
546,7.2,5/30/19,highCO2,salmonShed,UDA2182durfet
547,7.2,5/30/19,highCO2,salmonShed,UDA2182durfet
548,7.2,6/8/19,highCO2,salmonShed,UDA2182durfet
549,7.2,6/8/19,highCO2,salmonShed,UDA2182durfet
550,7.2,6/9/19,highCO2,salmonShed,UDA2182durfet
551,7.2,6/11/19,highCO2,salmonShed,UDA2182durfet
552,7.2,6/18/19,highCO2,salmonShed,UDA2182durfet
553,7.2,6/21/19,highCO2,salmonShed,UDA2182durfet
554,7.2,6/21/19,highCO2,salmonShed,UDA2182durfet
555,7.2,6/24/19,highCO2,salmonShed,UDA2182durfet
556,7.2,7/1/19,highCO2,salmonShed,UDA2182durfet
557,7.2,7/10/19,highCO2,salmonShed,UDA2182durfet
558,7.200276188,9/19/18,highCO2,salmonShed,OceanOptics1.6.7
559,7.204117988,11/28/18,highCO2,salmonShed,OceanOptics1.6.7
560,7.204796005,10/2/18,highCO2,salmonShed,OceanOptics1.6.7
561,7.205273874,3/8/19,highCO2,salmonShed,OceanOptics1.6.7
562,7.20639988,9/19/18,highCO2,salmonShed,OceanOptics1.6.7
563,7.206652,3/20/19,highCO2,salmonShed,OceanOptics1.6.7
564,7.207487843,4/10/19,highCO2,salmonShed,OceanOptics1.6.7
565,7.21,8/28/18,highCO2,salmonShed,UDA2182durfet
566,7.21,8/28/18,highCO2,salmonShed,UDA2182durfet
567,7.21,8/29/18,highCO2,salmonShed,UDA2182durfet
568,7.21,8/30/18,highCO2,salmonShed,UDA2182durfet
569,7.21,8/31/18,highCO2,salmonShed,UDA2182durfet
570,7.21,8/31/18,highCO2,salmonShed,UDA2182durfet
571,7.21,9/4/18,highCO2,salmonShed,UDA2182durfet
572,7.21,9/5/18,highCO2,salmonShed,UDA2182durfet
573,7.21,9/5/18,highCO2,salmonShed,UDA2182durfet
574,7.21,9/6/18,highCO2,salmonShed,UDA2182durfet
575,7.21,9/6/18,highCO2,salmonShed,UDA2182durfet
576,7.21,9/7/18,highCO2,salmonShed,UDA2182durfet
577,7.21,9/7/18,highCO2,salmonShed,UDA2182durfet
578,7.21,9/10/18,highCO2,salmonShed,UDA2182durfet
579,7.21,9/13/18,highCO2,salmonShed,UDA2182durfet
580,7.21,9/14/18,highCO2,salmonShed,UDA2182durfet
581,7.21,9/15/18,highCO2,salmonShed,UDA2182durfet
582,7.21,9/19/18,highCO2,salmonShed,UDA2182durfet
583,7.21,9/21/18,highCO2,salmonShed,UDA2182durfet
584,7.21,9/23/18,highCO2,salmonShed,UDA2182durfet
585,7.21,9/24/18,highCO2,salmonShed,UDA2182durfet
586,7.21,9/25/18,highCO2,salmonShed,UDA2182durfet
587,7.21,9/25/18,highCO2,salmonShed,UDA2182durfet
588,7.21,9/29/18,highCO2,salmonShed,UDA2182durfet
589,7.21,9/29/18,highCO2,salmonShed,UDA2182durfet
590,7.21,10/1/18,highCO2,salmonShed,UDA2182durfet
591,7.21,10/3/18,highCO2,salmonShed,UDA2182durfet
592,7.21,10/5/18,highCO2,salmonShed,UDA2182durfet
593,7.21,10/6/18,highCO2,salmonShed,UDA2182durfet
594,7.21,10/12/18,highCO2,salmonShed,UDA2182durfet
595,7.21,10/16/18,highCO2,salmonShed,UDA2182durfet
596,7.21,10/17/18,highCO2,salmonShed,UDA2182durfet
597,7.21,10/17/18,highCO2,salmonShed,UDA2182durfet
598,7.21,10/18/18,highCO2,salmonShed,UDA2182durfet
599,7.21,10/18/18,highCO2,salmonShed,UDA2182durfet
600,7.21,10/23/18,highCO2,salmonShed,UDA2182durfet
601,7.21,10/23/18,highCO2,salmonShed,UDA2182durfet
602,7.21,10/24/18,highCO2,salmonShed,UDA2182durfet
603,7.21,10/25/18,highCO2,salmonShed,UDA2182durfet
604,7.21,10/25/18,highCO2,salmonShed,UDA2182durfet
605,7.21,10/26/18,highCO2,salmonShed,UDA2182durfet
606,7.21,10/26/18,highCO2,salmonShed,UDA2182durfet
607,7.21,10/27/18,highCO2,salmonShed,UDA2182durfet
608,7.21,10/27/18,highCO2,salmonShed,UDA2182durfet
609,7.21,10/28/18,highCO2,salmonShed,UDA2182durfet
610,7.21,10/28/18,highCO2,salmonShed,UDA2182durfet
611,7.21,10/29/18,highCO2,salmonShed,UDA2182durfet
612,7.21,10/29/18,highCO2,salmonShed,UDA2182durfet
613,7.21,10/29/18,highCO2,salmonShed,UDA2182durfet
614,7.21,10/30/18,highCO2,salmonShed,UDA2182durfet
615,7.21,10/30/18,highCO2,salmonShed,UDA2182durfet
616,7.21,10/31/18,highCO2,salmonShed,UDA2182durfet
617,7.21,11/1/18,highCO2,salmonShed,UDA2182durfet
618,7.21,11/1/18,highCO2,salmonShed,UDA2182durfet
619,7.21,11/3/18,highCO2,salmonShed,UDA2182durfet
620,7.21,11/7/18,highCO2,salmonShed,UDA2182durfet
621,7.21,11/9/18,highCO2,salmonShed,UDA2182durfet
622,7.21,11/9/18,highCO2,salmonShed,UDA2182durfet
623,7.21,11/11/18,highCO2,salmonShed,UDA2182durfet
624,7.21,11/11/18,highCO2,salmonShed,UDA2182durfet
625,7.21,11/12/18,highCO2,salmonShed,UDA2182durfet
626,7.21,11/14/18,highCO2,salmonShed,UDA2182durfet
627,7.21,11/15/18,highCO2,salmonShed,UDA2182durfet
628,7.21,11/15/18,highCO2,salmonShed,UDA2182durfet
629,7.21,11/17/18,highCO2,salmonShed,UDA2182durfet
630,7.21,11/18/18,highCO2,salmonShed,UDA2182durfet
631,7.21,11/18/18,highCO2,salmonShed,UDA2182durfet
632,7.21,11/21/18,highCO2,salmonShed,UDA2182durfet
633,7.21,11/23/18,highCO2,salmonShed,UDA2182durfet
634,7.21,11/25/18,highCO2,salmonShed,UDA2182durfet
635,7.21,11/27/18,highCO2,salmonShed,UDA2182durfet
636,7.21,11/30/18,highCO2,salmonShed,UDA2182durfet
637,7.21,12/9/18,highCO2,salmonShed,UDA2182durfet
638,7.21,12/12/18,highCO2,salmonShed,UDA2182durfet
639,7.21,12/15/18,highCO2,salmonShed,UDA2182durfet
640,7.21,12/17/18,highCO2,salmonShed,UDA2182durfet
641,7.21,12/17/18,highCO2,salmonShed,UDA2182durfet
642,7.21,12/19/18,highCO2,salmonShed,UDA2182durfet
643,7.21,12/20/18,highCO2,salmonShed,UDA2182durfet
644,7.21,12/22/18,highCO2,salmonShed,UDA2182durfet
645,7.21,12/22/18,highCO2,salmonShed,UDA2182durfet
646,7.21,12/28/18,highCO2,salmonShed,UDA2182durfet
647,7.21,12/30/18,highCO2,salmonShed,UDA2182durfet
648,7.21,1/2/19,highCO2,salmonShed,UDA2182durfet
649,7.21,1/7/19,highCO2,salmonShed,UDA2182durfet
650,7.21,1/7/19,highCO2,salmonShed,UDA2182durfet
651,7.21,1/10/19,highCO2,salmonShed,UDA2182durfet
652,7.21,1/10/19,highCO2,salmonShed,UDA2182durfet
653,7.21,1/13/19,highCO2,salmonShed,UDA2182durfet
654,7.21,1/14/19,highCO2,salmonShed,UDA2182durfet
655,7.21,1/18/19,highCO2,salmonShed,UDA2182durfet
656,7.21,1/19/19,highCO2,salmonShed,UDA2182durfet
657,7.21,1/19/19,highCO2,salmonShed,UDA2182durfet
658,7.21,1/20/19,highCO2,salmonShed,UDA2182durfet
659,7.21,1/24/19,highCO2,salmonShed,UDA2182durfet
660,7.21,1/25/19,highCO2,salmonShed,UDA2182durfet
661,7.21,1/26/19,highCO2,salmonShed,UDA2182durfet
662,7.21,1/30/19,highCO2,salmonShed,UDA2182durfet
663,7.21,1/31/19,highCO2,salmonShed,UDA2182durfet
664,7.21,2/1/19,highCO2,salmonShed,UDA2182durfet
665,7.21,2/3/19,highCO2,salmonShed,UDA2182durfet
666,7.21,2/3/19,highCO2,salmonShed,UDA2182durfet
667,7.21,2/4/19,highCO2,salmonShed,UDA2182durfet
668,7.21,2/4/19,highCO2,salmonShed,UDA2182durfet
669,7.21,2/5/19,highCO2,salmonShed,UDA2182durfet
670,7.21,2/6/19,highCO2,salmonShed,UDA2182durfet
671,7.21,2/7/19,highCO2,salmonShed,UDA2182durfet
672,7.21,2/7/19,highCO2,salmonShed,UDA2182durfet
673,7.21,2/12/19,highCO2,salmonShed,UDA2182durfet
674,7.21,2/13/19,highCO2,salmonShed,UDA2182durfet
675,7.21,2/13/19,highCO2,salmonShed,UDA2182durfet
676,7.21,2/14/19,highCO2,salmonShed,UDA2182durfet
677,7.21,2/15/19,highCO2,salmonShed,UDA2182durfet
678,7.21,2/17/19,highCO2,salmonShed,UDA2182durfet
679,7.21,2/25/19,highCO2,salmonShed,UDA2182durfet
680,7.21,2/26/19,highCO2,salmonShed,UDA2182durfet
681,7.21,2/27/19,highCO2,salmonShed,UDA2182durfet
682,7.21,2/27/19,highCO2,salmonShed,UDA2182durfet
683,7.21,3/4/19,highCO2,salmonShed,UDA2182durfet
684,7.21,3/6/19,highCO2,salmonShed,UDA2182durfet
685,7.21,3/6/19,highCO2,salmonShed,UDA2182durfet
686,7.21,3/16/19,highCO2,salmonShed,UDA2182durfet
687,7.21,3/16/19,highCO2,salmonShed,UDA2182durfet
688,7.21,3/18/19,highCO2,salmonShed,UDA2182durfet
689,7.21,3/19/19,highCO2,salmonShed,UDA2182durfet
690,7.21,3/20/19,highCO2,salmonShed,UDA2182durfet
691,7.21,3/22/19,highCO2,salmonShed,UDA2182durfet
692,7.21,3/24/19,highCO2,salmonShed,UDA2182durfet
693,7.21,3/26/19,highCO2,salmonShed,UDA2182durfet
694,7.21,4/21/19,highCO2,salmonShed,UDA2182durfet
695,7.21,4/23/19,highCO2,salmonShed,UDA2182durfet
696,7.21,4/23/19,highCO2,salmonShed,UDA2182durfet
697,7.21,4/30/19,highCO2,salmonShed,UDA2182durfet
698,7.21,5/2/19,highCO2,salmonShed,UDA2182durfet
699,7.21,5/16/19,highCO2,salmonShed,UDA2182durfet
700,7.21,5/24/19,highCO2,salmonShed,UDA2182durfet
701,7.21,5/29/19,highCO2,salmonShed,UDA2182durfet
702,7.21,5/29/19,highCO2,salmonShed,UDA2182durfet
703,7.21,5/31/19,highCO2,salmonShed,UDA2182durfet
704,7.21,6/6/19,highCO2,salmonShed,UDA2182durfet
705,7.21,6/9/19,highCO2,salmonShed,UDA2182durfet
706,7.21,6/11/19,highCO2,salmonShed,UDA2182durfet
707,7.21,6/12/19,highCO2,salmonShed,UDA2182durfet
708,7.21,6/13/19,highCO2,salmonShed,UDA2182durfet
709,7.21,6/16/19,highCO2,salmonShed,UDA2182durfet
710,7.21,6/23/19,highCO2,salmonShed,UDA2182durfet
711,7.21,6/23/19,highCO2,salmonShed,UDA2182durfet
712,7.21,6/24/19,highCO2,salmonShed,UDA2182durfet
713,7.21,6/25/19,highCO2,salmonShed,UDA2182durfet
714,7.21,7/2/19,highCO2,salmonShed,UDA2182durfet
715,7.21,7/9/19,highCO2,salmonShed,UDA2182durfet
716,7.21,7/10/19,highCO2,salmonShed,UDA2182durfet
717,7.211606578,10/2/18,highCO2,salmonShed,OceanOptics1.6.7
718,7.211606578,10/2/18,highCO2,salmonShed,OceanOptics1.6.7
719,7.211963092,11/21/18,highCO2,salmonShed,OceanOptics1.6.7
720,7.212039166,11/14/18,highCO2,salmonShed,OceanOptics1.6.7
721,7.21422985,5/1/19,highCO2,salmonShed,OceanOptics1.6.7
722,7.215878187,5/29/19,highCO2,salmonShed,OceanOptics1.6.7
723,7.218636616,12/12/18,highCO2,salmonShed,OceanOptics1.6.7
724,7.219719602,12/12/18,highCO2,salmonShed,OceanOptics1.6.7
725,7.22,8/28/18,highCO2,salmonShed,UDA2182durfet
726,7.22,8/29/18,highCO2,salmonShed,UDA2182durfet
727,7.22,9/4/18,highCO2,salmonShed,UDA2182durfet
728,7.22,9/4/18,highCO2,salmonShed,UDA2182durfet
729,7.22,9/10/18,highCO2,salmonShed,UDA2182durfet
730,7.22,9/11/18,highCO2,salmonShed,UDA2182durfet
731,7.22,9/12/18,highCO2,salmonShed,UDA2182durfet
732,7.22,9/12/18,highCO2,salmonShed,UDA2182durfet
733,7.22,9/19/18,highCO2,salmonShed,UDA2182durfet
734,7.22,9/21/18,highCO2,salmonShed,UDA2182durfet
735,7.22,9/23/18,highCO2,salmonShed,UDA2182durfet
736,7.22,9/24/18,highCO2,salmonShed,UDA2182durfet
737,7.22,9/26/18,highCO2,salmonShed,UDA2182durfet
738,7.22,9/26/18,highCO2,salmonShed,UDA2182durfet
739,7.22,9/27/18,highCO2,salmonShed,UDA2182durfet
740,7.22,10/2/18,highCO2,salmonShed,UDA2182durfet
741,7.22,10/11/18,highCO2,salmonShed,UDA2182durfet
742,7.22,10/12/18,highCO2,salmonShed,UDA2182durfet
743,7.22,10/13/18,highCO2,salmonShed,UDA2182durfet
744,7.22,10/26/18,highCO2,salmonShed,UDA2182durfet
745,7.22,10/27/18,highCO2,salmonShed,UDA2182durfet
746,7.22,10/28/18,highCO2,salmonShed,UDA2182durfet
747,7.22,10/31/18,highCO2,salmonShed,UDA2182durfet
748,7.22,11/3/18,highCO2,salmonShed,UDA2182durfet
749,7.22,11/9/18,highCO2,salmonShed,UDA2182durfet
750,7.22,11/12/18,highCO2,salmonShed,UDA2182durfet
751,7.22,11/16/18,highCO2,salmonShed,UDA2182durfet
752,7.22,11/22/18,highCO2,salmonShed,UDA2182durfet
753,7.22,11/22/18,highCO2,salmonShed,UDA2182durfet
754,7.22,11/26/18,highCO2,salmonShed,UDA2182durfet
755,7.22,11/27/18,highCO2,salmonShed,UDA2182durfet
756,7.22,11/28/18,highCO2,salmonShed,UDA2182durfet
757,7.22,11/28/18,highCO2,salmonShed,UDA2182durfet
758,7.22,11/29/18,highCO2,salmonShed,UDA2182durfet
759,7.22,12/5/18,highCO2,salmonShed,UDA2182durfet
760,7.22,12/23/18,highCO2,salmonShed,UDA2182durfet
761,7.22,12/24/18,highCO2,salmonShed,UDA2182durfet
762,7.22,12/26/18,highCO2,salmonShed,UDA2182durfet
763,7.22,12/26/18,highCO2,salmonShed,UDA2182durfet
764,7.22,12/29/18,highCO2,salmonShed,UDA2182durfet
765,7.22,1/3/19,highCO2,salmonShed,UDA2182durfet
766,7.22,1/4/19,highCO2,salmonShed,UDA2182durfet
767,7.22,1/5/19,highCO2,salmonShed,UDA2182durfet
768,7.22,1/5/19,highCO2,salmonShed,UDA2182durfet
769,7.22,1/6/19,highCO2,salmonShed,UDA2182durfet
770,7.22,1/7/19,highCO2,salmonShed,UDA2182durfet
771,7.22,1/8/19,highCO2,salmonShed,UDA2182durfet
772,7.22,1/9/19,highCO2,salmonShed,UDA2182durfet
773,7.22,1/9/19,highCO2,salmonShed,UDA2182durfet
774,7.22,1/9/19,highCO2,salmonShed,UDA2182durfet
775,7.22,1/10/19,highCO2,salmonShed,UDA2182durfet
776,7.22,1/11/19,highCO2,salmonShed,UDA2182durfet
777,7.22,1/12/19,highCO2,salmonShed,UDA2182durfet
778,7.22,1/14/19,highCO2,salmonShed,UDA2182durfet
779,7.22,1/15/19,highCO2,salmonShed,UDA2182durfet
780,7.22,1/16/19,highCO2,salmonShed,UDA2182durfet
781,7.22,1/16/19,highCO2,salmonShed,UDA2182durfet
782,7.22,1/17/19,highCO2,salmonShed,UDA2182durfet
783,7.22,1/21/19,highCO2,salmonShed,UDA2182durfet
784,7.22,1/22/19,highCO2,salmonShed,UDA2182durfet
785,7.22,1/23/19,highCO2,salmonShed,UDA2182durfet
786,7.22,1/26/19,highCO2,salmonShed,UDA2182durfet
787,7.22,1/27/19,highCO2,salmonShed,UDA2182durfet
788,7.22,1/27/19,highCO2,salmonShed,UDA2182durfet
789,7.22,1/29/19,highCO2,salmonShed,UDA2182durfet
790,7.22,1/30/19,highCO2,salmonShed,UDA2182durfet
791,7.22,1/30/19,highCO2,salmonShed,UDA2182durfet
792,7.22,1/31/19,highCO2,salmonShed,UDA2182durfet
793,7.22,2/1/19,highCO2,salmonShed,UDA2182durfet
794,7.22,2/5/19,highCO2,salmonShed,UDA2182durfet
795,7.22,2/5/19,highCO2,salmonShed,UDA2182durfet
796,7.22,2/6/19,highCO2,salmonShed,UDA2182durfet
797,7.22,2/6/19,highCO2,salmonShed,UDA2182durfet
798,7.22,2/8/19,highCO2,salmonShed,UDA2182durfet
799,7.22,2/11/19,highCO2,salmonShed,UDA2182durfet
800,7.22,2/13/19,highCO2,salmonShed,UDA2182durfet
801,7.22,2/18/19,highCO2,salmonShed,UDA2182durfet
802,7.22,2/24/19,highCO2,salmonShed,UDA2182durfet
803,7.22,3/2/19,highCO2,salmonShed,UDA2182durfet
804,7.22,3/3/19,highCO2,salmonShed,UDA2182durfet
805,7.22,3/5/19,highCO2,salmonShed,UDA2182durfet
806,7.22,3/13/19,highCO2,salmonShed,UDA2182durfet
807,7.22,3/15/19,highCO2,salmonShed,UDA2182durfet
808,7.22,3/23/19,highCO2,salmonShed,UDA2182durfet
809,7.22,4/1/19,highCO2,salmonShed,UDA2182durfet
810,7.22,4/2/19,highCO2,salmonShed,UDA2182durfet
811,7.22,4/3/19,highCO2,salmonShed,UDA2182durfet
812,7.22,4/7/19,highCO2,salmonShed,UDA2182durfet
813,7.22,4/17/19,highCO2,salmonShed,UDA2182durfet
814,7.22,4/18/19,highCO2,salmonShed,UDA2182durfet
815,7.22,4/26/19,highCO2,salmonShed,UDA2182durfet
816,7.22,4/30/19,highCO2,salmonShed,UDA2182durfet
817,7.22,5/3/19,highCO2,salmonShed,UDA2182durfet
818,7.22,5/3/19,highCO2,salmonShed,UDA2182durfet
819,7.22,5/4/19,highCO2,salmonShed,UDA2182durfet
820,7.22,5/15/19,highCO2,salmonShed,UDA2182durfet
821,7.22,5/25/19,highCO2,salmonShed,UDA2182durfet
822,7.22,6/1/19,highCO2,salmonShed,UDA2182durfet
823,7.22,6/3/19,highCO2,salmonShed,UDA2182durfet
824,7.22,6/8/19,highCO2,salmonShed,UDA2182durfet
825,7.22,6/10/19,highCO2,salmonShed,UDA2182durfet
826,7.22,6/11/19,highCO2,salmonShed,UDA2182durfet
827,7.22,6/14/19,highCO2,salmonShed,UDA2182durfet
828,7.22,6/18/19,highCO2,salmonShed,UDA2182durfet
829,7.22,6/22/19,highCO2,salmonShed,UDA2182durfet
830,7.22,6/22/19,highCO2,salmonShed,UDA2182durfet
831,7.22,6/23/19,highCO2,salmonShed,UDA2182durfet
832,7.22,6/24/19,highCO2,salmonShed,UDA2182durfet
833,7.22,7/1/19,highCO2,salmonShed,UDA2182durfet
834,7.22,7/6/19,highCO2,salmonShed,UDA2182durfet
835,7.228375231,9/11/18,highCO2,salmonShed,OceanOptics1.6.7
836,7.229990421,10/2/18,highCO2,salmonShed,OceanOptics1.6.7
837,7.23,8/28/18,ambient,salmonShed,UDA2182durfet
838,7.23,9/6/18,highCO2,salmonShed,UDA2182durfet
839,7.23,9/14/18,highCO2,salmonShed,UDA2182durfet
840,7.23,9/15/18,highCO2,salmonShed,UDA2182durfet
841,7.23,9/18/18,highCO2,salmonShed,UDA2182durfet
842,7.23,10/4/18,highCO2,salmonShed,UDA2182durfet
843,7.23,10/6/18,highCO2,salmonShed,UDA2182durfet
844,7.23,10/21/18,highCO2,salmonShed,UDA2182durfet
845,7.23,11/3/18,highCO2,salmonShed,UDA2182durfet
846,7.23,11/5/18,highCO2,salmonShed,UDA2182durfet
847,7.23,11/6/18,highCO2,salmonShed,UDA2182durfet
848,7.23,11/12/18,highCO2,salmonShed,UDA2182durfet
849,7.23,11/17/18,highCO2,salmonShed,UDA2182durfet
850,7.23,11/22/18,highCO2,salmonShed,UDA2182durfet
851,7.23,11/27/18,highCO2,salmonShed,UDA2182durfet
852,7.23,11/29/18,highCO2,salmonShed,UDA2182durfet
853,7.23,11/30/18,highCO2,salmonShed,UDA2182durfet
854,7.23,12/2/18,highCO2,salmonShed,UDA2182durfet
855,7.23,12/8/18,highCO2,salmonShed,UDA2182durfet
856,7.23,12/18/18,highCO2,salmonShed,UDA2182durfet
857,7.23,12/31/18,highCO2,salmonShed,UDA2182durfet
858,7.23,12/31/18,highCO2,salmonShed,UDA2182durfet
859,7.23,1/24/19,highCO2,salmonShed,UDA2182durfet
860,7.23,1/25/19,highCO2,salmonShed,UDA2182durfet
861,7.23,1/28/19,highCO2,salmonShed,UDA2182durfet
862,7.23,2/12/19,highCO2,salmonShed,UDA2182durfet
863,7.23,2/12/19,highCO2,salmonShed,UDA2182durfet
864,7.23,2/22/19,highCO2,salmonShed,UDA2182durfet
865,7.23,2/23/19,highCO2,salmonShed,UDA2182durfet
866,7.23,3/8/19,highCO2,salmonShed,UDA2182durfet
867,7.23,3/8/19,highCO2,salmonShed,UDA2182durfet
868,7.23,3/18/19,highCO2,salmonShed,UDA2182durfet
869,7.23,3/23/19,highCO2,salmonShed,UDA2182durfet
870,7.23,4/2/19,highCO2,salmonShed,UDA2182durfet
871,7.23,4/5/19,highCO2,salmonShed,UDA2182durfet
872,7.23,4/6/19,highCO2,salmonShed,UDA2182durfet
873,7.23,4/27/19,highCO2,salmonShed,UDA2182durfet
874,7.23,5/1/19,highCO2,salmonShed,UDA2182durfet
875,7.23,5/9/19,highCO2,salmonShed,UDA2182durfet
876,7.23,5/25/19,highCO2,salmonShed,UDA2182durfet
877,7.23,5/27/19,highCO2,salmonShed,UDA2182durfet
878,7.23,5/31/19,highCO2,salmonShed,UDA2182durfet
879,7.23,6/4/19,highCO2,salmonShed,UDA2182durfet
880,7.23,6/10/19,highCO2,salmonShed,UDA2182durfet
881,7.23,6/21/19,highCO2,salmonShed,UDA2182durfet
882,7.23,6/22/19,highCO2,salmonShed,UDA2182durfet
883,7.23,6/25/19,ambient,salmonShed,UDA2182durfet
884,7.23,6/25/19,highCO2,salmonShed,UDA2182durfet
885,7.23,7/3/19,highCO2,salmonShed,UDA2182durfet
886,7.23,7/9/19,highCO2,salmonShed,UDA2182durfet
887,7.23,7/9/19,highCO2,salmonShed,UDA2182durfet
888,7.23,7/11/19,highCO2,salmonShed,UDA2182durfet
889,7.230631452,5/29/19,highCO2,salmonShed,OceanOptics1.6.7
890,7.231578878,9/11/18,highCO2,salmonShed,OceanOptics1.6.7
891,7.233166155,12/12/18,highCO2,salmonShed,OceanOptics1.6.7
892,7.23320472,4/23/19,highCO2,salmonShed,OceanOptics1.6.7
893,7.234923768,12/4/18,highCO2,salmonShed,OceanOptics1.6.7
894,7.235943598,6/5/19,highCO2,salmonShed,OceanOptics1.6.7
895,7.239119472,10/9/18,highCO2,salmonShed,OceanOptics1.6.7
896,7.239403274,2/12/19,highCO2,salmonShed,OceanOptics1.6.7
897,7.24,10/15/18,highCO2,salmonShed,UDA2182durfet
898,7.24,10/16/18,highCO2,salmonShed,UDA2182durfet
899,7.24,11/2/18,highCO2,salmonShed,UDA2182durfet
900,7.24,11/14/18,highCO2,salmonShed,UDA2182durfet
901,7.24,11/16/18,highCO2,salmonShed,UDA2182durfet
902,7.24,11/29/18,highCO2,salmonShed,UDA2182durfet
903,7.24,12/2/18,highCO2,salmonShed,UDA2182durfet
904,7.24,12/8/18,highCO2,salmonShed,UDA2182durfet
905,7.24,12/9/18,highCO2,salmonShed,UDA2182durfet
906,7.24,12/11/18,highCO2,salmonShed,UDA2182durfet
907,7.24,12/13/18,highCO2,salmonShed,UDA2182durfet
908,7.24,12/20/18,highCO2,salmonShed,UDA2182durfet
909,7.24,1/17/19,highCO2,salmonShed,UDA2182durfet
910,7.24,1/19/19,highCO2,salmonShed,UDA2182durfet
911,7.24,2/3/19,highCO2,salmonShed,UDA2182durfet
912,7.24,2/14/19,highCO2,salmonShed,UDA2182durfet
913,7.24,2/21/19,highCO2,salmonShed,UDA2182durfet
914,7.24,2/27/19,highCO2,salmonShed,UDA2182durfet
915,7.24,3/15/19,highCO2,salmonShed,UDA2182durfet
916,7.24,3/22/19,highCO2,salmonShed,UDA2182durfet
917,7.24,3/31/19,highCO2,salmonShed,UDA2182durfet
918,7.24,4/1/19,highCO2,salmonShed,UDA2182durfet
919,7.24,4/3/19,highCO2,salmonShed,UDA2182durfet
920,7.24,4/4/19,highCO2,salmonShed,UDA2182durfet
921,7.24,4/11/19,highCO2,salmonShed,UDA2182durfet
922,7.24,4/13/19,highCO2,salmonShed,UDA2182durfet
923,7.24,4/21/19,highCO2,salmonShed,UDA2182durfet
924,7.24,4/26/19,highCO2,salmonShed,UDA2182durfet
925,7.24,4/28/19,highCO2,salmonShed,UDA2182durfet
926,7.24,4/28/19,highCO2,salmonShed,UDA2182durfet
927,7.24,5/10/19,highCO2,salmonShed,UDA2182durfet
928,7.24,5/26/19,highCO2,salmonShed,UDA2182durfet
929,7.24,6/2/19,highCO2,salmonShed,UDA2182durfet
930,7.24,6/5/19,highCO2,salmonShed,UDA2182durfet
931,7.24,6/6/19,highCO2,salmonShed,UDA2182durfet
932,7.24,6/7/19,highCO2,salmonShed,UDA2182durfet
933,7.244619923,2/6/19,highCO2,salmonShed,OceanOptics1.6.7
934,7.245360523,4/23/19,highCO2,salmonShed,OceanOptics1.6.7
935,7.248861958,6/5/19,highCO2,salmonShed,OceanOptics1.6.7
936,7.25,11/5/18,highCO2,salmonShed,UDA2182durfet
937,7.25,11/5/18,highCO2,salmonShed,UDA2182durfet
938,7.25,11/15/18,highCO2,salmonShed,UDA2182durfet
939,7.25,11/16/18,highCO2,salmonShed,UDA2182durfet
940,7.25,11/18/18,highCO2,salmonShed,UDA2182durfet
941,7.25,12/3/18,highCO2,salmonShed,UDA2182durfet
942,7.25,12/5/18,highCO2,salmonShed,UDA2182durfet
943,7.25,12/15/18,highCO2,salmonShed,UDA2182durfet
944,7.25,12/28/18,highCO2,salmonShed,UDA2182durfet
945,7.25,2/20/19,highCO2,salmonShed,UDA2182durfet
946,7.25,2/26/19,highCO2,salmonShed,UDA2182durfet
947,7.25,3/19/19,highCO2,salmonShed,UDA2182durfet
948,7.25,3/26/19,highCO2,salmonShed,UDA2182durfet
949,7.25,3/30/19,highCO2,salmonShed,UDA2182durfet
950,7.25,3/30/19,highCO2,salmonShed,UDA2182durfet
951,7.25,3/31/19,highCO2,salmonShed,UDA2182durfet
952,7.25,4/4/19,highCO2,salmonShed,UDA2182durfet
953,7.25,4/8/19,highCO2,salmonShed,UDA2182durfet
954,7.25,5/30/19,highCO2,salmonShed,UDA2182durfet
955,7.25,6/2/19,highCO2,salmonShed,UDA2182durfet
956,7.25,6/3/19,highCO2,salmonShed,UDA2182durfet
957,7.25,6/14/19,highCO2,salmonShed,UDA2182durfet
958,7.25,7/6/19,highCO2,salmonShed,UDA2182durfet
959,7.25,7/7/19,highCO2,salmonShed,UDA2182durfet
960,7.250278227,11/21/18,highCO2,salmonShed,OceanOptics1.6.7
961,7.25074674,10/9/18,highCO2,salmonShed,OceanOptics1.6.7
962,7.252498061,8/29/18,highCO2,salmonShed,OceanOptics1.6.7
963,7.253938473,8/29/18,highCO2,salmonShed,OceanOptics1.6.7
964,7.254733024,2/12/19,highCO2,salmonShed,OceanOptics1.6.7
965,7.256552911,6/13/19,highCO2,salmonShed,OceanOptics1.6.7
966,7.258648458,12/12/18,highCO2,salmonShed,OceanOptics1.6.7
967,7.26,9/14/18,highCO2,salmonShed,UDA2182durfet
968,7.26,3/25/19,highCO2,salmonShed,UDA2182durfet
969,7.26,4/11/19,highCO2,salmonShed,UDA2182durfet
970,7.26,4/12/19,highCO2,salmonShed,UDA2182durfet
971,7.26,5/15/19,highCO2,salmonShed,UDA2182durfet
972,7.26,6/5/19,highCO2,salmonShed,UDA2182durfet
973,7.264786287,4/2/19,highCO2,salmonShed,OceanOptics1.6.7
974,7.265671603,6/5/19,highCO2,salmonShed,OceanOptics1.6.7
975,7.267596198,11/28/18,highCO2,salmonShed,OceanOptics1.6.7
976,7.268962243,11/28/18,highCO2,salmonShed,OceanOptics1.6.7
977,7.27,11/7/18,highCO2,salmonShed,UDA2182durfet
978,7.27,12/10/18,highCO2,salmonShed,UDA2182durfet
979,7.27,2/16/19,highCO2,salmonShed,UDA2182durfet
980,7.27,2/18/19,highCO2,salmonShed,UDA2182durfet
981,7.27,4/5/19,highCO2,salmonShed,UDA2182durfet
982,7.27,4/10/19,highCO2,salmonShed,UDA2182durfet
983,7.27,5/12/19,highCO2,salmonShed,UDA2182durfet
984,7.27,5/31/19,highCO2,salmonShed,UDA2182durfet
985,7.27,6/6/19,highCO2,salmonShed,UDA2182durfet
986,7.27,6/9/19,highCO2,salmonShed,UDA2182durfet
987,7.271265609,2/21/19,highCO2,salmonShed,OceanOptics1.6.7
988,7.273696877,12/12/18,highCO2,salmonShed,OceanOptics1.6.7
989,7.28,5/18/19,highCO2,salmonShed,UDA2182durfet
990,7.28,5/29/19,highCO2,salmonShed,UDA2182durfet
991,7.28,6/4/19,highCO2,salmonShed,UDA2182durfet
992,7.283382008,11/21/18,highCO2,salmonShed,OceanOptics1.6.7
993,7.29,3/27/19,highCO2,salmonShed,UDA2182durfet
994,7.29,4/6/19,highCO2,salmonShed,UDA2182durfet
995,7.29,4/8/19,highCO2,salmonShed,UDA2182durfet
996,7.29,4/26/19,highCO2,salmonShed,UDA2182durfet
997,7.29,5/4/19,highCO2,salmonShed,UDA2182durfet
998,7.297249762,2/21/19,highCO2,salmonShed,OceanOptics1.6.7
999,7.298050623,4/2/19,highCO2,salmonShed,OceanOptics1.6.7
1000,7.3,11/20/18,highCO2,salmonShed,UDA2182durfet
1001,7.3,4/12/19,highCO2,salmonShed,UDA2182durfet
1002,7.3,6/4/19,highCO2,salmonShed,UDA2182durfet
1003,7.31,12/4/18,highCO2,salmonShed,UDA2182durfet
1004,7.31,3/24/19,highCO2,salmonShed,UDA2182durfet
1005,7.31,4/4/19,highCO2,salmonShed,UDA2182durfet
1006,7.317668824,5/29/19,highCO2,salmonShed,OceanOptics1.6.7
1007,7.32,4/7/19,highCO2,salmonShed,UDA2182durfet
1008,7.321806036,2/27/19,highCO2,salmonShed,OceanOptics1.6.7
1009,7.323400416,7/3/19,highCO2,salmonShed,OceanOptics1.6.7
1010,7.326079152,2/27/19,highCO2,salmonShed,OceanOptics1.6.7
1011,7.332021434,11/21/18,highCO2,salmonShed,OceanOptics1.6.7
1012,7.3451641,12/4/18,highCO2,salmonShed,OceanOptics1.6.7
1013,7.346831697,3/27/19,highCO2,salmonShed,OceanOptics1.6.7
1014,7.347884256,3/27/19,highCO2,salmonShed,OceanOptics1.6.7
1015,7.354437208,11/21/18,highCO2,salmonShed,OceanOptics1.6.7
1016,7.36,6/1/19,highCO2,salmonShed,UDA2182durfet
1017,7.36,6/2/19,highCO2,salmonShed,UDA2182durfet
1018,7.37,12/14/18,highCO2,salmonShed,UDA2182durfet
1019,7.37,4/5/19,highCO2,salmonShed,UDA2182durfet
1020,7.373293289,5/1/19,highCO2,salmonShed,OceanOptics1.6.7
1021,7.378209536,6/5/19,highCO2,salmonShed,OceanOptics1.6.7
1022,7.38,10/9/18,highCO2,salmonShed,UDA2182durfet
1023,7.398534367,5/22/19,highCO2,salmonShed,OceanOptics1.6.7
1024,7.4,9/10/18,highCO2,salmonShed,UDA2182durfet
1025,7.4,6/18/19,highCO2,salmonShed,UDA2182durfet
1026,7.407150652,7/3/19,highCO2,salmonShed,OceanOptics1.6.7
1027,7.424488654,6/5/19,highCO2,salmonShed,OceanOptics1.6.7
1028,7.43,10/9/18,highCO2,salmonShed,UDA2182durfet
1029,7.47,10/9/18,highCO2,salmonShed,UDA2182durfet
1030,7.561307292,5/1/19,ambient,salmonShed,OceanOptics1.6.7
1031,7.57,7/9/19,ambient,salmonShed,UDA2182durfet
1032,7.582098992,9/11/18,ambient,salmonShed,OceanOptics1.6.7
1033,7.583003714,9/11/18,ambient,salmonShed,OceanOptics1.6.7
1034,7.583971233,9/11/18,ambient,salmonShed,OceanOptics1.6.7
1035,7.589194543,9/11/18,ambient,salmonShed,OceanOptics1.6.7
1036,7.597655917,4/23/19,ambient,salmonShed,OceanOptics1.6.7
1037,7.6,10/30/18,ambient,salmonShed,UDA2182durfet
1038,7.6,10/31/18,ambient,salmonShed,UDA2182durfet
1039,7.6,3/23/19,ambient,salmonShed,UDA2182durfet
1040,7.6,7/8/19,ambient,salmonShed,UDA2182durfet
1041,7.63,9/25/18,ambient,salmonShed,UDA2182durfet
1042,7.63,10/9/18,ambient,salmonShed,UDA2182durfet
1043,7.636655232,8/29/18,ambient,salmonShed,OceanOptics1.6.7
1044,7.65,9/18/18,ambient,salmonShed,UDA2182durfet
1045,7.65,9/19/18,ambient,salmonShed,UDA2182durfet
1046,7.650163581,9/19/18,ambient,salmonShed,OceanOptics1.6.7
1047,7.659279068,9/19/18,ambient,salmonShed,OceanOptics1.6.7
1048,7.66,9/20/18,ambient,salmonShed,UDA2182durfet
1049,7.66,10/8/18,ambient,salmonShed,UDA2182durfet
1050,7.663254375,9/19/18,ambient,salmonShed,OceanOptics1.6.7
1051,7.669691329,10/9/18,ambient,salmonShed,OceanOptics1.6.7
1052,7.67,9/19/18,ambient,salmonShed,UDA2182durfet
1053,7.67,9/26/18,ambient,salmonShed,UDA2182durfet
1054,7.67,9/27/18,ambient,salmonShed,UDA2182durfet
1055,7.67,9/29/18,ambient,salmonShed,UDA2182durfet
1056,7.67,10/5/18,ambient,salmonShed,UDA2182durfet
1057,7.67,10/6/18,ambient,salmonShed,UDA2182durfet
1058,7.67,10/8/18,ambient,salmonShed,UDA2182durfet
1059,7.67,10/10/18,ambient,salmonShed,UDA2182durfet
1060,7.672562629,10/9/18,ambient,salmonShed,OceanOptics1.6.7
1061,7.673142174,10/24/18,ambient,salmonShed,OceanOptics1.6.7
1062,7.677209939,10/24/18,ambient,salmonShed,OceanOptics1.6.7
1063,7.678018069,12/20/18,ambient,salmonShed,OceanOptics1.6.7
1064,7.68,10/9/18,ambient,salmonShed,UDA2182durfet
1065,7.685313038,10/24/18,ambient,salmonShed,OceanOptics1.6.7
1066,7.686221266,10/24/18,ambient,salmonShed,OceanOptics1.6.7
1067,7.687697885,10/9/18,ambient,salmonShed,OceanOptics1.6.7
1068,7.688364586,10/24/18,ambient,salmonShed,OceanOptics1.6.7
1069,7.689283531,11/14/18,ambient,salmonShed,OceanOptics1.6.7
1070,7.689988632,12/4/18,ambient,salmonShed,OceanOptics1.6.7
1071,7.69,8/28/18,ambient,salmonShed,UDA2182durfet
1072,7.69,8/30/18,ambient,salmonShed,UDA2182durfet
1073,7.69,9/18/18,ambient,salmonShed,UDA2182durfet
1074,7.69,9/20/18,ambient,salmonShed,UDA2182durfet
1075,7.69,9/21/18,ambient,salmonShed,UDA2182durfet
1076,7.69,10/1/18,ambient,salmonShed,UDA2182durfet
1077,7.69,10/4/18,ambient,salmonShed,UDA2182durfet
1078,7.69,10/12/18,ambient,salmonShed,UDA2182durfet
1079,7.69,10/24/18,ambient,salmonShed,UDA2182durfet
1080,7.690459492,10/9/18,ambient,salmonShed,OceanOptics1.6.7
1081,7.692239271,12/20/18,ambient,salmonShed,OceanOptics1.6.7
1082,7.693285091,11/21/18,ambient,salmonShed,OceanOptics1.6.7
1083,7.693431119,12/4/18,ambient,salmonShed,OceanOptics1.6.7
1084,7.69452806,11/7/18,ambient,salmonShed,OceanOptics1.6.7
1085,7.694640399,11/28/18,ambient,salmonShed,OceanOptics1.6.7
1086,7.69476328,10/9/18,ambient,salmonShed,OceanOptics1.6.7
1087,7.695109673,12/20/18,ambient,salmonShed,OceanOptics1.6.7
1088,7.695389241,12/20/18,ambient,salmonShed,OceanOptics1.6.7
1089,7.695392347,10/24/18,ambient,salmonShed,OceanOptics1.6.7
1090,7.696171546,11/7/18,ambient,salmonShed,OceanOptics1.6.7
1091,7.696995239,11/7/18,ambient,salmonShed,OceanOptics1.6.7
1092,7.698462387,11/21/18,ambient,salmonShed,OceanOptics1.6.7
1093,7.699920453,11/14/18,ambient,salmonShed,OceanOptics1.6.7
1094,7.7,8/29/18,ambient,salmonShed,UDA2182durfet
1095,7.7,9/7/18,ambient,salmonShed,UDA2182durfet
1096,7.7,9/24/18,ambient,salmonShed,UDA2182durfet
1097,7.7,10/2/18,ambient,salmonShed,UDA2182durfet
1098,7.7,10/22/18,ambient,salmonShed,UDA2182durfet
1099,7.7,10/25/18,ambient,salmonShed,UDA2182durfet
1100,7.70093282,11/21/18,ambient,salmonShed,OceanOptics1.6.7
1101,7.701984753,8/29/18,ambient,salmonShed,OceanOptics1.6.7
1102,7.702138024,12/20/18,ambient,salmonShed,OceanOptics1.6.7
1103,7.703801204,12/4/18,ambient,salmonShed,OceanOptics1.6.7
1104,7.704751772,11/21/18,ambient,salmonShed,OceanOptics1.6.7
1105,7.706068531,12/20/18,ambient,salmonShed,OceanOptics1.6.7
1106,7.706614195,11/28/18,ambient,salmonShed,OceanOptics1.6.7
1107,7.706979783,10/2/18,ambient,salmonShed,OceanOptics1.6.7
1108,7.707587529,11/14/18,ambient,salmonShed,OceanOptics1.6.7
1109,7.708919749,8/29/18,ambient,salmonShed,OceanOptics1.6.7
1110,7.709138522,11/28/18,ambient,salmonShed,OceanOptics1.6.7
1111,7.709385989,11/7/18,ambient,salmonShed,OceanOptics1.6.7
1112,7.71,8/29/18,ambient,salmonShed,UDA2182durfet
1113,7.71,8/30/18,ambient,salmonShed,UDA2182durfet
1114,7.71,8/31/18,ambient,salmonShed,UDA2182durfet
1115,7.71,9/5/18,ambient,salmonShed,UDA2182durfet
1116,7.71,9/6/18,ambient,salmonShed,UDA2182durfet
1117,7.71,9/27/18,ambient,salmonShed,UDA2182durfet
1118,7.71,10/11/18,ambient,salmonShed,UDA2182durfet
1119,7.71,10/13/18,ambient,salmonShed,UDA2182durfet
1120,7.71,10/18/18,ambient,salmonShed,UDA2182durfet
1121,7.71,10/23/18,ambient,salmonShed,UDA2182durfet
1122,7.710195832,10/9/18,ambient,salmonShed,OceanOptics1.6.7
1123,7.711746361,12/4/18,ambient,salmonShed,OceanOptics1.6.7
1124,7.712519018,11/28/18,ambient,salmonShed,OceanOptics1.6.7
1125,7.716979535,10/2/18,ambient,salmonShed,OceanOptics1.6.7
1126,7.719878576,12/12/18,ambient,salmonShed,OceanOptics1.6.7
1127,7.72,9/4/18,ambient,salmonShed,UDA2182durfet
1128,7.72,9/15/18,ambient,salmonShed,UDA2182durfet
1129,7.72,9/21/18,ambient,salmonShed,UDA2182durfet
1130,7.72,9/25/18,ambient,salmonShed,UDA2182durfet
1131,7.72,9/26/18,ambient,salmonShed,UDA2182durfet
1132,7.72,9/29/18,ambient,salmonShed,UDA2182durfet
1133,7.72,10/16/18,ambient,salmonShed,UDA2182durfet
1134,7.72,11/6/18,ambient,salmonShed,UDA2182durfet
1135,7.723901753,12/12/18,ambient,salmonShed,OceanOptics1.6.7
1136,7.725806087,10/2/18,ambient,salmonShed,OceanOptics1.6.7
1137,7.725806087,10/2/18,ambient,salmonShed,OceanOptics1.6.7
1138,7.727893678,11/14/18,ambient,salmonShed,OceanOptics1.6.7
1139,7.72893153,10/2/18,ambient,salmonShed,OceanOptics1.6.7
1140,7.729667955,2/6/19,ambient,salmonShed,OceanOptics1.6.7
1141,7.73,9/5/18,ambient,salmonShed,UDA2182durfet
1142,7.73,9/6/18,ambient,salmonShed,UDA2182durfet
1143,7.73,9/14/18,ambient,salmonShed,UDA2182durfet
1144,7.73,9/23/18,ambient,salmonShed,UDA2182durfet
1145,7.73,10/3/18,ambient,salmonShed,UDA2182durfet
1146,7.73,10/4/18,ambient,salmonShed,UDA2182durfet
1147,7.73,10/5/18,ambient,salmonShed,UDA2182durfet
1148,7.73,10/6/18,ambient,salmonShed,UDA2182durfet
1149,7.73,10/15/18,ambient,salmonShed,UDA2182durfet
1150,7.73,10/17/18,ambient,salmonShed,UDA2182durfet
1151,7.73,12/15/18,ambient,salmonShed,UDA2182durfet
1152,7.730013338,3/20/19,ambient,salmonShed,OceanOptics1.6.7
1153,7.730207867,3/20/19,ambient,salmonShed,OceanOptics1.6.7
1154,7.731441516,12/12/18,ambient,salmonShed,OceanOptics1.6.7
1155,7.733491719,3/20/19,ambient,salmonShed,OceanOptics1.6.7
1156,7.733626275,2/6/19,ambient,salmonShed,OceanOptics1.6.7
1157,7.734183213,10/2/18,ambient,salmonShed,OceanOptics1.6.7
1158,7.734349838,2/27/19,ambient,salmonShed,OceanOptics1.6.7
1159,7.734349838,2/27/19,ambient,salmonShed,OceanOptics1.6.7
1160,7.734979107,12/12/18,ambient,salmonShed,OceanOptics1.6.7
1161,7.736911629,2/12/19,ambient,salmonShed,OceanOptics1.6.7
1162,7.737734668,2/27/19,ambient,salmonShed,OceanOptics1.6.7
1163,7.74,9/4/18,ambient,salmonShed,UDA2182durfet
1164,7.74,9/7/18,ambient,salmonShed,UDA2182durfet
1165,7.74,9/15/18,ambient,salmonShed,UDA2182durfet
1166,7.74,9/24/18,ambient,salmonShed,UDA2182durfet
1167,7.74,10/2/18,ambient,salmonShed,UDA2182durfet
1168,7.74,10/21/18,ambient,salmonShed,UDA2182durfet
1169,7.74,12/2/18,ambient,salmonShed,UDA2182durfet
1170,7.74,12/5/18,ambient,salmonShed,UDA2182durfet
1171,7.74,12/14/18,ambient,salmonShed,UDA2182durfet
1172,7.741508101,2/6/19,ambient,salmonShed,OceanOptics1.6.7
1173,7.743113123,2/12/19,ambient,salmonShed,OceanOptics1.6.7
1174,7.743270679,2/6/19,ambient,salmonShed,OceanOptics1.6.7
1175,7.743335785,3/20/19,ambient,salmonShed,OceanOptics1.6.7
1176,7.743515187,2/27/19,ambient,salmonShed,OceanOptics1.6.7
1177,7.743694641,3/20/19,ambient,salmonShed,OceanOptics1.6.7
1178,7.745200051,2/12/19,ambient,salmonShed,OceanOptics1.6.7
1179,7.746949849,4/10/19,ambient,salmonShed,OceanOptics1.6.7
1180,7.749887953,2/27/19,ambient,salmonShed,OceanOptics1.6.7
1181,7.749932809,2/6/19,ambient,salmonShed,OceanOptics1.6.7
1182,7.75,8/31/18,ambient,salmonShed,UDA2182durfet
1183,7.75,9/14/18,ambient,salmonShed,UDA2182durfet
1184,7.75,10/1/18,ambient,salmonShed,UDA2182durfet
1185,7.75,11/5/18,ambient,salmonShed,UDA2182durfet
1186,7.75,12/4/18,ambient,salmonShed,UDA2182durfet
1187,7.75,12/13/18,ambient,salmonShed,UDA2182durfet
1188,7.75,12/16/18,ambient,salmonShed,UDA2182durfet
1189,7.75,12/17/18,ambient,salmonShed,UDA2182durfet
1190,7.75,12/23/18,ambient,salmonShed,UDA2182durfet
1191,7.75,12/24/18,ambient,salmonShed,UDA2182durfet
1192,7.75,2/23/19,highCO2,salmonShed,UDA2182durfet
1193,7.752040517,4/2/19,ambient,salmonShed,OceanOptics1.6.7
1194,7.753499397,2/6/19,ambient,salmonShed,OceanOptics1.6.7
1195,7.754331213,4/2/19,ambient,salmonShed,OceanOptics1.6.7
1196,7.755758335,4/2/19,ambient,salmonShed,OceanOptics1.6.7
1197,7.75613919,2/12/19,ambient,salmonShed,OceanOptics1.6.7
1198,7.757336263,4/2/19,ambient,salmonShed,OceanOptics1.6.7
1199,7.75768202,2/12/19,ambient,salmonShed,OceanOptics1.6.7
1200,7.759701821,2/27/19,ambient,salmonShed,OceanOptics1.6.7
1201,7.76,10/3/18,ambient,salmonShed,UDA2182durfet
1202,7.76,10/10/18,ambient,salmonShed,UDA2182durfet
1203,7.76,10/12/18,ambient,salmonShed,UDA2182durfet
1204,7.76,11/4/18,ambient,salmonShed,UDA2182durfet
1205,7.76,11/29/18,ambient,salmonShed,UDA2182durfet
1206,7.76,12/6/18,ambient,salmonShed,UDA2182durfet
1207,7.76272656,3/20/19,ambient,salmonShed,OceanOptics1.6.7
1208,7.764700049,3/8/19,ambient,salmonShed,OceanOptics1.6.7
1209,7.76603142,4/2/19,ambient,salmonShed,OceanOptics1.6.7
1210,7.766837436,2/12/19,ambient,salmonShed,OceanOptics1.6.7
1211,7.77,9/13/18,ambient,salmonShed,UDA2182durfet
1212,7.77,9/23/18,ambient,salmonShed,UDA2182durfet
1213,7.77,10/13/18,ambient,salmonShed,UDA2182durfet
1214,7.77,10/18/18,ambient,salmonShed,UDA2182durfet
1215,7.77,11/1/18,ambient,salmonShed,UDA2182durfet
1216,7.77,11/3/18,ambient,salmonShed,UDA2182durfet
1217,7.77,11/7/18,ambient,salmonShed,UDA2182durfet
1218,7.77,11/26/18,ambient,salmonShed,UDA2182durfet
1219,7.77,11/27/18,ambient,salmonShed,UDA2182durfet
1220,7.77,11/30/18,ambient,salmonShed,UDA2182durfet
1221,7.77,12/1/18,ambient,salmonShed,UDA2182durfet
1222,7.77,12/8/18,ambient,salmonShed,UDA2182durfet
1223,7.77,12/10/18,ambient,salmonShed,UDA2182durfet
1224,7.77,12/19/18,ambient,salmonShed,UDA2182durfet
1225,7.77,12/26/18,ambient,salmonShed,UDA2182durfet
1226,7.77,2/7/19,highCO2,salmonShed,UDA2182durfet
1227,7.771293208,4/2/19,ambient,salmonShed,OceanOptics1.6.7
1228,7.774214198,2/21/19,ambient,salmonShed,OceanOptics1.6.7
1229,7.776995286,3/8/19,ambient,salmonShed,OceanOptics1.6.7
1230,7.776995656,2/21/19,ambient,salmonShed,OceanOptics1.6.7
1231,7.776995656,2/21/19,ambient,salmonShed,OceanOptics1.6.7
1232,7.778230151,2/21/19,ambient,salmonShed,OceanOptics1.6.7
1233,7.78,10/11/18,ambient,salmonShed,UDA2182durfet
1234,7.78,10/15/18,ambient,salmonShed,UDA2182durfet
1235,7.78,10/23/18,ambient,salmonShed,UDA2182durfet
1236,7.78,10/24/18,ambient,salmonShed,UDA2182durfet
1237,7.78,11/2/18,highCO2,salmonShed,UDA2182durfet
1238,7.78,11/12/18,ambient,salmonShed,UDA2182durfet
1239,7.78,11/14/18,ambient,salmonShed,UDA2182durfet
1240,7.78,11/17/18,ambient,salmonShed,UDA2182durfet
1241,7.78,11/18/18,ambient,salmonShed,UDA2182durfet
1242,7.78,11/20/18,ambient,salmonShed,UDA2182durfet
1243,7.78,11/23/18,ambient,salmonShed,UDA2182durfet
1244,7.78,11/25/18,ambient,salmonShed,UDA2182durfet
1245,7.78,12/9/18,ambient,salmonShed,UDA2182durfet
1246,7.78,12/12/18,ambient,salmonShed,UDA2182durfet
1247,7.78,12/18/18,ambient,salmonShed,UDA2182durfet
1248,7.78,12/22/18,ambient,salmonShed,UDA2182durfet
1249,7.78,12/29/18,ambient,salmonShed,UDA2182durfet
1250,7.78,1/6/19,ambient,salmonShed,UDA2182durfet
1251,7.78,1/23/19,ambient,salmonShed,UDA2182durfet
1252,7.78,1/24/19,ambient,salmonShed,UDA2182durfet
1253,7.78,2/24/19,highCO2,salmonShed,UDA2182durfet
1254,7.780061321,4/10/19,ambient,salmonShed,OceanOptics1.6.7
1255,7.780513909,4/10/19,ambient,salmonShed,OceanOptics1.6.7
1256,7.781623871,12/4/18,highCO2,salmonShed,OceanOptics1.6.7
1257,7.782599777,3/8/19,ambient,salmonShed,OceanOptics1.6.7
1258,7.783427768,3/8/19,ambient,salmonShed,OceanOptics1.6.7
1259,7.784050758,9/11/18,ambient,salmonShed,OceanOptics1.6.7
1260,7.784101214,9/11/18,ambient,salmonShed,OceanOptics1.6.7
1261,7.786294714,5/29/19,ambient,salmonShed,OceanOptics1.6.7
1262,7.786456204,3/8/19,ambient,salmonShed,OceanOptics1.6.7
1263,7.786842616,2/21/19,ambient,salmonShed,OceanOptics1.6.7
1264,7.787486853,7/3/19,ambient,salmonShed,OceanOptics1.6.7
1265,7.787847701,5/29/19,ambient,salmonShed,OceanOptics1.6.7
1266,7.788355354,5/29/19,ambient,salmonShed,OceanOptics1.6.7
1267,7.79,9/10/18,ambient,salmonShed,UDA2182durfet
1268,7.79,10/16/18,ambient,salmonShed,UDA2182durfet
1269,7.79,10/17/18,ambient,salmonShed,UDA2182durfet
1270,7.79,10/21/18,ambient,salmonShed,UDA2182durfet
1271,7.79,10/22/18,ambient,salmonShed,UDA2182durfet
1272,7.79,10/25/18,ambient,salmonShed,UDA2182durfet
1273,7.79,11/11/18,ambient,salmonShed,UDA2182durfet
1274,7.79,11/21/18,ambient,salmonShed,UDA2182durfet
1275,7.79,11/24/18,ambient,salmonShed,UDA2182durfet
1276,7.79,11/28/18,ambient,salmonShed,UDA2182durfet
1277,7.79,12/3/18,ambient,salmonShed,UDA2182durfet
1278,7.79,12/11/18,ambient,salmonShed,UDA2182durfet
1279,7.79,12/28/18,ambient,salmonShed,UDA2182durfet
1280,7.79,1/12/19,ambient,salmonShed,UDA2182durfet
1281,7.79,1/15/19,ambient,salmonShed,UDA2182durfet
1282,7.79,1/16/19,ambient,salmonShed,UDA2182durfet
1283,7.79,1/19/19,ambient,salmonShed,UDA2182durfet
1284,7.79,1/22/19,ambient,salmonShed,UDA2182durfet
1285,7.79,1/27/19,ambient,salmonShed,UDA2182durfet
1286,7.791914367,4/10/19,ambient,salmonShed,OceanOptics1.6.7
1287,7.791989228,3/8/19,ambient,salmonShed,OceanOptics1.6.7
1288,7.79307497,2/21/19,ambient,salmonShed,OceanOptics1.6.7
1289,7.799432616,3/27/19,ambient,salmonShed,OceanOptics1.6.7
1290,7.8,9/11/18,ambient,salmonShed,UDA2182durfet
1291,7.8,9/13/18,ambient,salmonShed,UDA2182durfet
1292,7.8,10/28/18,ambient,salmonShed,UDA2182durfet
1293,7.8,10/29/18,ambient,salmonShed,UDA2182durfet
1294,7.8,11/22/18,ambient,salmonShed,UDA2182durfet
1295,7.8,1/9/19,ambient,salmonShed,UDA2182durfet
1296,7.8,1/13/19,ambient,salmonShed,UDA2182durfet
1297,7.8,1/21/19,ambient,salmonShed,UDA2182durfet
1298,7.8,1/28/19,ambient,salmonShed,UDA2182durfet
1299,7.8,1/29/19,ambient,salmonShed,UDA2182durfet
1300,7.8,2/6/19,ambient,salmonShed,UDA2182durfet
1301,7.8,4/20/19,ambient,salmonShed,UDA2182durfet
1302,7.801777752,7/3/19,ambient,salmonShed,OceanOptics1.6.7
1303,7.803202797,3/27/19,ambient,salmonShed,OceanOptics1.6.7
1304,7.806238337,7/3/19,ambient,salmonShed,OceanOptics1.6.7
1305,7.80649293,6/5/19,ambient,salmonShed,OceanOptics1.6.7
1306,7.808321885,5/1/19,ambient,salmonShed,OceanOptics1.6.7
1307,7.808505634,5/1/19,ambient,salmonShed,OceanOptics1.6.7
1308,7.808612891,7/3/19,ambient,salmonShed,OceanOptics1.6.7
1309,7.809481988,5/8/19,ambient,salmonShed,OceanOptics1.6.7
1310,7.81,9/12/18,ambient,salmonShed,UDA2182durfet
1311,7.81,10/26/18,ambient,salmonShed,UDA2182durfet
1312,7.81,11/9/18,ambient,salmonShed,UDA2182durfet
1313,7.81,11/15/18,ambient,salmonShed,UDA2182durfet
1314,7.81,11/16/18,ambient,salmonShed,UDA2182durfet
1315,7.81,12/31/18,ambient,salmonShed,UDA2182durfet
1316,7.81,1/2/19,ambient,salmonShed,UDA2182durfet
1317,7.81,1/3/19,ambient,salmonShed,UDA2182durfet
1318,7.81,1/8/19,ambient,salmonShed,UDA2182durfet
1319,7.81,1/10/19,ambient,salmonShed,UDA2182durfet
1320,7.81,1/11/19,ambient,salmonShed,UDA2182durfet
1321,7.81,1/14/19,ambient,salmonShed,UDA2182durfet
1322,7.81,1/17/19,ambient,salmonShed,UDA2182durfet
1323,7.81,1/25/19,ambient,salmonShed,UDA2182durfet
1324,7.81,1/26/19,ambient,salmonShed,UDA2182durfet
1325,7.81,1/31/19,ambient,salmonShed,UDA2182durfet
1326,7.81,2/1/19,ambient,salmonShed,UDA2182durfet
1327,7.81,2/3/19,ambient,salmonShed,UDA2182durfet
1328,7.81,2/5/19,ambient,salmonShed,UDA2182durfet
1329,7.81,2/11/19,ambient,salmonShed,UDA2182durfet
1330,7.81,2/26/19,ambient,salmonShed,UDA2182durfet
1331,7.81,3/2/19,ambient,salmonShed,UDA2182durfet
1332,7.810762865,5/29/19,ambient,salmonShed,OceanOptics1.6.7
1333,7.812951809,7/3/19,ambient,salmonShed,OceanOptics1.6.7
1334,7.813907955,5/22/19,ambient,salmonShed,OceanOptics1.6.7
1335,7.813940127,4/10/19,ambient,salmonShed,OceanOptics1.6.7
1336,7.814733373,5/1/19,ambient,salmonShed,OceanOptics1.6.7
1337,7.815612993,5/22/19,ambient,salmonShed,OceanOptics1.6.7
1338,7.81574744,4/19/19,ambient,salmonShed,OceanOptics1.6.7
1339,7.81665462,5/1/19,ambient,salmonShed,OceanOptics1.6.7
1340,7.817902505,5/29/19,ambient,salmonShed,OceanOptics1.6.7
1341,7.818505627,5/1/19,ambient,salmonShed,OceanOptics1.6.7
1342,7.819610977,5/8/19,ambient,salmonShed,OceanOptics1.6.7
1343,7.82,10/27/18,ambient,salmonShed,UDA2182durfet
1344,7.82,11/2/18,ambient,salmonShed,UDA2182durfet
1345,7.82,12/21/18,ambient,salmonShed,UDA2182durfet
1346,7.82,12/30/18,ambient,salmonShed,UDA2182durfet
1347,7.82,1/4/19,ambient,salmonShed,UDA2182durfet
1348,7.82,1/5/19,ambient,salmonShed,UDA2182durfet
1349,7.82,1/7/19,ambient,salmonShed,UDA2182durfet
1350,7.82,1/18/19,ambient,salmonShed,UDA2182durfet
1351,7.82,1/20/19,ambient,salmonShed,UDA2182durfet
1352,7.82,1/30/19,ambient,salmonShed,UDA2182durfet
1353,7.82,2/4/19,ambient,salmonShed,UDA2182durfet
1354,7.82,2/12/19,ambient,salmonShed,UDA2182durfet
1355,7.82,2/15/19,ambient,salmonShed,UDA2182durfet
1356,7.82,2/17/19,ambient,salmonShed,UDA2182durfet
1357,7.82,2/18/19,ambient,salmonShed,UDA2182durfet
1358,7.82,2/19/19,ambient,salmonShed,UDA2182durfet
1359,7.82,2/21/19,ambient,salmonShed,UDA2182durfet
1360,7.82,2/22/19,ambient,salmonShed,UDA2182durfet
1361,7.82,2/23/19,ambient,salmonShed,UDA2182durfet
1362,7.82,2/27/19,ambient,salmonShed,UDA2182durfet
1363,7.82,3/1/19,ambient,salmonShed,UDA2182durfet
1364,7.82,3/6/19,ambient,salmonShed,UDA2182durfet
1365,7.82,3/7/19,ambient,salmonShed,UDA2182durfet
1366,7.820555666,5/8/19,ambient,salmonShed,OceanOptics1.6.7
1367,7.820896557,7/3/19,ambient,salmonShed,OceanOptics1.6.7
1368,7.821501751,5/1/19,ambient,salmonShed,OceanOptics1.6.7
1369,7.822579689,4/23/19,ambient,salmonShed,OceanOptics1.6.7
1370,7.822579689,4/23/19,ambient,salmonShed,OceanOptics1.6.7
1371,7.822649261,4/19/19,ambient,salmonShed,OceanOptics1.6.7
1372,7.823116352,6/21/19,highCO2,salmonShed,OceanOptics1.6.7
1373,7.825121197,5/1/19,ambient,salmonShed,OceanOptics1.6.7
1374,7.825551996,5/22/19,ambient,salmonShed,OceanOptics1.6.7
1375,7.826134412,4/19/19,ambient,salmonShed,OceanOptics1.6.7
1376,7.826469368,4/23/19,ambient,salmonShed,OceanOptics1.6.7
1377,7.826744852,5/29/19,ambient,salmonShed,OceanOptics1.6.7
1378,7.826830972,5/1/19,ambient,salmonShed,OceanOptics1.6.7
1379,7.828399615,5/22/19,ambient,salmonShed,OceanOptics1.6.7
1380,7.828568222,5/8/19,ambient,salmonShed,OceanOptics1.6.7
1381,7.828705813,6/13/19,ambient,salmonShed,OceanOptics1.6.7
1382,7.828705813,6/13/19,ambient,salmonShed,OceanOptics1.6.7
1383,7.829717715,4/19/19,ambient,salmonShed,OceanOptics1.6.7
1384,7.829824235,6/13/19,ambient,salmonShed,OceanOptics1.6.7
1385,7.83,9/12/18,ambient,salmonShed,UDA2182durfet
1386,7.83,2/7/19,ambient,salmonShed,UDA2182durfet
1387,7.83,2/8/19,ambient,salmonShed,UDA2182durfet
1388,7.83,2/20/19,ambient,salmonShed,UDA2182durfet
1389,7.83,2/25/19,ambient,salmonShed,UDA2182durfet
1390,7.83,3/3/19,ambient,salmonShed,UDA2182durfet
1391,7.83,3/4/19,ambient,salmonShed,UDA2182durfet
1392,7.83,3/5/19,ambient,salmonShed,UDA2182durfet
1393,7.83,3/17/19,ambient,salmonShed,UDA2182durfet
1394,7.830053386,4/23/19,ambient,salmonShed,OceanOptics1.6.7
1395,7.831405835,4/19/19,ambient,salmonShed,OceanOptics1.6.7
1396,7.831593573,3/27/19,ambient,salmonShed,OceanOptics1.6.7
1397,7.831593573,3/27/19,ambient,salmonShed,OceanOptics1.6.7
1398,7.833030165,4/19/19,ambient,salmonShed,OceanOptics1.6.7
1399,7.834085317,6/13/19,ambient,salmonShed,OceanOptics1.6.7
1400,7.836968001,3/27/19,ambient,salmonShed,OceanOptics1.6.7
1401,7.8377928,5/8/19,ambient,salmonShed,OceanOptics1.6.7
1402,7.839256931,5/1/19,ambient,salmonShed,OceanOptics1.6.7
1403,7.84,2/13/19,ambient,salmonShed,UDA2182durfet
1404,7.84,2/14/19,ambient,salmonShed,UDA2182durfet
1405,7.84,2/16/19,ambient,salmonShed,UDA2182durfet
1406,7.84,3/18/19,ambient,salmonShed,UDA2182durfet
1407,7.84,3/19/19,ambient,salmonShed,UDA2182durfet
1408,7.84,3/20/19,ambient,salmonShed,UDA2182durfet
1409,7.841535389,6/5/19,ambient,salmonShed,OceanOptics1.6.7
1410,7.842600722,6/13/19,ambient,salmonShed,OceanOptics1.6.7
1411,7.846205849,4/23/19,ambient,salmonShed,OceanOptics1.6.7
1412,7.848799399,6/21/19,ambient,salmonShed,OceanOptics1.6.7
1413,7.85,2/24/19,ambient,salmonShed,UDA2182durfet
1414,7.85,3/16/19,ambient,salmonShed,UDA2182durfet
1415,7.851396879,6/5/19,ambient,salmonShed,OceanOptics1.6.7
1416,7.853698319,6/21/19,ambient,salmonShed,OceanOptics1.6.7
1417,7.854267294,6/13/19,ambient,salmonShed,OceanOptics1.6.7
1418,7.854301422,6/21/19,ambient,salmonShed,OceanOptics1.6.7
1419,7.854675024,6/5/19,ambient,salmonShed,OceanOptics1.6.7
1420,7.855100477,3/27/19,ambient,salmonShed,OceanOptics1.6.7
1421,7.86,12/20/18,ambient,salmonShed,UDA2182durfet
1422,7.86,3/10/19,ambient,salmonShed,UDA2182durfet
1423,7.86019233,6/21/19,ambient,salmonShed,OceanOptics1.6.7
1424,7.86019233,6/21/19,ambient,salmonShed,OceanOptics1.6.7
1425,7.865209795,11/28/18,ambient,salmonShed,OceanOptics1.6.7
1426,7.869278573,5/22/19,ambient,salmonShed,OceanOptics1.6.7
1427,7.87,3/13/19,ambient,salmonShed,UDA2182durfet
1428,7.87,4/3/19,ambient,salmonShed,UDA2182durfet
1429,7.871256923,12/4/18,ambient,salmonShed,OceanOptics1.6.7
1430,7.87389136,6/5/19,ambient,salmonShed,OceanOptics1.6.7
1431,7.875160911,11/28/18,ambient,salmonShed,OceanOptics1.6.7
1432,7.875574195,12/4/18,ambient,salmonShed,OceanOptics1.6.7
1433,7.88,3/8/19,ambient,salmonShed,UDA2182durfet
1434,7.88,3/12/19,ambient,salmonShed,UDA2182durfet
1435,7.88,3/26/19,ambient,salmonShed,UDA2182durfet
1436,7.88,3/29/19,ambient,salmonShed,UDA2182durfet
1437,7.882885272,6/5/19,ambient,salmonShed,OceanOptics1.6.7
1438,7.89,3/15/19,ambient,salmonShed,UDA2182durfet
1439,7.89,4/10/19,ambient,salmonShed,UDA2182durfet
1440,7.89,5/18/19,highCO2,salmonShed,UDA2182durfet
1441,7.898607962,5/22/19,ambient,salmonShed,OceanOptics1.6.7
1442,7.9,3/28/19,ambient,salmonShed,UDA2182durfet
1443,7.9,4/2/19,ambient,salmonShed,UDA2182durfet
1444,7.9,4/21/19,ambient,salmonShed,UDA2182durfet
1445,7.9,5/11/19,ambient,salmonShed,UDA2182durfet
1446,7.91,3/25/19,ambient,salmonShed,UDA2182durfet
1447,7.91,3/31/19,ambient,salmonShed,UDA2182durfet
1448,7.91,4/1/19,ambient,salmonShed,UDA2182durfet
1449,7.92,3/22/19,ambient,salmonShed,UDA2182durfet
1450,7.92,3/27/19,ambient,salmonShed,UDA2182durfet
1451,7.92,3/30/19,ambient,salmonShed,UDA2182durfet
1452,7.94,3/9/19,ambient,salmonShed,UDA2182durfet
1453,7.94,3/14/19,ambient,salmonShed,UDA2182durfet
1454,7.94,4/6/19,ambient,salmonShed,UDA2182durfet
1455,7.94,4/11/19,ambient,salmonShed,UDA2182durfet
1456,7.94,5/3/19,ambient,salmonShed,UDA2182durfet
1457,7.95,4/8/19,ambient,salmonShed,UDA2182durfet
1458,7.95,6/4/19,ambient,salmonShed,UDA2182durfet
1459,7.96,4/12/19,ambient,salmonShed,UDA2182durfet
1460,7.96,4/19/19,ambient,salmonShed,UDA2182durfet
1461,7.96,4/28/19,ambient,salmonShed,UDA2182durfet
1462,7.96,4/30/19,ambient,salmonShed,UDA2182durfet
1463,7.96,5/1/19,ambient,salmonShed,UDA2182durfet
1464,7.96,5/4/19,ambient,salmonShed,UDA2182durfet
1465,7.96,5/5/19,ambient,salmonShed,UDA2182durfet
1466,7.97,4/27/19,ambient,salmonShed,UDA2182durfet
1467,7.97,4/29/19,ambient,salmonShed,UDA2182durfet
1468,7.97,5/7/19,ambient,salmonShed,UDA2182durfet
1469,7.97,5/20/19,ambient,salmonShed,UDA2182durfet
1470,7.97,6/2/19,ambient,salmonShed,UDA2182durfet
1471,7.97,6/3/19,ambient,salmonShed,UDA2182durfet
1472,7.98,4/4/19,ambient,salmonShed,UDA2182durfet
1473,7.98,4/13/19,ambient,salmonShed,UDA2182durfet
1474,7.98,4/22/19,ambient,salmonShed,UDA2182durfet
1475,7.98,5/2/19,ambient,salmonShed,UDA2182durfet
1476,7.98,5/6/19,ambient,salmonShed,UDA2182durfet
1477,7.99,3/24/19,ambient,salmonShed,UDA2182durfet
1478,7.99,4/24/19,ambient,salmonShed,UDA2182durfet
1479,7.99,4/25/19,ambient,salmonShed,UDA2182durfet
1480,7.99,4/26/19,ambient,salmonShed,UDA2182durfet
1481,7.99,5/9/19,ambient,salmonShed,UDA2182durfet
1482,7.99,5/16/19,ambient,salmonShed,UDA2182durfet
1483,7.99,6/5/19,ambient,salmonShed,UDA2182durfet
1484,7.99,7/3/19,ambient,salmonShed,UDA2182durfet
1485,8,4/7/19,ambient,salmonShed,UDA2182durfet
1486,8,4/17/19,ambient,salmonShed,UDA2182durfet
1487,8,4/23/19,ambient,salmonShed,UDA2182durfet
1488,8,5/8/19,ambient,salmonShed,UDA2182durfet
1489,8,5/10/19,ambient,salmonShed,UDA2182durfet
1490,8,5/19/19,ambient,salmonShed,UDA2182durfet
1491,8,5/22/19,ambient,salmonShed,UDA2182durfet
1492,8,5/24/19,ambient,salmonShed,UDA2182durfet
1493,8,5/27/19,ambient,salmonShed,UDA2182durfet
1494,8,6/1/19,ambient,salmonShed,UDA2182durfet
1495,8,6/8/19,ambient,salmonShed,UDA2182durfet
1496,8.01,5/18/19,ambient,salmonShed,UDA2182durfet
1497,8.01,5/21/19,ambient,salmonShed,UDA2182durfet
1498,8.01,5/23/19,ambient,salmonShed,UDA2182durfet
1499,8.01,5/26/19,ambient,salmonShed,UDA2182durfet
1500,8.01,6/12/19,ambient,salmonShed,UDA2182durfet
1501,8.01,7/2/19,ambient,salmonShed,UDA2182durfet
1502,8.02,5/12/19,ambient,salmonShed,UDA2182durfet
1503,8.02,5/28/19,ambient,salmonShed,UDA2182durfet
1504,8.02,5/31/19,ambient,salmonShed,UDA2182durfet
1505,8.02,6/17/19,ambient,salmonShed,UDA2182durfet
1506,8.02,7/8/19,highCO2,salmonShed,UDA2182durfet
1507,8.03,5/17/19,ambient,salmonShed,UDA2182durfet
1508,8.03,6/13/19,ambient,salmonShed,UDA2182durfet
1509,8.03,6/14/19,ambient,salmonShed,UDA2182durfet
1510,8.03,6/16/19,ambient,salmonShed,UDA2182durfet
1511,8.03,7/1/19,ambient,salmonShed,UDA2182durfet
1512,8.03,7/6/19,ambient,salmonShed,UDA2182durfet
1513,8.04,5/13/19,ambient,salmonShed,UDA2182durfet
1514,8.04,6/6/19,ambient,salmonShed,UDA2182durfet
1515,8.04,6/18/19,ambient,salmonShed,UDA2182durfet
1516,8.04,7/11/19,ambient,salmonShed,UDA2182durfet
1517,8.05,4/5/19,ambient,salmonShed,UDA2182durfet
1518,8.05,6/21/19,ambient,salmonShed,UDA2182durfet
1519,8.05,6/24/19,ambient,salmonShed,UDA2182durfet
1520,8.05,7/7/19,ambient,salmonShed,UDA2182durfet
1521,8.05,7/10/19,ambient,salmonShed,UDA2182durfet
1522,8.06,6/9/19,ambient,salmonShed,UDA2182durfet
1523,8.06,6/10/19,ambient,salmonShed,UDA2182durfet
1524,8.06,6/11/19,ambient,salmonShed,UDA2182durfet
1525,8.06,6/20/19,ambient,salmonShed,UDA2182durfet
1526,8.07,5/15/19,ambient,salmonShed,UDA2182durfet
1527,8.07,6/19/19,ambient,salmonShed,UDA2182durfet
1528,8.07,6/23/19,ambient,salmonShed,UDA2182durfet
1529,8.08,5/29/19,ambient,salmonShed,UDA2182durfet
1530,8.08,5/30/19,ambient,salmonShed,UDA2182durfet
1531,8.1,6/22/19,ambient,salmonShed,UDA2182durfet
1532,8.17,10/26/18,ambient,salmonShed,UDA2182durfet
1533,8.2,6/7/19,ambient,salmonShed,UDA2182durfet
1534,8.3,12/12/18,ambient,salmonShed,UDA2182durfet
1535,8.49,11/11/18,ambient,salmonShed,UDA2182durfet
1536,8.8,4/18/19,ambient,salmonShed,UDA2182durfet
1537,8.8,5/25/19,ambient,salmonShed,UDA2182durfet
1538,10.85,11/9/18,ambient,salmonShed,UDA2182durfet
1539,12.42,12/13/18,ambient,salmonShed,UDA2182durfet
1540,12.79,11/12/18,ambient,salmonShed,UDA2182durfet
1541,13,12/14/18,ambient,salmonShed,UDA2182durfet
1542,14,9/11/18,highCO2,salmonShed,UDA2182durfet
1543,14,10/30/18,ambient,salmonShed,UDA2182durfet
1544,14,11/14/18,ambient,salmonShed,UDA2182durfet
1545,14,11/15/18,ambient,salmonShed,UDA2182durfet
1546,14,11/16/18,ambient,salmonShed,UDA2182durfet
1547,14,11/17/18,ambient,salmonShed,UDA2182durfet
1548,14,11/18/18,ambient,salmonShed,UDA2182durfet
1549,14,11/20/18,ambient,salmonShed,UDA2182durfet
1550,14,11/21/18,ambient,salmonShed,UDA2182durfet
1551,14,11/22/18,ambient,salmonShed,UDA2182durfet
1552,14,11/23/18,ambient,salmonShed,UDA2182durfet
1553,14,11/24/18,ambient,salmonShed,UDA2182durfet
1554,14,11/25/18,ambient,salmonShed,UDA2182durfet
1555,14,11/26/18,ambient,salmonShed,UDA2182durfet
1556,14,11/27/18,ambient,salmonShed,UDA2182durfet
1557,14,11/28/18,ambient,salmonShed,UDA2182durfet
1558,14,11/29/18,ambient,salmonShed,UDA2182durfet
1559,14,11/30/18,ambient,salmonShed,UDA2182durfet
1560,14,12/1/18,ambient,salmonShed,UDA2182durfet
1561,14,12/2/18,ambient,salmonShed,UDA2182durfet
1562,14,12/3/18,ambient,salmonShed,UDA2182durfet
1563,14,12/4/18,ambient,salmonShed,UDA2182durfet
1564,14,12/5/18,ambient,salmonShed,UDA2182durfet
1565,14,12/6/18,ambient,salmonShed,UDA2182durfet
1566,14,12/8/18,ambient,salmonShed,UDA2182durfet
1567,14,12/9/18,ambient,salmonShed,UDA2182durfet
1568,14,12/10/18,ambient,salmonShed,UDA2182durfet
1569,14,12/11/18,ambient,salmonShed,UDA2182durfet
1570,14,12/16/18,ambient,salmonShed,UDA2182durfet
1571,14,12/17/18,ambient,salmonShed,UDA2182durfet
1572,14,12/18/18,ambient,salmonShed,UDA2182durfet
1573,14,12/19/18,ambient,salmonShed,UDA2182durfet