"","experiment","unit","unit_number","date","pH","temp"
"1","Juvenile","Tank",6,"08/28/18","7.21","12.4"
"2","Juvenile","Tank",6,"08/29/18","7.2","12.5"
"3","Juvenile","Tank",6,"08/30/18","7.2","12.5"
"4","Juvenile","Tank",6,"08/31/18","7.18","12.7"
"5","Juvenile","Tank",6,"09/04/18","7.22","12.6"
"6","Juvenile","Tank",6,"09/05/18","7.18","12.7"
"7","Juvenile","Tank",6,"09/06/18","7.23","12.7"
"8","Juvenile","Tank",6,"09/07/18","7.2","12.8"
"9","Juvenile","Tank",6,"09/10/18","7.4","13.3"
"10","Juvenile","Tank",6,"09/11/18","7.18","13.4"
"11","Juvenile","Tank",6,"09/12/18","7.2","13.6"
"12","Juvenile","Tank",6,"09/13/18","7.2","13.4"
"13","Juvenile","Tank",6,"09/14/18","7.26","13"
"14","Juvenile","Tank",6,"09/15/18","7.18","12.7"
"15","Juvenile","Tank",6,"09/18/18","7.19","12.3"
"16","Juvenile","Tank",6,"09/19/18","7.22","12.3"
"17","Juvenile","Tank",6,"09/20/18","7.18","12.4"
"18","Juvenile","Tank",6,"09/21/18","7.22","12.7"
"19","Juvenile","Tank",6,"09/23/18","7.2","13"
"20","Juvenile","Tank",6,"09/24/18","7.21","12.6"
"21","Juvenile","Tank",6,"09/25/18","7.21","12.6"
"22","Juvenile","Tank",6,"09/26/18","7.19","12.5"
"23","Juvenile","Tank",6,"09/27/18","7.18","12.6"
"24","Juvenile","Tank",6,"09/29/18","7.21","12.7"
"25","Juvenile","Tank",6,"10/01/18","7.18","12.9"
"26","Juvenile","Tank",6,"10/02/18","7.19","12.9"
"27","Juvenile","Tank",6,"10/03/18","7.21","12.9"
"28","Juvenile","Tank",6,"10/04/18","7.2","12.6"
"29","Juvenile","Tank",6,"10/05/18","7.18","12.3"
"30","Juvenile","Tank",6,"10/06/18","7.19","12.4"
"31","Juvenile","Tank",6,"10/08/18","7.19","12.5"
"32","Juvenile","Tank",6,"10/09/18","7.47","12.4"
"33","Juvenile","Tank",6,"10/10/18","7.19","12.4"
"34","Juvenile","Tank",6,"10/11/18","7.18","12.4"
"35","Juvenile","Tank",6,"10/12/18","7.22","12.4"
"36","Juvenile","Tank",6,"10/13/18","7.18","12.3"
"37","Juvenile","Tank",6,"10/15/18","7.24","12.2"
"38","Juvenile","Tank",6,"10/16/18","7.24","12.3"
"39","Juvenile","Tank",6,"10/17/18","7.18","12.2"
"40","Juvenile","Tank",6,"10/18/18","7.17","12.3"
"41","Juvenile","Tank",6,"10/21/18","7.23","12.3"
"42","Juvenile","Tank",6,"10/22/18","7.16","12.3"
"43","Juvenile","Tank",6,"10/23/18","7.17","12.2"
"44","Juvenile","Tank",6,"10/24/18","7.2","12.4"
"45","Juvenile","Tank",6,"10/25/18","7.18","12.4"
"46","Juvenile","Tank",6,"10/26/18","7.22","12.4"
"47","Juvenile","Tank",6,"10/27/18","7.21","12.4"
"48","Juvenile","Tank",6,"10/28/18","7.22","12.3"
"49","Juvenile","Tank",6,"10/29/18","7.21","12.2"
"50","Juvenile","Tank",6,"10/30/18","7.21","12.2"
"51","Juvenile","Tank",6,"10/31/18","7.2","12.1"
"52","Juvenile","Tank",6,"11/01/18","7.2","12.3"
"53","Juvenile","Tank",6,"11/02/18","7.2","12.3"
"54","Juvenile","Tank",6,"11/03/18","7.21","12.1"
"55","Juvenile","Tank",6,"11/04/18","7.17","12.1"
"56","Juvenile","Tank",6,"11/05/18","7.25","12"
"57","Juvenile","Tank",6,"11/06/18","7.18","12"
"58","Juvenile","Tank",6,"11/07/18","7.21","11.8"
"59","Juvenile","Tank",6,"11/09/18","7.21","11.7"
"60","Juvenile","Tank",6,"11/11/18","7.21","11.5"
"61","Juvenile","Tank",6,"11/12/18","7.23","11.3"
"62","Juvenile","Tank",6,"11/14/18","7.24","11.3"
"63","Juvenile","Tank",6,"11/15/18","7.21","11.4"
"64","Juvenile","Tank",6,"11/16/18","7.24","11.4"
"65","Juvenile","Tank",6,"11/17/18","7.23","11.2"
"66","Juvenile","Tank",6,"11/18/18","7.25","11.1"
"67","Juvenile","Tank",6,"11/20/18","7.3","11.2"
"68","Juvenile","Tank",6,"11/21/18","7.17","11.4"
"69","Juvenile","Tank",6,"11/22/18","7.23","11.3"
"70","Juvenile","Tank",6,"11/23/18","7.15","11.3"
"71","Juvenile","Tank",6,"11/24/18","7.16","11.3"
"72","Juvenile","Tank",6,"11/25/18","7.17","11.3"
"73","Juvenile","Tank",6,"11/26/18","7.14","11.6"
"74","Juvenile","Tank",6,"11/27/18","7.22","11.5"
"75","Juvenile","Tank",6,"11/28/18","7.17","11.3"
"76","Juvenile","Tank",6,"11/29/18","7.24","11.3"
"77","Juvenile","Tank",6,"11/30/18","7.21","11.4"
"78","Juvenile","Tank",6,"12/01/18","7.19","11.2"
"79","Juvenile","Tank",6,"12/02/18","7.24","11.2"
"80","Juvenile","Tank",6,"12/03/18","7.25","10.9"
"81","Juvenile","Tank",6,"12/04/18","7.13","10.7"
"82","Juvenile","Tank",6,"12/05/18","7.25","10.6"
"83","Juvenile","Tank",6,"12/06/18","7.2","10.7"
"84","Juvenile","Tank",6,"12/08/18","7.23","10.5"
"85","Juvenile","Tank",6,"12/09/18","7.18","10.3"
"86","Juvenile","Tank",6,"12/10/18","7.27","10.4"
"87","Juvenile","Tank",6,"12/11/18","7.17","10.2"
"88","Juvenile","Tank",6,"12/12/18","7.1","10.2"
"89","Juvenile","Tank",6,"12/13/18","7.24","10.7"
"90","Juvenile","Tank",6,"12/14/18","7.2","10.6"
"91","Juvenile","Tank",6,"12/15/18","7.2","10.3"
"92","Juvenile","Tank",6,"12/16/18","7.2","10.5"
"93","Juvenile","Tank",6,"12/17/18","7.21","10.4"
"94","Juvenile","Tank",6,"12/18/18","7.2","10.5"
"95","Juvenile","Tank",6,"12/19/18","7.21","10.3"
"96","Juvenile","Tank",6,"12/20/18","7.21","10.4"
"97","Juvenile","Tank",6,"12/21/18","7.2","10.2"
"98","Juvenile","Tank",6,"12/22/18","7.21","10.3"
"99","Juvenile","Tank",6,"12/23/18","7.19","10.3"
"100","Juvenile","Tank",6,"12/24/18","7.19","10.1"
"101","Juvenile","Tank",6,"12/26/18","7.22","10"
"102","Juvenile","Tank",6,"12/28/18","7.2","9.7"
"103","Juvenile","Tank",6,"12/29/18","7.16","9.8"
"104","Juvenile","Tank",6,"12/30/18","7.18","9.4"
"105","Juvenile","Tank",6,"12/31/18","7.14","9.2"
"106","Juvenile","Tank",6,"01/02/19","7.2","9.4"
"107","Juvenile","Tank",6,"01/03/19","7.2","9.3"
"108","Juvenile","Tank",6,"01/04/19","7.14","9.4"
"109","Juvenile","Tank",6,"01/05/19","7.17","9.3"
"110","Juvenile","Tank",6,"01/06/19","7.15","9.4"
"111","Juvenile","Tank",6,"01/07/19","7.21","9.1"
"112","Juvenile","Tank",6,"01/08/19","7.2","9.2"
"113","Juvenile","Tank",6,"01/09/19","7.22","9.5"
"114","Juvenile","Tank",6,"01/10/19","7.22","9.6"
"115","Juvenile","Tank",6,"01/11/19","7.18","9.3"
"116","Juvenile","Tank",6,"01/12/19","7.19","9.3"
"117","Juvenile","Tank",6,"01/13/19","7.16","9.2"
"118","Juvenile","Tank",6,"01/14/19","7.21","9.2"
"119","Juvenile","Tank",6,"01/15/19","7.13","8.9"
"120","Juvenile","Tank",6,"01/16/19","7.14","8.9"
"121","Juvenile","Tank",6,"01/17/19","7.13","9.1"
"122","Juvenile","Tank",6,"01/18/19","7.14","9.3"
"123","Juvenile","Tank",6,"01/19/19","7.21","9.2"
"124","Juvenile","Tank",6,"01/20/19","7.18","9.2"
"125","Juvenile","Tank",6,"01/21/19","7.16","9.3"
"126","Juvenile","Tank",6,"01/22/19","7.16","9.3"
"127","Juvenile","Tank",6,"01/23/19","7.17","9.3"
"128","Juvenile","Tank",6,"01/24/19","7.17","9.2"
"129","Juvenile","Tank",6,"01/25/19","7.23","9.3"
"130","Juvenile","Tank",6,"01/26/19","7.21","9.2"
"131","Juvenile","Tank",6,"01/27/19","7.1","9"
"132","Juvenile","Tank",6,"01/28/19","7.13","9"
"133","Juvenile","Tank",6,"01/29/19","7.12","9.2"
"134","Juvenile","Tank",6,"01/30/19","7.22","9"
"135","Juvenile","Tank",6,"01/31/19","7.2","9.3"
"136","Juvenile","Tank",6,"02/01/19","7.2","9.3"
"137","Juvenile","Tank",6,"02/03/19","7.24","8.9"
"138","Juvenile","Tank",6,"02/04/19","7.2","8.7"
"139","Juvenile","Tank",6,"02/05/19","7.22","8.8"
"140","Juvenile","Tank",6,"02/06/19","7.22","8.8"
"141","Juvenile","Tank",6,"02/07/19","7.21","8.5"
"142","Juvenile","Tank",6,"02/08/19","7.2","8.5"
"143","Juvenile","Tank",6,"02/11/19","7.19","8.8"
"144","Juvenile","Tank",6,"02/12/19","7.21","8.6"
"145","Juvenile","Tank",6,"02/13/19","7.21","8.2"
"146","Juvenile","Tank",6,"02/14/19","7.21","8.2"
"147","Juvenile","Tank",6,"02/15/19","7.21","8.8"
"148","Juvenile","Tank",6,"02/16/19","7.27","8.7"
"149","Juvenile","Tank",6,"02/17/19","7.21","8.4"
"150","Juvenile","Tank",6,"02/18/19","7.27","8.7"
"151","Juvenile","Tank",6,"02/19/19","7.2","8.7"
"152","Juvenile","Tank",6,"02/20/19","7.25","8.4"
"153","Juvenile","Tank",6,"02/21/19","7.19","8.7"
"154","Juvenile","Tank",6,"02/22/19","7.19","8.8"
"155","Juvenile","Tank",6,"02/23/19","7.75","8.7"
"156","Juvenile","Tank",6,"02/24/19","7.78","8.5"
"157","Juvenile","Tank",6,"02/25/19","7.21","8.4"
"158","Juvenile","Tank",6,"02/26/19","7.21","8.5"
"159","Juvenile","Tank",6,"02/27/19","7.21","8.5"
"160","Juvenile","Tank",6,"03/01/19","7.18","8.6"
"161","Juvenile","Tank",6,"03/02/19","7.22","8.5"
"162","Juvenile","Tank",6,"03/03/19","7.22","8.5"
"163","Juvenile","Tank",6,"03/04/19","7.21","8.3"
"164","Juvenile","Tank",6,"03/05/19","7.19","8.6"
"165","Juvenile","Tank",6,"03/06/19","7.21","8.4"
"166","Juvenile","Tank",6,"03/07/19","7.18","8.6"
"167","Juvenile","Tank",6,"03/08/19","7.23","8.3"
"168","Juvenile","Tank",6,"03/09/19","7.14","8"
"169","Juvenile","Tank",6,"03/10/19","7.12","8"
"170","Juvenile","Tank",6,"03/12/19","7.18","8.2"
"171","Juvenile","Tank",6,"03/13/19","7.22","8.1"
"172","Juvenile","Tank",6,"03/14/19","7.19","8.7"
"173","Juvenile","Tank",6,"03/15/19","7.24","8.4"
"174","Juvenile","Tank",6,"03/16/19","7.21","8.4"
"175","Juvenile","Tank",6,"03/17/19","7.2","8.7"
"176","Juvenile","Tank",6,"03/18/19","7.21","8.7"
"177","Juvenile","Tank",6,"03/19/19","7.2","8.9"
"178","Juvenile","Tank",6,"03/20/19","7.2","8.6"
"179","Juvenile","Tank",6,"03/22/19","7.2","8.5"
"180","Juvenile","Tank",6,"03/23/19","7.15","8.6"
"181","Juvenile","Tank",6,"03/24/19","7.17","8.8"
"182","Juvenile","Tank",6,"03/25/19","7.17","9"
"183","Juvenile","Tank",6,"03/26/19","7.14","8.5"
"184","Juvenile","Tank",6,"03/27/19","7.17","8.5"
"185","Juvenile","Tank",6,"03/28/19","7.14","8.6"
"186","Juvenile","Tank",6,"03/29/19","7.18","8.7"
"187","Juvenile","Tank",6,"03/30/19","7.2","8.7"
"188","Juvenile","Tank",6,"03/31/19","7.25","8.8"
"189","Juvenile","Tank",6,"04/01/19","7.2","8.7"
"190","Juvenile","Tank",6,"04/02/19","7.19","8.6"
"191","Juvenile","Tank",6,"04/03/19","7.17","8.8"
"192","Juvenile","Tank",6,"04/04/19","7.24","9.1"
"193","Juvenile","Tank",6,"04/05/19","7.23","9.4"
"194","Juvenile","Tank",6,"04/06/19","7.29","9.3"
"195","Juvenile","Tank",6,"04/07/19","7.18","9.3"
"196","Juvenile","Tank",6,"04/08/19","7.25","8.9"
"197","Juvenile","Tank",6,"04/10/19","7.19","8.8"
"198","Juvenile","Tank",6,"04/11/19","7.19","8.9"
"199","Juvenile","Tank",6,"04/12/19","7.26","9.1"
"200","Juvenile","Tank",6,"04/13/19","7.13","8.9"
"201","Juvenile","Tank",6,"04/17/19","7.17","9.4"
"202","Juvenile","Tank",6,"04/18/19","7.22","9.6"
"203","Juvenile","Tank",6,"04/19/19","7.12","9.5"
"204","Juvenile","Tank",6,"04/20/19","7.1","9.2"
"205","Juvenile","Tank",6,"04/21/19","7.17","9.2"
"206","Juvenile","Tank",6,"04/22/19","6.96","9.3"
"207","Juvenile","Tank",6,"04/23/19","7.05","9.6"
"208","Juvenile","Tank",6,"04/24/19","7.1","9.3"
"209","Juvenile","Tank",6,"04/25/19","7.15","9.2"
"210","Juvenile","Tank",6,"04/26/19","7.29","9.7"
"211","Juvenile","Tank",6,"04/27/19","7.15","9.5"
"212","Juvenile","Tank",6,"04/28/19","7.24","9.7"
"213","Juvenile","Tank",6,"04/29/19","7.18","9.4"
"214","Juvenile","Tank",6,"04/30/19","7.14","9.5"
"215","Juvenile","Tank",6,"05/01/19","7.14","9.3"
"216","Juvenile","Tank",6,"05/02/19","7.18","9.6"
"217","Juvenile","Tank",6,"05/03/19","7.22","9.5"
"218","Juvenile","Tank",6,"05/04/19","7.22","10.2"
"219","Juvenile","Tank",6,"05/05/19","7.2","10"
"220","Juvenile","Tank",6,"05/06/19","7.2","10.7"
"221","Juvenile","Tank",6,"05/07/19","7.17","10.1"
"222","Juvenile","Tank",6,"05/08/19","7.11","10.8"
"223","Juvenile","Tank",6,"05/09/19","7.15","10"
"224","Juvenile","Tank",6,"05/10/19","7.18","10.4"
"225","Juvenile","Tank",6,"05/11/19","7.16","10.3"
"226","Juvenile","Tank",6,"05/12/19","7.1","10"
"227","Juvenile","Tank",6,"05/13/19","7.08","10.2"
"228","Juvenile","Tank",6,"05/15/19","7.07","10.5"
"229","Juvenile","Tank",6,"05/16/19","7.16","10.5"
"230","Juvenile","Tank",6,"05/17/19","7.17","10.4"
"231","Juvenile","Tank",6,"05/18/19","7.15","10.4"
"232","Juvenile","Tank",6,"05/19/19","7.15","10.3"
"233","Juvenile","Tank",6,"05/20/19","7.18","10.1"
"234","Juvenile","Tank",6,"05/21/19","7.17","10.1"
"235","Juvenile","Tank",6,"05/22/19","7.2","10.3"
"236","Juvenile","Tank",6,"05/23/19","7.19","11.3"
"237","Juvenile","Tank",6,"05/24/19","7.21","10.5"
"238","Juvenile","Tank",6,"05/25/19","7.23","10.5"
"239","Juvenile","Tank",6,"05/26/19","7.24","10.5"
"240","Juvenile","Tank",6,"05/27/19","7.18","10.5"
"241","Juvenile","Tank",6,"05/28/19","7.19","10.6"
"242","Juvenile","Tank",6,"05/29/19","7.28","11"
"243","Juvenile","Tank",6,"05/30/19","7.2","11"
"244","Juvenile","Tank",6,"05/31/19","7.27","10.7"
"245","Juvenile","Tank",6,"06/01/19","7.22","10.7"
"246","Juvenile","Tank",6,"06/02/19","7.24","10.7"
"247","Juvenile","Tank",6,"06/03/19","7.22","10.7"
"248","Juvenile","Tank",6,"06/04/19","7.3","10.7"
"249","Juvenile","Tank",6,"06/05/19","7.26","10.6"
"250","Juvenile","Tank",6,"06/06/19","7.27","10.9"
"251","Juvenile","Tank",6,"06/07/19","7.19","10.9"
"252","Juvenile","Tank",6,"06/08/19","7.2","11"
"253","Juvenile","Tank",6,"06/09/19","7.2","11.4"
"254","Juvenile","Tank",6,"06/10/19","7.16","11"
"255","Juvenile","Tank",6,"06/11/19","7.22","11.3"
"256","Juvenile","Tank",6,"06/12/19","7.08","11.6"
"257","Juvenile","Tank",6,"06/13/19","7.15","11.4"
"258","Juvenile","Tank",6,"06/14/19","7.15","11.3"
"259","Juvenile","Tank",6,"06/16/19","7.17","11.7"
"260","Juvenile","Tank",6,"06/17/19","7.16","11.6"
"261","Juvenile","Tank",6,"06/18/19","7.22","11.3"
"262","Juvenile","Tank",6,"06/19/19","7.12","11.7"
"263","Juvenile","Tank",6,"06/20/19","7.12","11.7"
"264","Juvenile","Tank",6,"06/21/19","7.23","11.4"
"265","Juvenile","Tank",6,"06/22/19","7.22","11.8"
"266","Juvenile","Tank",6,"06/23/19","7.21","11.6"
"267","Juvenile","Tank",6,"06/24/19","7.21","11.5"
"268","Juvenile","Tank",6,"06/25/19","7.14","11.8"
"269","Juvenile","Tank",6,"07/01/19","7.2","12"
"270","Juvenile","Tank",6,"07/02/19","7.19","11.5"
"271","Juvenile","Tank",6,"07/03/19","7.18","11.6"
"272","Juvenile","Tank",6,"07/06/19","7.22","12"
"273","Juvenile","Tank",6,"07/07/19","7.19","12.2"
"274","Juvenile","Tank",6,"07/08/19","7.19","11.9"
"275","Juvenile","Tank",6,"07/09/19","7.21","12"
"276","Juvenile","Tank",6,"07/10/19","7.19","12.5"
"277","Juvenile","Tank",6,"07/11/19","7.18","12.2"
"278","Juvenile","Tank",5,"08/28/18","7.69","12.4"
"279","Juvenile","Tank",5,"08/29/18","7.7","12.5"
"280","Juvenile","Tank",5,"08/30/18","7.69","12.5"
"281","Juvenile","Tank",5,"08/31/18","7.71","12.6"
"282","Juvenile","Tank",5,"09/04/18","7.72","12.6"
"283","Juvenile","Tank",5,"09/05/18","7.71","12.7"
"284","Juvenile","Tank",5,"09/06/18","7.71","12.7"
"285","Juvenile","Tank",5,"09/07/18","7.7","12.8"
"286","Juvenile","Tank",5,"09/10/18","7.79","13.3"
"287","Juvenile","Tank",5,"09/11/18","7.8","13.4"
"288","Juvenile","Tank",5,"09/12/18","7.83","13.5"
"289","Juvenile","Tank",5,"09/13/18","7.8","13.3"
"290","Juvenile","Tank",5,"09/14/18","7.75","12.9"
"291","Juvenile","Tank",5,"09/15/18","7.74","12.7"
"292","Juvenile","Tank",5,"09/18/18","7.69","12.3"
"293","Juvenile","Tank",5,"09/19/18","7.67","12.2"
"294","Juvenile","Tank",5,"09/20/18","7.69","12.4"
"295","Juvenile","Tank",5,"09/21/18","7.72","21.7"
"296","Juvenile","Tank",5,"09/23/18","7.77","13"
"297","Juvenile","Tank",5,"09/24/18","7.74","12.6"
"298","Juvenile","Tank",5,"09/25/18","7.72","12.5"
"299","Juvenile","Tank",5,"09/26/18","7.72","12.4"
"300","Juvenile","Tank",5,"09/27/18","7.71","12.6"
"301","Juvenile","Tank",5,"09/29/18","7.72","12.6"
"302","Juvenile","Tank",5,"10/01/18","7.75","12.8"
"303","Juvenile","Tank",5,"10/02/18","7.74","12.8"
"304","Juvenile","Tank",5,"10/03/18","7.76","12.8"
"305","Juvenile","Tank",5,"10/04/18","7.73","12.5"
"306","Juvenile","Tank",5,"10/05/18","7.73","12.3"
"307","Juvenile","Tank",5,"10/06/18","7.73","12.4"
"308","Juvenile","Tank",5,"10/08/18","7.67","12.4"
"309","Juvenile","Tank",5,"10/09/18","7.63","12.4"
"310","Juvenile","Tank",5,"10/10/18","7.67","12.4"
"311","Juvenile","Tank",5,"10/11/18","7.71","12.3"
"312","Juvenile","Tank",5,"10/12/18","7.69","12.4"
"313","Juvenile","Tank",5,"10/13/18","7.71","12.2"
"314","Juvenile","Tank",5,"10/15/18","7.73","12.1"
"315","Juvenile","Tank",5,"10/16/18","7.72","12.2"
"316","Juvenile","Tank",5,"10/17/18","7.73","12.1"
"317","Juvenile","Tank",5,"10/18/18","7.71","12.2"
"318","Juvenile","Tank",5,"10/21/18","7.74","12.3"
"319","Juvenile","Tank",5,"10/22/18","7.7","12.2"
"320","Juvenile","Tank",5,"10/23/18","7.71","12.1"
"321","Juvenile","Tank",5,"10/24/18","7.69","12.4"
"322","Juvenile","Tank",5,"10/25/18","7.7","12.4"
"323","Juvenile","Tank",5,"10/26/18","8.17","73.8"
"324","Juvenile","Tank",5,"10/27/18","----","----"
"325","Juvenile","Tank",5,"10/28/18","0","74.4"
"326","Juvenile","Tank",5,"10/29/18","1.43","78"
"327","Juvenile","Tank",5,"10/30/18","14","69.5"
"328","Juvenile","Tank",5,"10/31/18","0","68"
"329","Juvenile","Tank",5,"11/01/18","----","61.3"
"330","Juvenile","Tank",5,"11/02/18","----","----"
"331","Juvenile","Tank",5,"11/03/18","----","----"
"332","Juvenile","Tank",5,"11/04/18","----","----"
"333","Juvenile","Tank",5,"11/05/18","0","68.9"
"334","Juvenile","Tank",5,"11/06/18","2.4","73.7"
"335","Juvenile","Tank",5,"11/07/18","4.54","73.7"
"336","Juvenile","Tank",5,"11/09/18","10.85","109"
"337","Juvenile","Tank",5,"11/11/18","8.49","96"
"338","Juvenile","Tank",5,"11/12/18","12.79","98.4"
"339","Juvenile","Tank",5,"11/14/18","14","72.3"
"340","Juvenile","Tank",5,"11/15/18","14","107.9"
"341","Juvenile","Tank",5,"11/16/18","14","99"
"342","Juvenile","Tank",5,"11/17/18","14","97"
"343","Juvenile","Tank",5,"11/18/18","14","106.8"
"344","Juvenile","Tank",5,"11/20/18","14","82.3"
"345","Juvenile","Tank",5,"11/21/18","14","84"
"346","Juvenile","Tank",5,"11/22/18","14","66.5"
"347","Juvenile","Tank",5,"11/23/18","14","63.1"
"348","Juvenile","Tank",5,"11/24/18","14","64.9"
"349","Juvenile","Tank",5,"11/25/18","14","0"
"350","Juvenile","Tank",5,"11/26/18","14","0"
"351","Juvenile","Tank",5,"11/27/18","14","51"
"352","Juvenile","Tank",5,"11/28/18","14","0"
"353","Juvenile","Tank",5,"11/29/18","14","58"
"354","Juvenile","Tank",5,"11/30/18","14","0"
"355","Juvenile","Tank",5,"12/01/18","14","0"
"356","Juvenile","Tank",5,"12/02/18","14","0"
"357","Juvenile","Tank",5,"12/03/18","14","0"
"358","Juvenile","Tank",5,"12/04/18","14","0"
"359","Juvenile","Tank",5,"12/05/18","14","0"
"360","Juvenile","Tank",5,"12/06/18","14","55"
"361","Juvenile","Tank",5,"12/08/18","14","53"
"362","Juvenile","Tank",5,"12/09/18","14","0"
"363","Juvenile","Tank",5,"12/10/18","14","52.4"
"364","Juvenile","Tank",5,"12/11/18","14","57.7"
"365","Juvenile","Tank",5,"12/12/18","8.3","57.4"
"366","Juvenile","Tank",5,"12/13/18","12.42","58.6"
"367","Juvenile","Tank",5,"12/14/18","13","74"
"368","Juvenile","Tank",5,"12/15/18","4.54","39"
"369","Juvenile","Tank",5,"12/16/18","14","80"
"370","Juvenile","Tank",5,"12/17/18","14","85.9"
"371","Juvenile","Tank",5,"12/18/18","14","41.4"
"372","Juvenile","Tank",5,"12/19/18","14","66"
"373","Juvenile","Tank",5,"12/20/18","----","----"
"374","Juvenile","Tank",5,"12/21/18","----","----"
"375","Juvenile","Tank",5,"12/22/18","----","----"
"376","Juvenile","Tank",5,"12/23/18","----","----"
"377","Juvenile","Tank",5,"12/24/18","----","----"
"378","Juvenile","Tank",5,"12/26/18","----","----"
"379","Juvenile","Tank",5,"12/28/18","----","----"
"380","Juvenile","Tank",5,"12/29/18","----","----"
"381","Juvenile","Tank",5,"12/30/18","----","----"
"382","Juvenile","Tank",5,"12/31/18","----","----"
"383","Juvenile","Tank",5,"01/02/19","----","----"
"384","Juvenile","Tank",5,"01/03/19","----","----"
"385","Juvenile","Tank",5,"01/04/19","----","----"
"386","Juvenile","Tank",5,"01/05/19","----","----"
"387","Juvenile","Tank",5,"01/06/19","----","----"
"388","Juvenile","Tank",5,"01/07/19","----","----"
"389","Juvenile","Tank",5,"01/08/19","----","----"
"390","Juvenile","Tank",5,"01/09/19","----","----"
"391","Juvenile","Tank",5,"01/10/19","----","----"
"392","Juvenile","Tank",5,"01/11/19","----","----"
"393","Juvenile","Tank",5,"01/12/19","----","----"
"394","Juvenile","Tank",5,"01/13/19","----","----"
"395","Juvenile","Tank",5,"01/14/19","----","----"
"396","Juvenile","Tank",5,"01/15/19","----","----"
"397","Juvenile","Tank",5,"01/16/19","----","----"
"398","Juvenile","Tank",5,"01/17/19","----","----"
"399","Juvenile","Tank",5,"01/18/19","----","----"
"400","Juvenile","Tank",5,"01/19/19","----","----"
"401","Juvenile","Tank",5,"01/20/19","----","----"
"402","Juvenile","Tank",5,"01/21/19","----","----"
"403","Juvenile","Tank",5,"01/22/19","----","----"
"404","Juvenile","Tank",5,"01/23/19","----","----"
"405","Juvenile","Tank",5,"01/24/19","----","----"
"406","Juvenile","Tank",5,"01/25/19","----","----"
"407","Juvenile","Tank",5,"01/26/19","----","----"
"408","Juvenile","Tank",5,"01/27/19","----","----"
"409","Juvenile","Tank",5,"01/28/19","----","----"
"410","Juvenile","Tank",5,"01/29/19","----","----"
"411","Juvenile","Tank",5,"01/30/19","----","----"
"412","Juvenile","Tank",5,"01/31/19","----","----"
"413","Juvenile","Tank",5,"02/01/19","----","----"
"414","Juvenile","Tank",5,"02/03/19","----","----"
"415","Juvenile","Tank",5,"02/04/19","----","----"
"416","Juvenile","Tank",5,"02/05/19","----","----"
"417","Juvenile","Tank",5,"02/06/19","----","----"
"418","Juvenile","Tank",5,"02/07/19","----","----"
"419","Juvenile","Tank",5,"02/08/19","----","----"
"420","Juvenile","Tank",5,"02/11/19","----","----"
"421","Juvenile","Tank",5,"02/12/19","----","----"
"422","Juvenile","Tank",5,"02/13/19","----","----"
"423","Juvenile","Tank",5,"02/14/19","----","----"
"424","Juvenile","Tank",5,"02/15/19","----","----"
"425","Juvenile","Tank",5,"02/16/19","----","----"
"426","Juvenile","Tank",5,"02/17/19","----","----"
"427","Juvenile","Tank",5,"02/18/19","----","----"
"428","Juvenile","Tank",5,"02/19/19","----","----"
"429","Juvenile","Tank",5,"02/20/19","----","----"
"430","Juvenile","Tank",5,"02/21/19","----","----"
"431","Juvenile","Tank",5,"02/22/19","----","----"
"432","Juvenile","Tank",5,"02/23/19","----","----"
"433","Juvenile","Tank",5,"02/24/19","----","----"
"434","Juvenile","Tank",5,"02/25/19","----","----"
"435","Juvenile","Tank",5,"02/26/19","----","----"
"436","Juvenile","Tank",5,"02/27/19","----","----"
"437","Juvenile","Tank",5,"03/01/19","----","----"
"438","Juvenile","Tank",5,"03/02/19","----","----"
"439","Juvenile","Tank",5,"03/03/19","----","----"
"440","Juvenile","Tank",5,"03/04/19","----","----"
"441","Juvenile","Tank",5,"03/05/19","----","----"
"442","Juvenile","Tank",5,"03/06/19","----","----"
"443","Juvenile","Tank",5,"03/07/19","----","----"
"444","Juvenile","Tank",5,"03/08/19","----","----"
"445","Juvenile","Tank",5,"03/09/19","----","----"
"446","Juvenile","Tank",5,"03/10/19","----","----"
"447","Juvenile","Tank",5,"03/12/19","----","----"
"448","Juvenile","Tank",5,"03/13/19","----","----"
"449","Juvenile","Tank",5,"03/14/19","----","----"
"450","Juvenile","Tank",5,"03/15/19","----","----"
"451","Juvenile","Tank",5,"03/16/19","----","----"
"452","Juvenile","Tank",5,"03/17/19","----","----"
"453","Juvenile","Tank",5,"03/18/19","----","----"
"454","Juvenile","Tank",5,"03/19/19","----","----"
"455","Juvenile","Tank",5,"03/20/19","----","----"
"456","Juvenile","Tank",5,"03/22/19","----","----"
"457","Juvenile","Tank",5,"03/23/19","----","----"
"458","Juvenile","Tank",5,"03/24/19","----","----"
"459","Juvenile","Tank",5,"03/25/19","----","----"
"460","Juvenile","Tank",5,"03/26/19","----","----"
"461","Juvenile","Tank",5,"03/27/19","----","----"
"462","Juvenile","Tank",5,"03/28/19","----","----"
"463","Juvenile","Tank",5,"03/29/19","----","----"
"464","Juvenile","Tank",5,"03/30/19","----","----"
"465","Juvenile","Tank",5,"03/31/19","----","----"
"466","Juvenile","Tank",5,"04/01/19","----","----"
"467","Juvenile","Tank",5,"04/02/19","----","----"
"468","Juvenile","Tank",5,"04/03/19","----","----"
"469","Juvenile","Tank",5,"04/04/19","----","----"
"470","Juvenile","Tank",5,"04/05/19","----","----"
"471","Juvenile","Tank",5,"04/06/19","----","----"
"472","Juvenile","Tank",5,"04/07/19","----","----"
"473","Juvenile","Tank",5,"04/08/19","----","----"
"474","Juvenile","Tank",5,"04/10/19","----","----"
"475","Juvenile","Tank",5,"04/11/19","----","----"
"476","Juvenile","Tank",5,"04/12/19","----","----"
"477","Juvenile","Tank",5,"04/13/19","----","----"
"478","Juvenile","Tank",5,"04/17/19","----","----"
"479","Juvenile","Tank",5,"04/18/19","----","----"
"480","Juvenile","Tank",5,"04/19/19","----","----"
"481","Juvenile","Tank",5,"04/20/19","----","----"
"482","Juvenile","Tank",5,"04/21/19","----","----"
"483","Juvenile","Tank",5,"04/22/19","----","----"
"484","Juvenile","Tank",5,"04/23/19","----","----"
"485","Juvenile","Tank",5,"04/24/19","----","----"
"486","Juvenile","Tank",5,"04/25/19","----","----"
"487","Juvenile","Tank",5,"04/26/19","----","----"
"488","Juvenile","Tank",5,"04/27/19","----","----"
"489","Juvenile","Tank",5,"04/28/19","----","----"
"490","Juvenile","Tank",5,"04/29/19","----","----"
"491","Juvenile","Tank",5,"04/30/19","----","----"
"492","Juvenile","Tank",5,"05/01/19","----","----"
"493","Juvenile","Tank",5,"05/02/19","----","----"
"494","Juvenile","Tank",5,"05/03/19","----","----"
"495","Juvenile","Tank",5,"05/04/19","----","----"
"496","Juvenile","Tank",5,"05/05/19","----","----"
"497","Juvenile","Tank",5,"05/06/19","----","----"
"498","Juvenile","Tank",5,"05/07/19","----","----"
"499","Juvenile","Tank",5,"05/08/19","----","----"
"500","Juvenile","Tank",5,"05/09/19","----","----"
"501","Juvenile","Tank",5,"05/10/19","----","----"
"502","Juvenile","Tank",5,"05/11/19","----","----"
"503","Juvenile","Tank",5,"05/12/19","----","----"
"504","Juvenile","Tank",5,"05/13/19","----","----"
"505","Juvenile","Tank",5,"05/15/19","----","----"
"506","Juvenile","Tank",5,"05/16/19","----","----"
"507","Juvenile","Tank",5,"05/17/19","----","----"
"508","Juvenile","Tank",5,"05/18/19","----","----"
"509","Juvenile","Tank",5,"05/19/19","----","----"
"510","Juvenile","Tank",5,"05/20/19","----","----"
"511","Juvenile","Tank",5,"05/21/19","----","----"
"512","Juvenile","Tank",5,"05/22/19","----","----"
"513","Juvenile","Tank",5,"05/23/19","----","----"
"514","Juvenile","Tank",5,"05/24/19","----","----"
"515","Juvenile","Tank",5,"05/25/19","----","----"
"516","Juvenile","Tank",5,"05/26/19","----","----"
"517","Juvenile","Tank",5,"05/27/19","----","----"
"518","Juvenile","Tank",5,"05/28/19","----","----"
"519","Juvenile","Tank",5,"05/29/19","----","----"
"520","Juvenile","Tank",5,"05/30/19","----","----"
"521","Juvenile","Tank",5,"05/31/19","----","----"
"522","Juvenile","Tank",5,"06/01/19","----","----"
"523","Juvenile","Tank",5,"06/02/19","----","----"
"524","Juvenile","Tank",5,"06/03/19","----","----"
"525","Juvenile","Tank",5,"06/04/19","----","----"
"526","Juvenile","Tank",5,"06/05/19","----","----"
"527","Juvenile","Tank",5,"06/06/19","----","----"
"528","Juvenile","Tank",5,"06/07/19","----","----"
"529","Juvenile","Tank",5,"06/08/19","----","----"
"530","Juvenile","Tank",5,"06/09/19","----","----"
"531","Juvenile","Tank",5,"06/10/19","----","----"
"532","Juvenile","Tank",5,"06/11/19","----","----"
"533","Juvenile","Tank",5,"06/12/19","----","----"
"534","Juvenile","Tank",5,"06/13/19","----","----"
"535","Juvenile","Tank",5,"06/14/19","----","----"
"536","Juvenile","Tank",5,"06/16/19","----","----"
"537","Juvenile","Tank",5,"06/17/19","----","----"
"538","Juvenile","Tank",5,"06/18/19","----","----"
"539","Juvenile","Tank",5,"06/19/19","----","----"
"540","Juvenile","Tank",5,"06/20/19","----","----"
"541","Juvenile","Tank",5,"06/21/19","----","----"
"542","Juvenile","Tank",5,"06/22/19","----","----"
"543","Juvenile","Tank",5,"06/23/19","----","----"
"544","Juvenile","Tank",5,"06/24/19","----","----"
"545","Juvenile","Tank",5,"06/25/19","----","----"
"546","Juvenile","Tank",5,"07/01/19","----","----"
"547","Juvenile","Tank",5,"07/02/19","----","----"
"548","Juvenile","Tank",5,"07/03/19","----","----"
"549","Juvenile","Tank",5,"07/06/19","----","----"
"550","Juvenile","Tank",5,"07/07/19","----","----"
"551","Juvenile","Tank",5,"07/08/19","----","----"
"552","Juvenile","Tank",5,"07/09/19","----","----"
"553","Juvenile","Tank",5,"07/10/19","----","----"
"554","Juvenile","Tank",5,"07/11/19","----","----"
"555","Juvenile","Tank",4,"08/28/18","7.22","12.4"
"556","Juvenile","Tank",4,"08/29/18","7.22","12.5"
"557","Juvenile","Tank",4,"08/30/18","7.2","12.5"
"558","Juvenile","Tank",4,"08/31/18","7.21","12.8"
"559","Juvenile","Tank",4,"09/04/18","7.22","12.6"
"560","Juvenile","Tank",4,"09/05/18","7.21","12.6"
"561","Juvenile","Tank",4,"09/06/18","7.21","12.8"
"562","Juvenile","Tank",4,"09/07/18","7.21","12.8"
"563","Juvenile","Tank",4,"09/10/18","7.21","15.6"
"564","Juvenile","Tank",4,"09/11/18","14","10"
"565","Juvenile","Tank",4,"09/12/18","7.22","13.62"
"566","Juvenile","Tank",4,"09/13/18","7.2","13.3"
"567","Juvenile","Tank",4,"09/14/18","7.23","12.9"
"568","Juvenile","Tank",4,"09/15/18","7.23","12.7"
"569","Juvenile","Tank",4,"09/18/18","7.23","12.3"
"570","Juvenile","Tank",4,"09/19/18","7.21","12.2"
"571","Juvenile","Tank",4,"09/20/18","7.19","12.4"
"572","Juvenile","Tank",4,"09/21/18","7.2","14.9"
"573","Juvenile","Tank",4,"09/23/18","7.22","13"
"574","Juvenile","Tank",4,"09/24/18","7.22","12.6"
"575","Juvenile","Tank",4,"09/25/18","7.2","12.5"
"576","Juvenile","Tank",4,"09/26/18","7.22","12.4"
"577","Juvenile","Tank",4,"09/27/18","7.22","12.6"
"578","Juvenile","Tank",4,"09/29/18","7.2","12.6"
"579","Juvenile","Tank",4,"10/01/18","7.21","12.8"
"580","Juvenile","Tank",4,"10/02/18","7.22","12.8"
"581","Juvenile","Tank",4,"10/03/18","7.2","12.8"
"582","Juvenile","Tank",4,"10/04/18","7.23","12.5"
"583","Juvenile","Tank",4,"10/05/18","7.21","12.3"
"584","Juvenile","Tank",4,"10/06/18","7.21","12.4"
"585","Juvenile","Tank",4,"10/08/18","7.19","12.4"
"586","Juvenile","Tank",4,"10/09/18","7.43","12.4"
"587","Juvenile","Tank",4,"10/10/18","7.2","12.4"
"588","Juvenile","Tank",4,"10/11/18","7.22","12.3"
"589","Juvenile","Tank",4,"10/12/18","7.21","12.4"
"590","Juvenile","Tank",4,"10/13/18","7.22","12.3"
"591","Juvenile","Tank",4,"10/15/18","7.2","12.1"
"592","Juvenile","Tank",4,"10/16/18","7.21","12.2"
"593","Juvenile","Tank",4,"10/17/18","7.21","12.2"
"594","Juvenile","Tank",4,"10/18/18","7.21","12.2"
"595","Juvenile","Tank",4,"10/21/18","7.2","12.3"
"596","Juvenile","Tank",4,"10/22/18","7.2","12.2"
"597","Juvenile","Tank",4,"10/23/18","7.21","12.1"
"598","Juvenile","Tank",4,"10/24/18","7.21","12.4"
"599","Juvenile","Tank",4,"10/25/18","7.21","12.4"
"600","Juvenile","Tank",4,"10/26/18","7.21","12.4"
"601","Juvenile","Tank",4,"10/27/18","7.22","12.3"
"602","Juvenile","Tank",4,"10/28/18","7.21","12.3"
"603","Juvenile","Tank",4,"10/29/18","7.21","12.1"
"604","Juvenile","Tank",4,"10/30/18","7.18","12.1"
"605","Juvenile","Tank",4,"10/31/18","7.21","12.1"
"606","Juvenile","Tank",4,"11/01/18","7.21","12.2"
"607","Juvenile","Tank",4,"11/02/18","7.24","12.2"
"608","Juvenile","Tank",4,"11/03/18","7.23","12.1"
"609","Juvenile","Tank",4,"11/04/18","7.19","12.1"
"610","Juvenile","Tank",4,"11/05/18","7.23","12"
"611","Juvenile","Tank",4,"11/06/18","7.23","12"
"612","Juvenile","Tank",4,"11/07/18","7.27","11.8"
"613","Juvenile","Tank",4,"11/09/18","7.22","11.7"
"614","Juvenile","Tank",4,"11/11/18","7.21","11.5"
"615","Juvenile","Tank",4,"11/12/18","7.22","11.3"
"616","Juvenile","Tank",4,"11/14/18","7.18","11.3"
"617","Juvenile","Tank",4,"11/15/18","7.25","11.4"
"618","Juvenile","Tank",4,"11/16/18","7.25","11.3"
"619","Juvenile","Tank",4,"11/17/18","7.2","11.2"
"620","Juvenile","Tank",4,"11/18/18","7.21","11.1"
"621","Juvenile","Tank",4,"11/20/18","7.19","11.2"
"622","Juvenile","Tank",4,"11/21/18","7.2","11.4"
"623","Juvenile","Tank",4,"11/22/18","7.22","11.3"
"624","Juvenile","Tank",4,"11/23/18","7.21","11.3"
"625","Juvenile","Tank",4,"11/24/18","7.19","11.2"
"626","Juvenile","Tank",4,"11/25/18","7.2","11.2"
"627","Juvenile","Tank",4,"11/26/18","7.17","11.6"
"628","Juvenile","Tank",4,"11/27/18","7.23","11.4"
"629","Juvenile","Tank",4,"11/28/18","7.22","11.3"
"630","Juvenile","Tank",4,"11/29/18","7.23","11.2"
"631","Juvenile","Tank",4,"11/30/18","7.23","11.3"
"632","Juvenile","Tank",4,"12/01/18","7.15","11.2"
"633","Juvenile","Tank",4,"12/02/18","7.23","11.2"
"634","Juvenile","Tank",4,"12/03/18","7.19","10.9"
"635","Juvenile","Tank",4,"12/04/18","7.31","10.9"
"636","Juvenile","Tank",4,"12/05/18","7.16","10.6"
"637","Juvenile","Tank",4,"12/06/18","7.2","10.6"
"638","Juvenile","Tank",4,"12/08/18","7.19","10.5"
"639","Juvenile","Tank",4,"12/09/18","7.21","10.3"
"640","Juvenile","Tank",4,"12/10/18","7.19","10.4"
"641","Juvenile","Tank",4,"12/11/18","7.24","10.2"
"642","Juvenile","Tank",4,"12/12/18","7.2","10.2"
"643","Juvenile","Tank",4,"12/13/18","7.19","10.7"
"644","Juvenile","Tank",4,"12/14/18","7.37","10.6"
"645","Juvenile","Tank",4,"12/15/18","7.21","10.3"
"646","Juvenile","Tank",4,"12/16/18","7.19","10.5"
"647","Juvenile","Tank",4,"12/17/18","7.19","10.4"
"648","Juvenile","Tank",4,"12/18/18","7.2","10.5"
"649","Juvenile","Tank",4,"12/19/18","7.18","10.3"
"650","Juvenile","Tank",4,"12/20/18","7.18","10.4"
"651","Juvenile","Tank",4,"12/21/18","7.2","10.1"
"652","Juvenile","Tank",4,"12/22/18","7.21","10.3"
"653","Juvenile","Tank",4,"12/23/18","7.22","10.4"
"654","Juvenile","Tank",4,"12/24/18","7.22","10.2"
"655","Juvenile","Tank",4,"12/26/18","7.22","10.1"
"656","Juvenile","Tank",4,"12/28/18","7.21","9.8"
"657","Juvenile","Tank",4,"12/29/18","7.22","9.8"
"658","Juvenile","Tank",4,"12/30/18","7.21","9.4"
"659","Juvenile","Tank",4,"12/31/18","7.23","9.3"
"660","Juvenile","Tank",4,"01/02/19","7.21","9.5"
"661","Juvenile","Tank",4,"01/03/19","7.22","9.3"
"662","Juvenile","Tank",4,"01/04/19","7.22","9.4"
"663","Juvenile","Tank",4,"01/05/19","7.22","9.4"
"664","Juvenile","Tank",4,"01/06/19","7.22","9.4"
"665","Juvenile","Tank",4,"01/07/19","7.22","9.3"
"666","Juvenile","Tank",4,"01/08/19","7.22","9.3"
"667","Juvenile","Tank",4,"01/09/19","7.22","9.5"
"668","Juvenile","Tank",4,"01/10/19","7.21","9.5"
"669","Juvenile","Tank",4,"01/11/19","7.22","9.4"
"670","Juvenile","Tank",4,"01/12/19","7.22","9.4"
"671","Juvenile","Tank",4,"01/13/19","7.21","9.3"
"672","Juvenile","Tank",4,"01/14/19","7.22","9.2"
"673","Juvenile","Tank",4,"01/15/19","7.22","9"
"674","Juvenile","Tank",4,"01/16/19","7.22","9"
"675","Juvenile","Tank",4,"01/17/19","7.22","9.1"
"676","Juvenile","Tank",4,"01/18/19","7.21","9.3"
"677","Juvenile","Tank",4,"01/19/19","7.21","9.1"
"678","Juvenile","Tank",4,"01/20/19","7.21","9.1"
"679","Juvenile","Tank",4,"01/21/19","7.22","9.3"
"680","Juvenile","Tank",4,"01/22/19","7.22","9.3"
"681","Juvenile","Tank",4,"01/23/19","7.22","9.3"
"682","Juvenile","Tank",4,"01/24/19","7.21","9.2"
"683","Juvenile","Tank",4,"01/25/19","7.21","9.1"
"684","Juvenile","Tank",4,"01/26/19","7.22","9.1"
"685","Juvenile","Tank",4,"01/27/19","7.22","9.1"
"686","Juvenile","Tank",4,"01/28/19","7.23","9.1"
"687","Juvenile","Tank",4,"01/29/19","7.22","9.1"
"688","Juvenile","Tank",4,"01/30/19","7.22","9"
"689","Juvenile","Tank",4,"01/31/19","7.22","9.3"
"690","Juvenile","Tank",4,"02/01/19","7.22","9.3"
"691","Juvenile","Tank",4,"02/03/19","7.21","8.9"
"692","Juvenile","Tank",4,"02/04/19","7.21","8.6"
"693","Juvenile","Tank",4,"02/05/19","7.22","8.8"
"694","Juvenile","Tank",4,"02/06/19","7.21","8.8"
"695","Juvenile","Tank",4,"02/07/19","7.21","8.5"
"696","Juvenile","Tank",4,"02/08/19","7.22","8.5"
"697","Juvenile","Tank",4,"02/11/19","7.2","8.7"
"698","Juvenile","Tank",4,"02/12/19","7.23","8.8"
"699","Juvenile","Tank",4,"02/13/19","7.21","8.2"
"700","Juvenile","Tank",4,"02/14/19","7.24","8.2"
"701","Juvenile","Tank",4,"02/15/19","7.16","8.8"
"702","Juvenile","Tank",4,"02/16/19","7.11","8.6"
"703","Juvenile","Tank",4,"02/17/19","7.18","8.3"
"704","Juvenile","Tank",4,"02/18/19","7.17","8.6"
"705","Juvenile","Tank",4,"02/19/19","7.16","8.6"
"706","Juvenile","Tank",4,"02/20/19","7.12","8.4"
"707","Juvenile","Tank",4,"02/21/19","7.12","8.5"
"708","Juvenile","Tank",4,"02/22/19","7.23","8.6"
"709","Juvenile","Tank",4,"02/23/19","7.23","8.7"
"710","Juvenile","Tank",4,"02/24/19","7.22","8.5"
"711","Juvenile","Tank",4,"02/25/19","7.19","8.4"
"712","Juvenile","Tank",4,"02/26/19","7.2","8.5"
"713","Juvenile","Tank",4,"02/27/19","7.21","8.5"
"714","Juvenile","Tank",4,"03/01/19","7.2","8.6"
"715","Juvenile","Tank",4,"03/02/19","7.09","8.4"
"716","Juvenile","Tank",4,"03/03/19","7.16","8.4"
"717","Juvenile","Tank",4,"03/04/19","7.14","7.9"
"718","Juvenile","Tank",4,"03/05/19","7.17","8.4"
"719","Juvenile","Tank",4,"03/06/19","7.17","8.1"
"720","Juvenile","Tank",4,"03/07/19","7.05","8.5"
"721","Juvenile","Tank",4,"03/08/19","7.15","8.1"
"722","Juvenile","Tank",4,"03/09/19","7.18","7.8"
"723","Juvenile","Tank",4,"03/10/19","7.2","7.7"
"724","Juvenile","Tank",4,"03/12/19","7.19","8.1"
"725","Juvenile","Tank",4,"03/13/19","7.12","8.1"
"726","Juvenile","Tank",4,"03/14/19","7.07","8.7"
"727","Juvenile","Tank",4,"03/15/19","7.2","8.7"
"728","Juvenile","Tank",4,"03/16/19","7.21","8.4"
"729","Juvenile","Tank",4,"03/17/19","7.19","8.7"
"730","Juvenile","Tank",4,"03/18/19","7.23","8.7"
"731","Juvenile","Tank",4,"03/19/19","7.21","8.9"
"732","Juvenile","Tank",4,"03/20/19","7.19","8.6"
"733","Juvenile","Tank",4,"03/22/19","7.24","8.5"
"734","Juvenile","Tank",4,"03/23/19","7.23","8.6"
"735","Juvenile","Tank",4,"03/24/19","7.21","8.8"
"736","Juvenile","Tank",4,"03/25/19","7.2","9"
"737","Juvenile","Tank",4,"03/26/19","7.21","8.5"
"738","Juvenile","Tank",4,"03/27/19","7.19","8.4"
"739","Juvenile","Tank",4,"03/28/19","7.14","8.6"
"740","Juvenile","Tank",4,"03/29/19","7.18","8.6"
"741","Juvenile","Tank",4,"03/30/19","7.25","8.7"
"742","Juvenile","Tank",4,"03/31/19","7.24","8.8"
"743","Juvenile","Tank",4,"04/01/19","7.24","8.7"
"744","Juvenile","Tank",4,"04/02/19","7.23","8.6"
"745","Juvenile","Tank",4,"04/03/19","7.24","8.8"
"746","Juvenile","Tank",4,"04/04/19","7.31","9.1"
"747","Juvenile","Tank",4,"04/05/19","7.37","9.4"
"748","Juvenile","Tank",4,"04/06/19","7.23","9.3"
"749","Juvenile","Tank",4,"04/07/19","7.22","9.3"
"750","Juvenile","Tank",4,"04/08/19","7.2","8.9"
"751","Juvenile","Tank",4,"04/10/19","7.19","8.8"
"752","Juvenile","Tank",4,"04/11/19","7.24","8.9"
"753","Juvenile","Tank",4,"04/12/19","7.2","9"
"754","Juvenile","Tank",4,"04/13/19","7.17","8.9"
"755","Juvenile","Tank",4,"04/17/19","7.22","9.4"
"756","Juvenile","Tank",4,"04/18/19","7.1","9.6"
"757","Juvenile","Tank",4,"04/19/19","7.2","9.5"
"758","Juvenile","Tank",4,"04/20/19","7.1","9.1"
"759","Juvenile","Tank",4,"04/21/19","7.21","9.2"
"760","Juvenile","Tank",4,"04/22/19","7.14","9.3"
"761","Juvenile","Tank",4,"04/23/19","7.21","9.5"
"762","Juvenile","Tank",4,"04/24/19","7.18","9.4"
"763","Juvenile","Tank",4,"04/25/19","7.13","9.3"
"764","Juvenile","Tank",4,"04/26/19","7.24","9.7"
"765","Juvenile","Tank",4,"04/27/19","7.04","9.4"
"766","Juvenile","Tank",4,"04/28/19","7.18","9.7"
"767","Juvenile","Tank",4,"04/29/19","7.09","9.4"
"768","Juvenile","Tank",4,"04/30/19","7.21","9.4"
"769","Juvenile","Tank",4,"05/01/19","7.14","9.2"
"770","Juvenile","Tank",4,"05/02/19","7.18","9.5"
"771","Juvenile","Tank",4,"05/03/19","7.14","9.5"
"772","Juvenile","Tank",4,"05/04/19","7.29","10"
"773","Juvenile","Tank",4,"05/05/19","7.18","10"
"774","Juvenile","Tank",4,"05/06/19","7.11","10.4"
"775","Juvenile","Tank",4,"05/07/19","7.13","10"
"776","Juvenile","Tank",4,"05/08/19","7.1","10.5"
"777","Juvenile","Tank",4,"05/09/19","7.23","9.9"
"778","Juvenile","Tank",4,"05/10/19","7.17","10.4"
"779","Juvenile","Tank",4,"05/11/19","7.16","10.2"
"780","Juvenile","Tank",4,"05/12/19","7.19","10"
"781","Juvenile","Tank",4,"05/13/19","7.11","10.2"
"782","Juvenile","Tank",4,"05/15/19","7.26","10.5"
"783","Juvenile","Tank",4,"05/16/19","7.15","10.4"
"784","Juvenile","Tank",4,"05/17/19","7.19","10.4"
"785","Juvenile","Tank",4,"05/18/19","7.28","10.4"
"786","Juvenile","Tank",4,"05/19/19","7.17","10.2"
"787","Juvenile","Tank",4,"05/20/19","7.17","10"
"788","Juvenile","Tank",4,"05/21/19","7.19","10.1"
"789","Juvenile","Tank",4,"05/22/19","7.2","10.2"
"790","Juvenile","Tank",4,"05/23/19","7.17","11.1"
"791","Juvenile","Tank",4,"05/24/19","7.2","10.4"
"792","Juvenile","Tank",4,"05/25/19","7.22","10.5"
"793","Juvenile","Tank",4,"05/26/19","7.17","10.5"
"794","Juvenile","Tank",4,"05/27/19","7.23","10.5"
"795","Juvenile","Tank",4,"05/28/19","7.18","10.6"
"796","Juvenile","Tank",4,"05/29/19","7.21","11"
"797","Juvenile","Tank",4,"05/30/19","7.25","11"
"798","Juvenile","Tank",4,"05/31/19","7.23","10.6"
"799","Juvenile","Tank",4,"06/01/19","7.09","10.8"
"800","Juvenile","Tank",4,"06/02/19","7.25","10.7"
"801","Juvenile","Tank",4,"06/03/19","7.17","11.1"
"802","Juvenile","Tank",4,"06/04/19","7.28","10.8"
"803","Juvenile","Tank",4,"06/05/19","7.09","10.7"
"804","Juvenile","Tank",4,"06/06/19","7.21","10.8"
"805","Juvenile","Tank",4,"06/07/19","7.05","10.8"
"806","Juvenile","Tank",4,"06/08/19","7.2","10.9"
"807","Juvenile","Tank",4,"06/09/19","7.27","11.2"
"808","Juvenile","Tank",4,"06/10/19","7.22","11"
"809","Juvenile","Tank",4,"06/11/19","7.21","11.3"
"810","Juvenile","Tank",4,"06/12/19","7.19","11.2"
"811","Juvenile","Tank",4,"06/13/19","7.21","11.3"
"812","Juvenile","Tank",4,"06/14/19","7.25","11.4"
"813","Juvenile","Tank",4,"06/16/19","7.04","11.7"
"814","Juvenile","Tank",4,"06/17/19","7.09","11.06"
"815","Juvenile","Tank",4,"06/18/19","7.4","11.14"
"816","Juvenile","Tank",4,"06/19/19","7.08","11.7"
"817","Juvenile","Tank",4,"06/20/19","7.08","11.7"
"818","Juvenile","Tank",4,"06/21/19","7.2","11.4"
"819","Juvenile","Tank",4,"06/22/19","7.22","11.7"
"820","Juvenile","Tank",4,"06/23/19","7.22","11.5"
"821","Juvenile","Tank",4,"06/24/19","7.22","11.5"
"822","Juvenile","Tank",4,"06/25/19","7.21","11.7"
"823","Juvenile","Tank",4,"07/01/19","7.13","12"
"824","Juvenile","Tank",4,"07/02/19","7.16","11.5"
"825","Juvenile","Tank",4,"07/03/19","7.09","11.7"
"826","Juvenile","Tank",4,"07/06/19","7.05","12"
"827","Juvenile","Tank",4,"07/07/19","7.25","12.2"
"828","Juvenile","Tank",4,"07/08/19","7.06","11.3"
"829","Juvenile","Tank",4,"07/09/19","7.23","12"
"830","Juvenile","Tank",4,"07/10/19","7.2","12.5"
"831","Juvenile","Tank",4,"07/11/19","7.08","12.2"
"832","Juvenile","Tank",2,"08/28/18","7.21","12.4"
"833","Juvenile","Tank",2,"08/29/18","7.21","12.5"
"834","Juvenile","Tank",2,"08/30/18","7.21","12.5"
"835","Juvenile","Tank",2,"08/31/18","7.21","12.7"
"836","Juvenile","Tank",2,"09/04/18","7.21","12.6"
"837","Juvenile","Tank",2,"09/05/18","7.21","12.7"
"838","Juvenile","Tank",2,"09/06/18","7.21","12.7"
"839","Juvenile","Tank",2,"09/07/18","7.21","12.8"
"840","Juvenile","Tank",2,"09/10/18","7.22","13.3"
"841","Juvenile","Tank",2,"09/11/18","7.22","13.5"
"842","Juvenile","Tank",2,"09/12/18","7.22","13.7"
"843","Juvenile","Tank",2,"09/13/18","7.21","13.4"
"844","Juvenile","Tank",2,"09/14/18","7.21","13"
"845","Juvenile","Tank",2,"09/15/18","7.21","12.8"
"846","Juvenile","Tank",2,"09/18/18","7.2","12.4"
"847","Juvenile","Tank",2,"09/19/18","7.2","12.3"
"848","Juvenile","Tank",2,"09/20/18","7.2","12.5"
"849","Juvenile","Tank",2,"09/21/18","7.21","12.7"
"850","Juvenile","Tank",2,"09/23/18","7.21","13"
"851","Juvenile","Tank",2,"09/24/18","7.2","12.7"
"852","Juvenile","Tank",2,"09/25/18","7.21","12.6"
"853","Juvenile","Tank",2,"09/26/18","7.22","12.5"
"854","Juvenile","Tank",2,"09/27/18","7.2","12.6"
"855","Juvenile","Tank",2,"09/29/18","7.21","12.7"
"856","Juvenile","Tank",2,"10/01/18","7.17","12.9"
"857","Juvenile","Tank",2,"10/02/18","7.15","12.9"
"858","Juvenile","Tank",2,"10/03/18","7.18","12.9"
"859","Juvenile","Tank",2,"10/04/18","7.15","12.6"
"860","Juvenile","Tank",2,"10/05/18","7.13","12.3"
"861","Juvenile","Tank",2,"10/06/18","7.23","12.4"
"862","Juvenile","Tank",2,"10/08/18","7.16","12.5"
"863","Juvenile","Tank",2,"10/09/18","7.38","12.4"
"864","Juvenile","Tank",2,"10/10/18","7.19","12.4"
"865","Juvenile","Tank",2,"10/11/18","7.2","12.4"
"866","Juvenile","Tank",2,"10/12/18","7.2","12.4"
"867","Juvenile","Tank",2,"10/13/18","7.17","12.3"
"868","Juvenile","Tank",2,"10/15/18","7.18","12.2"
"869","Juvenile","Tank",2,"10/16/18","7.17","12.3"
"870","Juvenile","Tank",2,"10/17/18","7.21","12.2"
"871","Juvenile","Tank",2,"10/18/18","7.21","12.3"
"872","Juvenile","Tank",2,"10/21/18","7.2","12.3"
"873","Juvenile","Tank",2,"10/22/18","7.2","12.3"
"874","Juvenile","Tank",2,"10/23/18","7.21","12.2"
"875","Juvenile","Tank",2,"10/24/18","7.2","12.4"
"876","Juvenile","Tank",2,"10/25/18","7.21","12.5"
"877","Juvenile","Tank",2,"10/26/18","7.21","12.4"
"878","Juvenile","Tank",2,"10/27/18","7.21","12.4"
"879","Juvenile","Tank",2,"10/28/18","7.21","12.3"
"880","Juvenile","Tank",2,"10/29/18","7.21","12.2"
"881","Juvenile","Tank",2,"10/30/18","7.21","12.2"
"882","Juvenile","Tank",2,"10/31/18","7.22","12.2"
"883","Juvenile","Tank",2,"11/01/18","7.21","12.3"
"884","Juvenile","Tank",2,"11/02/18","7.78","12.3"
"885","Juvenile","Tank",2,"11/03/18","7.22","12.2"
"886","Juvenile","Tank",2,"11/04/18","7.19","12.1"
"887","Juvenile","Tank",2,"11/05/18","7.25","12"
"888","Juvenile","Tank",2,"11/06/18","7.17","12"
"889","Juvenile","Tank",2,"11/07/18","7.16","11.8"
"890","Juvenile","Tank",2,"11/09/18","7.21","11.8"
"891","Juvenile","Tank",2,"11/11/18","7.19","11.6"
"892","Juvenile","Tank",2,"11/12/18","7.21","11.3"
"893","Juvenile","Tank",2,"11/14/18","7.21","11.2"
"894","Juvenile","Tank",2,"11/15/18","7.21","11.4"
"895","Juvenile","Tank",2,"11/16/18","7.22","11.4"
"896","Juvenile","Tank",2,"11/17/18","7.21","11.2"
"897","Juvenile","Tank",2,"11/18/18","7.21","11.1"
"898","Juvenile","Tank",2,"11/20/18","7.2","11.3"
"899","Juvenile","Tank",2,"11/21/18","7.21","11.4"
"900","Juvenile","Tank",2,"11/22/18","7.22","11.4"
"901","Juvenile","Tank",2,"11/23/18","7.2","11.3"
"902","Juvenile","Tank",2,"11/24/18","7.2","11.3"
"903","Juvenile","Tank",2,"11/25/18","7.21","11.3"
"904","Juvenile","Tank",2,"11/26/18","7.22","11.6"
"905","Juvenile","Tank",2,"11/27/18","7.21","11.5"
"906","Juvenile","Tank",2,"11/28/18","7.22","11.3"
"907","Juvenile","Tank",2,"11/29/18","7.22","11.3"
"908","Juvenile","Tank",2,"11/30/18","7.18","11.4"
"909","Juvenile","Tank",2,"12/01/18","7.15","11.3"
"910","Juvenile","Tank",2,"12/02/18","7.19","11.2"
"911","Juvenile","Tank",2,"12/03/18","7.15","10.9"
"912","Juvenile","Tank",2,"12/04/18","7.2","10.7"
"913","Juvenile","Tank",2,"12/05/18","7.22","10.6"
"914","Juvenile","Tank",2,"12/06/18","7.19","10.7"
"915","Juvenile","Tank",2,"12/08/18","7.24","10.6"
"916","Juvenile","Tank",2,"12/09/18","7.24","10.4"
"917","Juvenile","Tank",2,"12/10/18","7.16","10.5"
"918","Juvenile","Tank",2,"12/11/18","7.16","10.3"
"919","Juvenile","Tank",2,"12/12/18","7.21","10.2"
"920","Juvenile","Tank",2,"12/13/18","7.14","10.7"
"921","Juvenile","Tank",2,"12/14/18","7.17","10.6"
"922","Juvenile","Tank",2,"12/15/18","7.25","10.3"
"923","Juvenile","Tank",2,"12/16/18","7.18","10.6"
"924","Juvenile","Tank",2,"12/17/18","7.21","10.5"
"925","Juvenile","Tank",2,"12/18/18","7.23","10.6"
"926","Juvenile","Tank",2,"12/19/18","7.16","10.3"
"927","Juvenile","Tank",2,"12/20/18","7.24","10.4"
"928","Juvenile","Tank",2,"12/21/18","7.19","10.2"
"929","Juvenile","Tank",2,"12/22/18","7.18","8.6"
"930","Juvenile","Tank",2,"12/23/18","7.14","10.4"
"931","Juvenile","Tank",2,"12/24/18","7.19","10.2"
"932","Juvenile","Tank",2,"12/26/18","7.15","10.1"
"933","Juvenile","Tank",2,"12/28/18","7.25","9.8"
"934","Juvenile","Tank",2,"12/29/18","7.19","9.8"
"935","Juvenile","Tank",2,"12/30/18","7.17","9.5"
"936","Juvenile","Tank",2,"12/31/18","7.23","9.3"
"937","Juvenile","Tank",2,"01/02/19","7.17","9.5"
"938","Juvenile","Tank",2,"01/03/19","7.19","9.4"
"939","Juvenile","Tank",2,"01/04/19","7.17","9.4"
"940","Juvenile","Tank",2,"01/05/19","7.22","9.4"
"941","Juvenile","Tank",2,"01/06/19","7.19","9.5"
"942","Juvenile","Tank",2,"01/07/19","7.21","9.2"
"943","Juvenile","Tank",2,"01/08/19","7.18","9.3"
"944","Juvenile","Tank",2,"01/09/19","7.22","9.5"
"945","Juvenile","Tank",2,"01/10/19","7.21","9.6"
"946","Juvenile","Tank",2,"01/11/19","7.14","9.8"
"947","Juvenile","Tank",2,"01/12/19","7.15","9.5"
"948","Juvenile","Tank",2,"01/13/19","7.17","9.2"
"949","Juvenile","Tank",2,"01/14/19","7.2","9.2"
"950","Juvenile","Tank",2,"01/15/19","7.16","9"
"951","Juvenile","Tank",2,"01/16/19","7.22","9"
"952","Juvenile","Tank",2,"01/17/19","7.24","9.2"
"953","Juvenile","Tank",2,"01/18/19","7.14","9.3"
"954","Juvenile","Tank",2,"01/19/19","7.24","9.2"
"955","Juvenile","Tank",2,"01/20/19","7.18","9.2"
"956","Juvenile","Tank",2,"01/21/19","7.15","9.4"
"957","Juvenile","Tank",2,"01/22/19","7.18","9.4"
"958","Juvenile","Tank",2,"01/23/19","7.17","9.3"
"959","Juvenile","Tank",2,"01/24/19","7.23","9.2"
"960","Juvenile","Tank",2,"01/25/19","7.17","9.3"
"961","Juvenile","Tank",2,"01/26/19","7.2","9.2"
"962","Juvenile","Tank",2,"01/27/19","7.22","9.1"
"963","Juvenile","Tank",2,"01/28/19","7.14","9.1"
"964","Juvenile","Tank",2,"01/29/19","7.14","9.2"
"965","Juvenile","Tank",2,"01/30/19","7.21","9.1"
"966","Juvenile","Tank",2,"01/31/19","7.21","9.3"
"967","Juvenile","Tank",2,"02/01/19","7.21","9.4"
"968","Juvenile","Tank",2,"02/03/19","7.21","9"
"969","Juvenile","Tank",2,"02/04/19","7.21","8.8"
"970","Juvenile","Tank",2,"02/05/19","7.21","8.9"
"971","Juvenile","Tank",2,"02/06/19","7.22","8.9"
"972","Juvenile","Tank",2,"02/07/19","7.77","8.4"
"973","Juvenile","Tank",2,"02/08/19","7.17","8.5"
"974","Juvenile","Tank",2,"02/11/19","7.22","8.8"
"975","Juvenile","Tank",2,"02/12/19","7.23","8.9"
"976","Juvenile","Tank",2,"02/13/19","7.22","8.3"
"977","Juvenile","Tank",2,"02/14/19","7.2","8.3"
"978","Juvenile","Tank",2,"02/15/19","7.18","8.9"
"979","Juvenile","Tank",2,"02/16/19","7.2","8.7"
"980","Juvenile","Tank",2,"02/17/19","7.19","8.4"
"981","Juvenile","Tank",2,"02/18/19","7.22","8.7"
"982","Juvenile","Tank",2,"02/19/19","7.19","8.7"
"983","Juvenile","Tank",2,"02/20/19","7.12","8.5"
"984","Juvenile","Tank",2,"02/21/19","7.24","8.6"
"985","Juvenile","Tank",2,"02/22/19","7.13","8.7"
"986","Juvenile","Tank",2,"02/23/19","7.2","8.7"
"987","Juvenile","Tank",2,"02/24/19","7.17","8.5"
"988","Juvenile","Tank",2,"02/25/19","7.09","8.3"
"989","Juvenile","Tank",2,"02/26/19","7.25","8.3"
"990","Juvenile","Tank",2,"02/27/19","7.24","8.4"
"991","Juvenile","Tank",2,"03/01/19","7.12","8.7"
"992","Juvenile","Tank",2,"03/02/19","7.06","8.5"
"993","Juvenile","Tank",2,"03/03/19","7.03","8.5"
"994","Juvenile","Tank",2,"03/04/19","7.08","8"
"995","Juvenile","Tank",2,"03/05/19","7.22","8.4"
"996","Juvenile","Tank",2,"03/06/19","7.21","8.1"
"997","Juvenile","Tank",2,"03/07/19","7.1","8.6"
"998","Juvenile","Tank",2,"03/08/19","7.23","8.1"
"999","Juvenile","Tank",2,"03/09/19","6.98","7.6"
"1000","Juvenile","Tank",2,"03/10/19","7.17","7.4"
"1001","Juvenile","Tank",2,"03/12/19","7.14","8"
"1002","Juvenile","Tank",2,"03/13/19","7.11","8"
"1003","Juvenile","Tank",2,"03/14/19","7.07","8.6"
"1004","Juvenile","Tank",2,"03/15/19","7.22","8.7"
"1005","Juvenile","Tank",2,"03/16/19","7.18","8.3"
"1006","Juvenile","Tank",2,"03/17/19","7.15","8.7"
"1007","Juvenile","Tank",2,"03/18/19","6.99","8.4"
"1008","Juvenile","Tank",2,"03/19/19","7.25","9.2"
"1009","Juvenile","Tank",2,"03/20/19","7.21","8.7"
"1010","Juvenile","Tank",2,"03/22/19","7.21","8.5"
"1011","Juvenile","Tank",2,"03/23/19","7.22","8.7"
"1012","Juvenile","Tank",2,"03/24/19","7.31","8.9"
"1013","Juvenile","Tank",2,"03/25/19","7.26","9"
"1014","Juvenile","Tank",2,"03/26/19","7.25","8.6"
"1015","Juvenile","Tank",2,"03/27/19","7.29","8.5"
"1016","Juvenile","Tank",2,"03/28/19","7.15","8.7"
"1017","Juvenile","Tank",2,"03/29/19","7.2","8.7"
"1018","Juvenile","Tank",2,"03/30/19","7.25","8.8"
"1019","Juvenile","Tank",2,"03/31/19","7.18","8.9"
"1020","Juvenile","Tank",2,"04/01/19","7.22","8.8"
"1021","Juvenile","Tank",2,"04/02/19","7.22","8.6"
"1022","Juvenile","Tank",2,"04/03/19","7.22","8.8"
"1023","Juvenile","Tank",2,"04/04/19","7.25","9.1"
"1024","Juvenile","Tank",2,"04/05/19","7.27","9.4"
"1025","Juvenile","Tank",2,"04/06/19","7.02","9.3"
"1026","Juvenile","Tank",2,"04/07/19","7.32","9.4"
"1027","Juvenile","Tank",2,"04/08/19","7.29","9"
"1028","Juvenile","Tank",2,"04/10/19","7.27","8.7"
"1029","Juvenile","Tank",2,"04/11/19","7.26","8.9"
"1030","Juvenile","Tank",2,"04/12/19","7.3","9.1"
"1031","Juvenile","Tank",2,"04/13/19","7.24","9"
"1032","Juvenile","Tank",2,"04/17/19","7.19","9.4"
"1033","Juvenile","Tank",2,"04/18/19","7.13","9.5"
"1034","Juvenile","Tank",2,"04/19/19","7.14","9.5"
"1035","Juvenile","Tank",2,"04/20/19","7.12","9.2"
"1036","Juvenile","Tank",2,"04/21/19","7.24","9.3"
"1037","Juvenile","Tank",2,"04/22/19","7.18","9.4"
"1038","Juvenile","Tank",2,"04/23/19","7.21","9.6"
"1039","Juvenile","Tank",2,"04/24/19","7.18","9.4"
"1040","Juvenile","Tank",2,"04/25/19","7.18","9.3"
"1041","Juvenile","Tank",2,"04/26/19","7.22","9.7"
"1042","Juvenile","Tank",2,"04/27/19","7.23","9.5"
"1043","Juvenile","Tank",2,"04/28/19","7.24","9.7"
"1044","Juvenile","Tank",2,"04/29/19","7.19","9.5"
"1045","Juvenile","Tank",2,"04/30/19","7.22","9.4"
"1046","Juvenile","Tank",2,"05/01/19","7.23","9.4"
"1047","Juvenile","Tank",2,"05/02/19","7.21","9.6"
"1048","Juvenile","Tank",2,"05/03/19","7.22","9.6"
"1049","Juvenile","Tank",2,"05/04/19","7.09","10.2"
"1050","Juvenile","Tank",2,"05/05/19","7.12","10.9"
"1051","Juvenile","Tank",2,"05/06/19","7.1","11.9"
"1052","Juvenile","Tank",2,"05/07/19","7.14","12.3"
"1053","Juvenile","Tank",2,"05/08/19","7.14","12.4"
"1054","Juvenile","Tank",2,"05/09/19","7.18","12.5"
"1055","Juvenile","Tank",2,"05/10/19","7.24","10.4"
"1056","Juvenile","Tank",2,"05/11/19","7.16","10.2"
"1057","Juvenile","Tank",2,"05/12/19","7.27","10"
"1058","Juvenile","Tank",2,"05/13/19","7.18","10.2"
"1059","Juvenile","Tank",2,"05/15/19","7.22","10.7"
"1060","Juvenile","Tank",2,"05/16/19","7.21","10.4"
"1061","Juvenile","Tank",2,"05/17/19","7.17","10.4"
"1062","Juvenile","Tank",2,"05/18/19","7.89","10.4"
"1063","Juvenile","Tank",2,"05/19/19","7.1","10.4"
"1064","Juvenile","Tank",2,"05/20/19","7.2","10.2"
"1065","Juvenile","Tank",2,"05/21/19","7.2","10.2"
"1066","Juvenile","Tank",2,"05/22/19","7.18","10.4"
"1067","Juvenile","Tank",2,"05/23/19","7.16","11.5"
"1068","Juvenile","Tank",2,"05/24/19","7.15","10.5"
"1069","Juvenile","Tank",2,"05/25/19","7.08","11.1"
"1070","Juvenile","Tank",2,"05/26/19","7.05","11.4"
"1071","Juvenile","Tank",2,"05/27/19","7.11","12.2"
"1072","Juvenile","Tank",2,"05/28/19","7.16","13.3"
"1073","Juvenile","Tank",2,"05/29/19","7.21","11.1"
"1074","Juvenile","Tank",2,"05/30/19","7.2","11.1"
"1075","Juvenile","Tank",2,"05/31/19","7.21","10.7"
"1076","Juvenile","Tank",2,"06/01/19","7.36","10.7"
"1077","Juvenile","Tank",2,"06/02/19","7.36","10.8"
"1078","Juvenile","Tank",2,"06/03/19","7.25","10.7"
"1079","Juvenile","Tank",2,"06/04/19","7.23","10.7"
"1080","Juvenile","Tank",2,"06/05/19","7.24","10.7"
"1081","Juvenile","Tank",2,"06/06/19","7.24","10.9"
"1082","Juvenile","Tank",2,"06/07/19","7.24","10.9"
"1083","Juvenile","Tank",2,"06/08/19","7.22","11"
"1084","Juvenile","Tank",2,"06/09/19","7.21","11.2"
"1085","Juvenile","Tank",2,"06/10/19","7.23","11.1"
"1086","Juvenile","Tank",2,"06/11/19","7.2","11.3"
"1087","Juvenile","Tank",2,"06/12/19","7.21","11.2"
"1088","Juvenile","Tank",2,"06/13/19","7.19","11.3"
"1089","Juvenile","Tank",2,"06/14/19","7.22","11.3"
"1090","Juvenile","Tank",2,"06/16/19","7.21","11.6"
"1091","Juvenile","Tank",2,"06/17/19","7.19","11.6"
"1092","Juvenile","Tank",2,"06/18/19","7.2","11.4"
"1093","Juvenile","Tank",2,"06/19/19","7.18","11.7"
"1094","Juvenile","Tank",2,"06/20/19","7.19","11.7"
"1095","Juvenile","Tank",2,"06/21/19","7.2","11.5"
"1096","Juvenile","Tank",2,"06/22/19","7.23","11.8"
"1097","Juvenile","Tank",2,"06/23/19","7.21","11.7"
"1098","Juvenile","Tank",2,"06/24/19","7.2","11.5"
"1099","Juvenile","Tank",2,"06/25/19","7.23","11.8"
"1100","Juvenile","Tank",2,"07/01/19","7.22","11.9"
"1101","Juvenile","Tank",2,"07/02/19","7.21","11.6"
"1102","Juvenile","Tank",2,"07/03/19","7.23","11.5"
"1103","Juvenile","Tank",2,"07/06/19","7.25","12"
"1104","Juvenile","Tank",2,"07/07/19","7.19","12.2"
"1105","Juvenile","Tank",2,"07/08/19","8.02","11.8"
"1106","Juvenile","Tank",2,"07/09/19","7.23","12"
"1107","Juvenile","Tank",2,"07/10/19","7.21","12.5"
"1108","Juvenile","Tank",2,"07/11/19","7.23","12.2"
"1109","Juvenile","Tank",1,"8/28/18","7.23","12.4"
"1110","Juvenile","Tank",1,"8/29/18","7.71","12.5"
"1111","Juvenile","Tank",1,"8/30/18","7.71","12.5"
"1112","Juvenile","Tank",1,"8/31/18","7.75","12.6"
"1113","Juvenile","Tank",1,"9/4/18","7.74","12.6"
"1114","Juvenile","Tank",1,"9/5/18","7.73","12.7"
"1115","Juvenile","Tank",1,"9/6/18","7.73","12.7"
"1116","Juvenile","Tank",1,"9/7/18","7.74","12.8"
"1117","Juvenile","Tank",1,"9/10/18","0.94","62.9"
"1118","Juvenile","Tank",1,"9/11/18","0.78","27.5"
"1119","Juvenile","Tank",1,"9/12/18","7.81","13.5"
"1120","Juvenile","Tank",1,"9/13/18","7.77","13.3"
"1121","Juvenile","Tank",1,"9/14/18","7.73","12.9"
"1122","Juvenile","Tank",1,"9/15/18","7.72","12.6"
"1123","Juvenile","Tank",1,"9/18/18","7.65","12.3"
"1124","Juvenile","Tank",1,"9/19/18","7.65","12.2"
"1125","Juvenile","Tank",1,"9/20/18","7.66","12.4"
"1126","Juvenile","Tank",1,"9/21/18","7.69","12.6"
"1127","Juvenile","Tank",1,"9/23/18","7.73","12.9"
"1128","Juvenile","Tank",1,"9/24/18","7.7","12.6"
"1129","Juvenile","Tank",1,"9/25/18","7.63","12.5"
"1130","Juvenile","Tank",1,"9/26/18","7.67","12.3"
"1131","Juvenile","Tank",1,"9/27/18","7.67","12.5"
"1132","Juvenile","Tank",1,"9/29/18","7.67","12.5"
"1133","Juvenile","Tank",1,"10/1/18","7.69","12.7"
"1134","Juvenile","Tank",1,"10/2/18","7.7","12.8"
"1135","Juvenile","Tank",1,"10/3/18","7.73","12.8"
"1136","Juvenile","Tank",1,"10/4/18","7.69","12.5"
"1137","Juvenile","Tank",1,"10/5/18","7.67","12.2"
"1138","Juvenile","Tank",1,"10/6/18","7.67","12.3"
"1139","Juvenile","Tank",1,"10/8/18","7.66","12.3"
"1140","Juvenile","Tank",1,"10/9/18","7.68","12.3"
"1141","Juvenile","Tank",1,"10/10/18","7.76","12.3"
"1142","Juvenile","Tank",1,"10/11/18","7.78","12.3"
"1143","Juvenile","Tank",1,"10/12/18","7.76","12.3"
"1144","Juvenile","Tank",1,"10/13/18","7.77","12.2"
"1145","Juvenile","Tank",1,"10/15/18","7.78","12"
"1146","Juvenile","Tank",1,"10/16/18","7.79","12.1"
"1147","Juvenile","Tank",1,"10/17/18","7.79","12.1"
"1148","Juvenile","Tank",1,"10/18/18","7.77","12.1"
"1149","Juvenile","Tank",1,"10/21/18","7.79","12.2"
"1150","Juvenile","Tank",1,"10/22/18","7.79","12.3"
"1151","Juvenile","Tank",1,"10/23/18","7.78","12"
"1152","Juvenile","Tank",1,"10/24/18","7.78","12.4"
"1153","Juvenile","Tank",1,"10/25/18","7.79","12.3"
"1154","Juvenile","Tank",1,"10/26/18","7.81","12.3"
"1155","Juvenile","Tank",1,"10/27/18","7.82","12.3"
"1156","Juvenile","Tank",1,"10/28/18","7.8","12.2"
"1157","Juvenile","Tank",1,"10/29/18","7.8","12.1"
"1158","Juvenile","Tank",1,"10/30/18","7.6","12.1"
"1159","Juvenile","Tank",1,"10/31/18","7.6","12"
"1160","Juvenile","Tank",1,"11/1/18","7.77","12.2"
"1161","Juvenile","Tank",1,"11/2/18","7.82","12.3"
"1162","Juvenile","Tank",1,"11/3/18","7.77","12.2"
"1163","Juvenile","Tank",1,"11/4/18","7.76","12"
"1164","Juvenile","Tank",1,"11/5/18","7.75","11.9"
"1165","Juvenile","Tank",1,"11/6/18","7.72","11.8"
"1166","Juvenile","Tank",1,"11/7/18","7.77","11.6"
"1167","Juvenile","Tank",1,"11/9/18","7.81","11.6"
"1168","Juvenile","Tank",1,"11/11/18","7.79","11.4"
"1169","Juvenile","Tank",1,"11/12/18","7.78","11.2"
"1170","Juvenile","Tank",1,"11/14/18","7.78","11.7"
"1171","Juvenile","Tank",1,"11/15/18","7.81","11.3"
"1172","Juvenile","Tank",1,"11/16/18","7.81","11.3"
"1173","Juvenile","Tank",1,"11/17/18","7.78","11.1"
"1174","Juvenile","Tank",1,"11/18/18","7.78","11"
"1175","Juvenile","Tank",1,"11/20/18","7.78","11.1"
"1176","Juvenile","Tank",1,"11/21/18","7.79","11.3"
"1177","Juvenile","Tank",1,"11/22/18","7.8","11.3"
"1178","Juvenile","Tank",1,"11/23/18","7.78","11.2"
"1179","Juvenile","Tank",1,"11/24/18","7.79","11.2"
"1180","Juvenile","Tank",1,"11/25/18","7.78","11.3"
"1181","Juvenile","Tank",1,"11/26/18","7.77","11.5"
"1182","Juvenile","Tank",1,"11/27/18","7.77","11.4"
"1183","Juvenile","Tank",1,"11/28/18","7.79","11.2"
"1184","Juvenile","Tank",1,"11/29/18","7.76","11.2"
"1185","Juvenile","Tank",1,"11/30/18","7.77","11.3"
"1186","Juvenile","Tank",1,"12/1/18","7.77","11.1"
"1187","Juvenile","Tank",1,"12/2/18","7.74","11.1"
"1188","Juvenile","Tank",1,"12/3/18","7.79","10.8"
"1189","Juvenile","Tank",1,"12/4/18","7.75","10.9"
"1190","Juvenile","Tank",1,"12/5/18","7.74","10.5"
"1191","Juvenile","Tank",1,"12/6/18","7.76","10.5"
"1192","Juvenile","Tank",1,"12/8/18","7.77","10.5"
"1193","Juvenile","Tank",1,"12/9/18","7.78","10.2"
"1194","Juvenile","Tank",1,"12/10/18","7.77","10.3"
"1195","Juvenile","Tank",1,"12/11/18","7.79","10.1"
"1196","Juvenile","Tank",1,"12/12/18","7.78","10.1"
"1197","Juvenile","Tank",1,"12/13/18","7.75","10.6"
"1198","Juvenile","Tank",1,"12/14/18","7.74","10.5"
"1199","Juvenile","Tank",1,"12/15/18","7.73","10.2"
"1200","Juvenile","Tank",1,"12/16/18","7.75","10.5"
"1201","Juvenile","Tank",1,"12/17/18","7.75","10.4"
"1202","Juvenile","Tank",1,"12/18/18","7.78","10.4"
"1203","Juvenile","Tank",1,"12/19/18","7.77","10.2"
"1204","Juvenile","Tank",1,"12/20/18","7.86","10.3"
"1205","Juvenile","Tank",1,"12/21/18","7.82","10.1"
"1206","Juvenile","Tank",1,"12/22/18","7.78","9.8"
"1207","Juvenile","Tank",1,"12/23/18","7.75","9.9"
"1208","Juvenile","Tank",1,"12/24/18","7.75","9.7"
"1209","Juvenile","Tank",1,"12/26/18","7.77","9.5"
"1210","Juvenile","Tank",1,"12/28/18","7.79","9.2"
"1211","Juvenile","Tank",1,"12/29/18","7.78","9.6"
"1212","Juvenile","Tank",1,"12/30/18","7.82","9.1"
"1213","Juvenile","Tank",1,"12/31/18","7.81","9.5"
"1214","Juvenile","Tank",1,"1/2/19","7.81","8.8"
"1215","Juvenile","Tank",1,"1/3/19","7.81","9.2"
"1216","Juvenile","Tank",1,"1/4/19","7.82","9.3"
"1217","Juvenile","Tank",1,"1/5/19","7.82","9.3"
"1218","Juvenile","Tank",1,"1/6/19","7.78","9.3"
"1219","Juvenile","Tank",1,"1/7/19","7.82","9.1"
"1220","Juvenile","Tank",1,"1/8/19","7.81","9.2"
"1221","Juvenile","Tank",1,"1/9/19","7.8","9.4"
"1222","Juvenile","Tank",1,"1/10/19","7.81","9.5"
"1223","Juvenile","Tank",1,"1/11/19","7.81","9.3"
"1224","Juvenile","Tank",1,"1/12/19","7.79","9.3"
"1225","Juvenile","Tank",1,"1/13/19","7.8","9.1"
"1226","Juvenile","Tank",1,"1/14/19","7.81","9.1"
"1227","Juvenile","Tank",1,"1/15/19","7.79","8.9"
"1228","Juvenile","Tank",1,"1/16/19","7.79","8.8"
"1229","Juvenile","Tank",1,"1/17/19","7.81","9.1"
"1230","Juvenile","Tank",1,"1/18/19","7.82","9.2"
"1231","Juvenile","Tank",1,"1/19/19","7.79","9.1"
"1232","Juvenile","Tank",1,"1/20/19","7.82","9"
"1233","Juvenile","Tank",1,"1/21/19","7.8","9.3"
"1234","Juvenile","Tank",1,"1/22/19","7.79","9.3"
"1235","Juvenile","Tank",1,"1/23/19","7.78","9.2"
"1236","Juvenile","Tank",1,"1/24/19","7.78","9.1"
"1237","Juvenile","Tank",1,"1/25/19","7.81","9.2"
"1238","Juvenile","Tank",1,"1/26/19","7.81","9.1"
"1239","Juvenile","Tank",1,"1/27/19","7.79","9.1"
"1240","Juvenile","Tank",1,"1/28/19","7.8","9"
"1241","Juvenile","Tank",1,"1/29/19","7.8","9"
"1242","Juvenile","Tank",1,"1/30/19","7.82","9.1"
"1243","Juvenile","Tank",1,"1/31/19","7.81","9.2"
"1244","Juvenile","Tank",1,"2/1/19","7.81","9.2"
"1245","Juvenile","Tank",1,"2/3/19","7.81","8.8"
"1246","Juvenile","Tank",1,"2/4/19","7.82","8.6"
"1247","Juvenile","Tank",1,"2/5/19","7.81","8.7"
"1248","Juvenile","Tank",1,"2/6/19","7.8","8.7"
"1249","Juvenile","Tank",1,"2/7/19","7.83","8.4"
"1250","Juvenile","Tank",1,"2/8/19","7.83","8.4"
"1251","Juvenile","Tank",1,"2/11/19","7.81","8.7"
"1252","Juvenile","Tank",1,"2/12/19","7.82","8.7"
"1253","Juvenile","Tank",1,"2/13/19","7.84","8.1"
"1254","Juvenile","Tank",1,"2/14/19","7.84","8.2"
"1255","Juvenile","Tank",1,"2/15/19","7.82","8.8"
"1256","Juvenile","Tank",1,"2/16/19","7.84","8"
"1257","Juvenile","Tank",1,"2/17/19","7.82","7.7"
"1258","Juvenile","Tank",1,"2/18/19","7.82","7.7"
"1259","Juvenile","Tank",1,"2/19/19","7.82","7.9"
"1260","Juvenile","Tank",1,"2/20/19","7.83","7.9"
"1261","Juvenile","Tank",1,"2/21/19","7.82","7.5"
"1262","Juvenile","Tank",1,"2/22/19","7.82","7.6"
"1263","Juvenile","Tank",1,"2/23/19","7.82","8.6"
"1264","Juvenile","Tank",1,"2/24/19","7.85","8.4"
"1265","Juvenile","Tank",1,"2/25/19","7.83","8.4"
"1266","Juvenile","Tank",1,"2/26/19","7.81","8.4"
"1267","Juvenile","Tank",1,"2/27/19","7.82","8.4"
"1268","Juvenile","Tank",1,"3/1/19","7.82","8.6"
"1269","Juvenile","Tank",1,"3/2/19","7.81","8.4"
"1270","Juvenile","Tank",1,"3/3/19","7.83","8.4"
"1271","Juvenile","Tank",1,"3/4/19","7.83","7.9"
"1272","Juvenile","Tank",1,"3/5/19","7.83","8.4"
"1273","Juvenile","Tank",1,"3/6/19","7.82","8.1"
"1274","Juvenile","Tank",1,"3/7/19","7.82","8.5"
"1275","Juvenile","Tank",1,"3/8/19","7.88","7.9"
"1276","Juvenile","Tank",1,"3/9/19","7.94","8"
"1277","Juvenile","Tank",1,"3/10/19","7.86","8.1"
"1278","Juvenile","Tank",1,"3/12/19","7.88","8.2"
"1279","Juvenile","Tank",1,"3/13/19","7.87","8.1"
"1280","Juvenile","Tank",1,"3/14/19","7.94","8.6"
"1281","Juvenile","Tank",1,"3/15/19","7.89","8.6"
"1282","Juvenile","Tank",1,"3/16/19","7.85","8.3"
"1283","Juvenile","Tank",1,"3/17/19","7.83","8.7"
"1284","Juvenile","Tank",1,"3/18/19","7.84","8.5"
"1285","Juvenile","Tank",1,"3/19/19","7.84","8.9"
"1286","Juvenile","Tank",1,"3/20/19","7.84","8.5"
"1287","Juvenile","Tank",1,"3/22/19","7.92","8.4"
"1288","Juvenile","Tank",1,"3/23/19","7.6","8"
"1289","Juvenile","Tank",1,"3/24/19","7.99","8.9"
"1290","Juvenile","Tank",1,"3/25/19","7.91","9"
"1291","Juvenile","Tank",1,"3/26/19","7.88","8.6"
"1292","Juvenile","Tank",1,"3/27/19","7.92","8.4"
"1293","Juvenile","Tank",1,"3/28/19","7.9","8.5"
"1294","Juvenile","Tank",1,"3/29/19","7.88","8.5"
"1295","Juvenile","Tank",1,"3/30/19","7.92","8.6"
"1296","Juvenile","Tank",1,"3/31/19","7.91","8.8"
"1297","Juvenile","Tank",1,"4/1/19","7.91","8.6"
"1298","Juvenile","Tank",1,"4/2/19","7.9","8.5"
"1299","Juvenile","Tank",1,"4/3/19","7.87","8.7"
"1300","Juvenile","Tank",1,"4/4/19","7.98","9"
"1301","Juvenile","Tank",1,"4/5/19","8.05","9.3"
"1302","Juvenile","Tank",1,"4/6/19","7.94","8.4"
"1303","Juvenile","Tank",1,"4/7/19","8","9.2"
"1304","Juvenile","Tank",1,"4/8/19","7.95","9"
"1305","Juvenile","Tank",1,"4/10/19","7.89","8.7"
"1306","Juvenile","Tank",1,"4/11/19","7.94","8.8"
"1307","Juvenile","Tank",1,"4/12/19","7.96","8.9"
"1308","Juvenile","Tank",1,"4/13/19","7.98","8.9"
"1309","Juvenile","Tank",1,"4/17/19","8","9.3"
"1310","Juvenile","Tank",1,"4/18/19","8.8","9.5"
"1311","Juvenile","Tank",1,"4/19/19","7.96","9.4"
"1312","Juvenile","Tank",1,"4/20/19","7.8","9.5"
"1313","Juvenile","Tank",1,"4/21/19","7.9","9.4"
"1314","Juvenile","Tank",1,"4/22/19","7.98","9.3"
"1315","Juvenile","Tank",1,"4/23/19","8","9.4"
"1316","Juvenile","Tank",1,"4/24/19","7.99","9.3"
"1317","Juvenile","Tank",1,"4/25/19","7.99","9.3"
"1318","Juvenile","Tank",1,"4/26/19","7.99","9.6"
"1319","Juvenile","Tank",1,"4/27/19","7.97","9.4"
"1320","Juvenile","Tank",1,"4/28/19","7.96","9.6"
"1321","Juvenile","Tank",1,"4/29/19","7.97","9.4"
"1322","Juvenile","Tank",1,"4/30/19","7.96","9.5"
"1323","Juvenile","Tank",1,"5/1/19","7.96","9.3"
"1324","Juvenile","Tank",1,"5/2/19","7.98","9.5"
"1325","Juvenile","Tank",1,"5/3/19","7.94","9.4"
"1326","Juvenile","Tank",1,"5/4/19","7.96","10.2"
"1327","Juvenile","Tank",1,"5/5/19","7.96","10.1"
"1328","Juvenile","Tank",1,"5/6/19","7.98","10.6"
"1329","Juvenile","Tank",1,"5/7/19","7.97","10"
"1330","Juvenile","Tank",1,"5/8/19","8","10.4"
"1331","Juvenile","Tank",1,"5/9/19","7.99","9.9"
"1332","Juvenile","Tank",1,"5/10/19","8","10.3"
"1333","Juvenile","Tank",1,"5/11/19","7.9","9.9"
"1334","Juvenile","Tank",1,"5/12/19","8.02","10"
"1335","Juvenile","Tank",1,"5/13/19","8.04","10"
"1336","Juvenile","Tank",1,"5/15/19","8.07","10.7"
"1337","Juvenile","Tank",1,"5/16/19","7.99","10.2"
"1338","Juvenile","Tank",1,"5/17/19","8.03","10.3"
"1339","Juvenile","Tank",1,"5/18/19","8.01","10.3"
"1340","Juvenile","Tank",1,"5/19/19","8","10.1"
"1341","Juvenile","Tank",1,"5/20/19","7.97","9.9"
"1342","Juvenile","Tank",1,"5/21/19","8.01","10.1"
"1343","Juvenile","Tank",1,"5/22/19","8","10.1"
"1344","Juvenile","Tank",1,"5/23/19","8.01","10.8"
"1345","Juvenile","Tank",1,"5/24/19","8","10.3"
"1346","Juvenile","Tank",1,"5/25/19","8.8","10.4"
"1347","Juvenile","Tank",1,"5/26/19","8.01","10.4"
"1348","Juvenile","Tank",1,"5/27/19","8","10.5"
"1349","Juvenile","Tank",1,"5/28/19","8.02","10.6"
"1350","Juvenile","Tank",1,"5/29/19","8.08","11"
"1351","Juvenile","Tank",1,"5/30/19","8.08","11"
"1352","Juvenile","Tank",1,"5/31/19","8.02","10.5"
"1353","Juvenile","Tank",1,"6/1/19","8","10.7"
"1354","Juvenile","Tank",1,"6/2/19","7.97","10.7"
"1355","Juvenile","Tank",1,"6/3/19","7.97","10.8"
"1356","Juvenile","Tank",1,"6/4/19","7.95","10.7"
"1357","Juvenile","Tank",1,"6/5/19","7.99","10.5"
"1358","Juvenile","Tank",1,"6/6/19","8.04","10.9"
"1359","Juvenile","Tank",1,"6/7/19","8.2","10.9"
"1360","Juvenile","Tank",1,"6/8/19","8","10.8"
"1361","Juvenile","Tank",1,"6/9/19","8.06","11.1"
"1362","Juvenile","Tank",1,"6/10/19","8.06","11"
"1363","Juvenile","Tank",1,"6/11/19","8.06","11.2"
"1364","Juvenile","Tank",1,"6/12/19","8.01","11"
"1365","Juvenile","Tank",1,"6/13/19","8.03","11.1"
"1366","Juvenile","Tank",1,"6/14/19","8.03","11.5"
"1367","Juvenile","Tank",1,"6/16/19","8.03","11.9"
"1368","Juvenile","Tank",1,"6/17/19","8.02","11.8"
"1369","Juvenile","Tank",1,"6/18/19","8.04","11.3"
"1370","Juvenile","Tank",1,"6/19/19","8.07","11.6"
"1371","Juvenile","Tank",1,"6/20/19","8.06","11.6"
"1372","Juvenile","Tank",1,"6/21/19","8.05","11.3"
"1373","Juvenile","Tank",1,"6/22/19","8.1","11.7"
"1374","Juvenile","Tank",1,"6/23/19","8.07","11.5"
"1375","Juvenile","Tank",1,"6/24/19","8.05","11.4"
"1376","Juvenile","Tank",1,"6/25/19","7.23","11.7"
"1377","Juvenile","Tank",1,"7/1/19","8.03","12"
"1378","Juvenile","Tank",1,"7/2/19","8.01","11.4"
"1379","Juvenile","Tank",1,"7/3/19","7.99","11.6"
"1380","Juvenile","Tank",1,"7/6/19","8.03","12"
"1381","Juvenile","Tank",1,"7/7/19","8.05","12.2"
"1382","Juvenile","Tank",1,"7/8/19","7.6","12.3"
"1383","Juvenile","Tank",1,"7/9/19","7.57","12.4"
"1384","Juvenile","Tank",1,"7/10/19","8.05","12.5"
"1385","Juvenile","Tank",1,"7/11/19","8.04","12.2"
