"experiment","unit","unit_number","id_1","id_2","id_3","time","date","salinity","pHat25","fileName","unit_ID","alk","insituTemp","pHinsitu","dateString"
"Juvenile","Tank","2",NA,NA,NA,"0.45833333333333331",2019-08-10,28.8,7.549664967,"2021.01.05_masterSPECsalmonshedTANKdata.xlsx","Tank_2",1972.442,NA,NA,"2019-08-10"
"Juvenile","Tank","3",NA,NA,NA,"0.45833333333333331",2019-08-10,28.8,7.549090376,"2021.01.05_masterSPECsalmonshedTANKdata.xlsx","Tank_3",1972.442,NA,NA,"2019-08-10"
"Juvenile","Tank","5",NA,NA,NA,"0.45833333333333331",2019-08-10,28.8,7.563150294,"2021.01.05_masterSPECsalmonshedTANKdata.xlsx","Tank_5",1972.442,NA,NA,"2019-08-10"
"Juvenile","Tank","6",NA,NA,NA,"0.45833333333333331",2019-08-10,28.8,7.569084489,"2021.01.05_masterSPECsalmonshedTANKdata.xlsx","Tank_6",1972.442,NA,NA,"2019-08-10"
"Juvenile","Tank","1",NA,NA,NA,"0.45833333333333331",2019-08-10,28.8,7.591060622,"2021.01.05_masterSPECsalmonshedTANKdata.xlsx","Tank_1",1972.442,NA,NA,"2019-08-10"
"Juvenile","Tank","4",NA,NA,NA,"0.45833333333333331",2019-08-10,28.8,7.601499656,"2021.01.05_masterSPECsalmonshedTANKdata.xlsx","Tank_4",1972.442,NA,NA,"2019-08-10"
"Juvenile","Tank","5",NA,NA,NA,"0.45833333333333331",2018-08-29,29.99,7.47182662565748,"2021.01.05_masterSPECsalmonshedTANKdata.xlsx","Tank_5",2032.35255,NA,NA,"2018-08-29"
"Juvenile","Tank","2",NA,NA,NA,"0.45833333333333331",2018-08-29,29.99,7.11559257852205,"2021.01.05_masterSPECsalmonshedTANKdata.xlsx","Tank_2",2032.35255,NA,NA,"2018-08-29"
"Juvenile","Tank","4",NA,NA,NA,"0.45833333333333331",2018-08-29,29.99,7.11694948569439,"2021.01.05_masterSPECsalmonshedTANKdata.xlsx","Tank_4",2032.35255,NA,NA,"2018-08-29"
"Juvenile","Tank","6",NA,NA,NA,"0.45833333333333331",2018-08-29,29.99,7.0578580486228,"2021.01.05_masterSPECsalmonshedTANKdata.xlsx","Tank_6",2032.35255,NA,NA,"2018-08-29"
"Juvenile","Tank","1",NA,NA,NA,"0.45833333333333331",2018-08-29,29.99,7.53247437982311,"2021.01.05_masterSPECsalmonshedTANKdata.xlsx","Tank_1",2032.35255,NA,NA,"2018-08-29"
"Juvenile","Tank","3",NA,NA,NA,"0.45833333333333331",2018-08-29,29.99,7.53893460353493,"2021.01.05_masterSPECsalmonshedTANKdata.xlsx","Tank_3",2032.35255,NA,NA,"2018-08-29"
"Juvenile","Tank","1",NA,NA,NA,"0.45833333333333331",2018-09-11,30.26,7.6228038149988,"2021.01.05_masterSPECsalmonshedTANKdata.xlsx","Tank_1",2045.9457,NA,NA,"2018-09-11"
"Juvenile","Tank","1",NA,NA,NA,"0.45833333333333331",2018-09-11,30.26,7.61750507560371,"2021.01.05_masterSPECsalmonshedTANKdata.xlsx","Tank_1",2045.9457,NA,NA,"2018-09-11"
"Juvenile","Tank","2",NA,NA,NA,"0.45833333333333331",2018-09-11,30.26,7.10379940248934,"2021.01.05_masterSPECsalmonshedTANKdata.xlsx","Tank_2",2045.9457,NA,NA,"2018-09-11"
"Juvenile","Tank","2",NA,NA,NA,"0.45833333333333331",2018-09-11,30.26,7.10683320407696,"2021.01.05_masterSPECsalmonshedTANKdata.xlsx","Tank_2",2045.9457,NA,NA,"2018-09-11"
"Juvenile","Tank","3",NA,NA,NA,"0.45833333333333331",2018-09-11,30.26,7.61560559982295,"2021.01.05_masterSPECsalmonshedTANKdata.xlsx","Tank_3",2045.9457,NA,NA,"2018-09-11"
"Juvenile","Tank","3",NA,NA,NA,"0.45833333333333331",2018-09-11,30.26,7.61652349549946,"2021.01.05_masterSPECsalmonshedTANKdata.xlsx","Tank_3",2045.9457,NA,NA,"2018-09-11"
"Juvenile","Tank","4",NA,NA,NA,"0.45833333333333331",2018-09-11,30.26,6.87553033712579,"2021.01.05_masterSPECsalmonshedTANKdata.xlsx","Tank_4",2045.9457,NA,NA,"2018-09-11"
"Juvenile","Tank","4",NA,NA,NA,"0.45833333333333331",2018-09-11,30.26,6.83464496341236,"2021.01.05_masterSPECsalmonshedTANKdata.xlsx","Tank_4",2045.9457,NA,NA,"2018-09-11"
"Juvenile","Tank","5",NA,NA,NA,"0.45833333333333331",2018-09-11,30.26,7.62147017398454,"2021.01.05_masterSPECsalmonshedTANKdata.xlsx","Tank_5",2045.9457,NA,NA,"2018-09-11"
"Juvenile","Tank","5",NA,NA,NA,"0.45833333333333331",2018-09-11,30.26,7.62151786740304,"2021.01.05_masterSPECsalmonshedTANKdata.xlsx","Tank_5",2045.9457,NA,NA,"2018-09-11"
"Juvenile","Tank","6",NA,NA,NA,"0.45833333333333331",2018-09-11,30.26,7.05489780780668,"2021.01.05_masterSPECsalmonshedTANKdata.xlsx","Tank_6",2045.9457,NA,NA,"2018-09-11"
"Juvenile","Tank","6",NA,NA,NA,"0.45833333333333331",2018-09-11,30.26,7.04526205378974,"2021.01.05_masterSPECsalmonshedTANKdata.xlsx","Tank_6",2045.9457,NA,NA,"2018-09-11"
"Juvenile","Tank","1",NA,NA,NA,"0.45833333333333331",2018-09-19,30.31,7.48028640448751,"2021.01.05_masterSPECsalmonshedTANKdata.xlsx","Tank_1",2048.46295,NA,NA,"2018-09-19"
"Juvenile","Tank","2",NA,NA,NA,"0.45833333333333331",2018-09-19,30.31,7.06968081337156,"2021.01.05_masterSPECsalmonshedTANKdata.xlsx","Tank_2",2048.46295,NA,NA,"2018-09-19"
"Juvenile","Tank","3",NA,NA,NA,"0.45833333333333331",2018-09-19,30.31,7.49240436044746,"2021.01.05_masterSPECsalmonshedTANKdata.xlsx","Tank_3",2048.46295,NA,NA,"2018-09-19"
"Juvenile","Tank","4",NA,NA,NA,"0.45833333333333331",2018-09-19,30.31,7.06276855294229,"2021.01.05_masterSPECsalmonshedTANKdata.xlsx","Tank_4",2048.46295,NA,NA,"2018-09-19"
"Juvenile","Tank","5",NA,NA,NA,"0.45833333333333331",2018-09-19,30.31,7.48872304452297,"2021.01.05_masterSPECsalmonshedTANKdata.xlsx","Tank_5",2048.46295,NA,NA,"2018-09-19"
"Juvenile","Tank","6",NA,NA,NA,"0.45833333333333331",2018-09-19,30.31,6.93576773077416,"2021.01.05_masterSPECsalmonshedTANKdata.xlsx","Tank_6",2048.46295,NA,NA,"2018-09-19"
"Juvenile","Tank","1",NA,NA,NA,"0.45833333333333331",2018-10-02,28.27,7.55132290859374,"2021.01.05_masterSPECsalmonshedTANKdata.xlsx","Tank_1",1945.75915,NA,NA,"2018-10-02"
"Juvenile","Tank","1",NA,NA,NA,"0.45833333333333331",2018-10-02,28.27,7.55956182053962,"2021.01.05_masterSPECsalmonshedTANKdata.xlsx","Tank_1",1945.75915,NA,NA,"2018-10-02"
"Juvenile","Tank","2",NA,NA,NA,"0.45833333333333331",2018-10-02,28.27,7.09953572231084,"2021.01.05_masterSPECsalmonshedTANKdata.xlsx","Tank_2",1945.75915,NA,NA,"2018-10-02"
"Juvenile","Tank","2",NA,NA,NA,"0.45833333333333331",2018-10-02,28.27,7.07562554226087,"2021.01.05_masterSPECsalmonshedTANKdata.xlsx","Tank_2",1945.75915,NA,NA,"2018-10-02"
"Juvenile","Tank","3",NA,NA,NA,"0.45833333333333331",2018-10-02,28.27,7.55956182053962,"2021.01.05_masterSPECsalmonshedTANKdata.xlsx","Tank_3",1945.75915,NA,NA,"2018-10-02"
"Juvenile","Tank","3",NA,NA,NA,"0.45833333333333331",2018-10-02,28.27,7.56738833225271,"2021.01.05_masterSPECsalmonshedTANKdata.xlsx","Tank_3",1945.75915,NA,NA,"2018-10-02"
"Juvenile","Tank","4",NA,NA,NA,"0.45833333333333331",2018-10-02,28.27,7.08099396119344,"2021.01.05_masterSPECsalmonshedTANKdata.xlsx","Tank_4",1945.75915,NA,NA,"2018-10-02"
"Juvenile","Tank","4",NA,NA,NA,"0.45833333333333331",2018-10-02,28.27,7.08099396119344,"2021.01.05_masterSPECsalmonshedTANKdata.xlsx","Tank_4",1945.75915,NA,NA,"2018-10-02"
"Juvenile","Tank","5",NA,NA,NA,"0.45833333333333331",2018-10-02,28.27,7.5419979196504,"2021.01.05_masterSPECsalmonshedTANKdata.xlsx","Tank_5",1945.75915,NA,NA,"2018-10-02"
"Juvenile","Tank","5",NA,NA,NA,"0.45833333333333331",2018-10-02,28.27,7.56248101508643,"2021.01.05_masterSPECsalmonshedTANKdata.xlsx","Tank_5",1945.75915,NA,NA,"2018-10-02"
"Juvenile","Tank","6",NA,NA,NA,"0.45833333333333331",2018-10-02,28.27,7.06105176131159,"2021.01.05_masterSPECsalmonshedTANKdata.xlsx","Tank_6",1945.75915,NA,NA,"2018-10-02"
"Juvenile","Tank","6",NA,NA,NA,"0.45833333333333331",2018-10-02,28.27,7.03225908907723,"2021.01.05_masterSPECsalmonshedTANKdata.xlsx","Tank_6",1945.75915,NA,NA,"2018-10-02"
"Juvenile","Tank","1",NA,NA,NA,"0.45833333333333331",2018-10-09,28.27,7.53840583545442,"2021.01.05_masterSPECsalmonshedTANKdata.xlsx","Tank_1",1945.75915,NA,NA,"2018-10-09"
"Juvenile","Tank","1",NA,NA,NA,"0.45833333333333331",2018-10-09,28.27,7.51751948103017,"2021.01.05_masterSPECsalmonshedTANKdata.xlsx","Tank_1",1945.75915,NA,NA,"2018-10-09"
"Juvenile","Tank","2",NA,NA,NA,"0.45833333333333331",2018-10-09,28.27,7.11361190776873,"2021.01.05_masterSPECsalmonshedTANKdata.xlsx","Tank_2",1945.75915,NA,NA,"2018-10-09"
"Juvenile","Tank","2",NA,NA,NA,"0.45833333333333331",2018-10-09,28.27,7.10262949552399,"2021.01.05_masterSPECsalmonshedTANKdata.xlsx","Tank_2",1945.75915,NA,NA,"2018-10-09"
"Juvenile","Tank","3",NA,NA,NA,"0.45833333333333331",2018-10-09,28.27,7.50083406240702,"2021.01.05_masterSPECsalmonshedTANKdata.xlsx","Tank_3",1945.75915,NA,NA,"2018-10-09"
"Juvenile","Tank","3",NA,NA,NA,"0.45833333333333331",2018-10-09,28.27,7.52407389379294,"2021.01.05_masterSPECsalmonshedTANKdata.xlsx","Tank_3",1945.75915,NA,NA,"2018-10-09"
"Juvenile","Tank","4",NA,NA,NA,"0.45833333333333331",2018-10-09,28.27,6.89044732487059,"2021.01.05_masterSPECsalmonshedTANKdata.xlsx","Tank_4",1945.75915,NA,NA,"2018-10-09"
"Juvenile","Tank","4",NA,NA,NA,"0.45833333333333331",2018-10-09,28.27,7.01107459455402,"2021.01.05_masterSPECsalmonshedTANKdata.xlsx","Tank_4",1945.75915,NA,NA,"2018-10-09"
"Juvenile","Tank","5",NA,NA,NA,"0.45833333333333331",2018-10-09,28.27,7.50478778103776,"2021.01.05_masterSPECsalmonshedTANKdata.xlsx","Tank_5",1945.75915,NA,NA,"2018-10-09"
"Juvenile","Tank","5",NA,NA,NA,"0.45833333333333331",2018-10-09,28.27,7.52138624497184,"2021.01.05_masterSPECsalmonshedTANKdata.xlsx","Tank_5",1945.75915,NA,NA,"2018-10-09"
"Juvenile","Tank","6",NA,NA,NA,"0.45833333333333331",2018-10-09,28.27,7.01803911654153,"2021.01.05_masterSPECsalmonshedTANKdata.xlsx","Tank_6",1945.75915,NA,NA,"2018-10-09"
"Juvenile","Tank","6",NA,NA,NA,"0.45833333333333331",2018-10-09,28.27,7.03225908907723,"2021.01.05_masterSPECsalmonshedTANKdata.xlsx","Tank_6",1945.75915,NA,NA,"2018-10-09"
"Juvenile","Tank","5",NA,NA,NA,"0.45833333333333331",2018-10-24,30.79,7.51806198609256,"2021.01.05_masterSPECsalmonshedTANKdata.xlsx","Tank_5",2072.62855,NA,NA,"2018-10-24"
"Juvenile","Tank","6",NA,NA,NA,"0.45833333333333331",2018-10-24,30.79,6.92676685304784,"2021.01.05_masterSPECsalmonshedTANKdata.xlsx","Tank_6",2072.62855,NA,NA,"2018-10-24"
"Juvenile","Tank","4",NA,NA,NA,"0.45833333333333331",2018-10-24,30.79,6.9854121642709,"2021.01.05_masterSPECsalmonshedTANKdata.xlsx","Tank_4",2072.62855,NA,NA,"2018-10-24"
"Juvenile","Tank","2",NA,NA,NA,"0.45833333333333331",2018-10-24,30.79,7.05573456131159,"2021.01.05_masterSPECsalmonshedTANKdata.xlsx","Tank_2",2072.62855,NA,NA,"2018-10-24"
"Juvenile","Tank","4",NA,NA,NA,"0.45833333333333331",2018-10-24,30.79,6.99210516140671,"2021.01.05_masterSPECsalmonshedTANKdata.xlsx","Tank_4",2072.62855,NA,NA,"2018-10-24"
"Juvenile","Tank","5",NA,NA,NA,"0.45833333333333331",2018-10-24,30.79,7.50769459129523,"2021.01.05_masterSPECsalmonshedTANKdata.xlsx","Tank_5",2072.62855,NA,NA,"2018-10-24"
"Juvenile","Tank","6",NA,NA,NA,"0.45833333333333331",2018-10-24,30.79,6.96309875920728,"2021.01.05_masterSPECsalmonshedTANKdata.xlsx","Tank_6",2072.62855,NA,NA,"2018-10-24"
"Juvenile","Tank","2",NA,NA,NA,"0.45833333333333331",2018-10-24,30.79,7.06175575294229,"2021.01.05_masterSPECsalmonshedTANKdata.xlsx","Tank_2",2072.62855,NA,NA,"2018-10-24"
"Juvenile","Tank","1",NA,NA,NA,"0.45833333333333331",2018-10-24,30.79,7.52459970919718,"2021.01.05_masterSPECsalmonshedTANKdata.xlsx","Tank_1",2072.62855,NA,NA,"2018-10-24"
"Juvenile","Tank","3",NA,NA,NA,"0.45833333333333331",2018-10-24,30.79,7.50391671219196,"2021.01.05_masterSPECsalmonshedTANKdata.xlsx","Tank_3",2072.62855,NA,NA,"2018-10-24"
"Juvenile","Tank","3",NA,NA,NA,"0.45833333333333331",2018-10-24,30.79,7.51606904497184,"2021.01.05_masterSPECsalmonshedTANKdata.xlsx","Tank_3",2072.62855,NA,NA,"2018-10-24"
"Juvenile","Tank","1",NA,NA,NA,"0.45833333333333331",2018-10-24,30.79,7.51522466785082,"2021.01.05_masterSPECsalmonshedTANKdata.xlsx","Tank_1",2072.62855,NA,NA,"2018-10-24"
"Juvenile","Tank","1",NA,NA,NA,"0.45833333333333331",2018-11-07,30.59,7.52712674051446,"2021.01.05_masterSPECsalmonshedTANKdata.xlsx","Tank_1",2062.55955,NA,NA,"2018-11-07"
"Juvenile","Tank","1",NA,NA,NA,"0.45833333333333331",2018-11-07,30.59,7.51488404845657,"2021.01.05_masterSPECsalmonshedTANKdata.xlsx","Tank_1",2062.55955,NA,NA,"2018-11-07"
"Juvenile","Tank","2",NA,NA,NA,"0.45833333333333331",2018-11-07,30.59,7.02146058892108,"2021.01.05_masterSPECsalmonshedTANKdata.xlsx","Tank_2",2062.55955,NA,NA,"2018-11-07"
"Juvenile","Tank","2",NA,NA,NA,"0.45833333333333331",2018-11-07,30.59,7.01314391654153,"2021.01.05_masterSPECsalmonshedTANKdata.xlsx","Tank_2",2062.55955,NA,NA,"2018-11-07"
"Juvenile","Tank","3",NA,NA,NA,"0.45833333333333331",2018-11-07,30.59,7.51336261325319,"2021.01.05_masterSPECsalmonshedTANKdata.xlsx","Tank_3",2062.55955,NA,NA,"2018-11-07"
"Juvenile","Tank","3",NA,NA,NA,"0.45833333333333331",2018-11-07,30.59,7.51564666785082,"2021.01.05_masterSPECsalmonshedTANKdata.xlsx","Tank_3",2062.55955,NA,NA,"2018-11-07"
"Juvenile","Tank","4",NA,NA,NA,"0.45833333333333331",2018-11-07,30.59,7.02020443099218,"2021.01.05_masterSPECsalmonshedTANKdata.xlsx","Tank_4",2062.55955,NA,NA,"2018-11-07"
"Juvenile","Tank","4",NA,NA,NA,"0.45833333333333331",2018-11-07,30.59,7.04199213503676,"2021.01.05_masterSPECsalmonshedTANKdata.xlsx","Tank_4",2062.55955,NA,NA,"2018-11-07"
"Juvenile","Tank","5",NA,NA,NA,"0.45833333333333331",2018-11-07,30.59,7.52582341452324,"2021.01.05_masterSPECsalmonshedTANKdata.xlsx","Tank_5",2062.55955,NA,NA,"2018-11-07"
"Juvenile","Tank","5",NA,NA,NA,"0.45833333333333331",2018-11-07,30.59,7.52018998307248,"2021.01.05_masterSPECsalmonshedTANKdata.xlsx","Tank_5",2062.55955,NA,NA,"2018-11-07"
"Juvenile","Tank","6",NA,NA,NA,"0.45833333333333331",2018-11-07,30.59,6.96158281206733,"2021.01.05_masterSPECsalmonshedTANKdata.xlsx","Tank_6",2062.55955,NA,NA,"2018-11-07"
"Juvenile","Tank","6",NA,NA,NA,"0.45833333333333331",2018-11-07,30.59,6.90391933196722,"2021.01.05_masterSPECsalmonshedTANKdata.xlsx","Tank_6",2062.55955,NA,NA,"2018-11-07"
"Juvenile","Tank","1",NA,NA,NA,"0.45833333333333331",2018-11-14,29.68,7.54612644770097,"2021.01.05_masterSPECsalmonshedTANKdata.xlsx","Tank_1",2016.7456,NA,NA,"2018-11-14"
"Juvenile","Tank","1",NA,NA,NA,"0.45833333333333331",2018-11-14,29.68,7.5201835083909,"2021.01.05_masterSPECsalmonshedTANKdata.xlsx","Tank_1",2016.7456,NA,NA,"2018-11-14"
"Juvenile","Tank","2",NA,NA,NA,"0.45833333333333331",2018-11-14,29.68,7.00948485681107,"2021.01.05_masterSPECsalmonshedTANKdata.xlsx","Tank_2",2016.7456,NA,NA,"2018-11-14"
"Juvenile","Tank","2",NA,NA,NA,"0.45833333333333331",2018-11-14,29.68,7.06301507532481,"2021.01.05_masterSPECsalmonshedTANKdata.xlsx","Tank_2",2016.7456,NA,NA,"2018-11-14"
"Juvenile","Tank","3",NA,NA,NA,"0.45833333333333331",2018-11-14,29.68,7.5103385470686,"2021.01.05_masterSPECsalmonshedTANKdata.xlsx","Tank_3",2016.7456,NA,NA,"2018-11-14"
"Juvenile","Tank","3",NA,NA,NA,"0.45833333333333331",2018-11-14,29.68,7.52728637009386,"2021.01.05_masterSPECsalmonshedTANKdata.xlsx","Tank_3",2016.7456,NA,NA,"2018-11-14"
"Juvenile","Tank","4",NA,NA,NA,"0.45833333333333331",2018-11-14,29.68,6.86612913429992,"2021.01.05_masterSPECsalmonshedTANKdata.xlsx","Tank_4",2016.7456,NA,NA,"2018-11-14"
"Juvenile","Tank","4",NA,NA,NA,"0.45833333333333331",2018-11-14,29.68,6.92123921273299,"2021.01.05_masterSPECsalmonshedTANKdata.xlsx","Tank_4",2016.7456,NA,NA,"2018-11-14"
"Juvenile","Tank","5",NA,NA,NA,"0.45833333333333331",2018-11-14,29.68,7.51343002595652,"2021.01.05_masterSPECsalmonshedTANKdata.xlsx","Tank_5",2016.7456,NA,NA,"2018-11-14"
"Juvenile","Tank","5",NA,NA,NA,"0.45833333333333331",2018-11-14,29.68,7.52974891787208,"2021.01.05_masterSPECsalmonshedTANKdata.xlsx","Tank_5",2016.7456,NA,NA,"2018-11-14"
"Juvenile","Tank","6",NA,NA,NA,"0.45833333333333331",2018-11-14,29.68,6.90942327379704,"2021.01.05_masterSPECsalmonshedTANKdata.xlsx","Tank_6",2016.7456,NA,NA,"2018-11-14"
"Juvenile","Tank","6",NA,NA,NA,"0.45833333333333331",2018-11-14,29.68,6.9258543653535,"2021.01.05_masterSPECsalmonshedTANKdata.xlsx","Tank_6",2016.7456,NA,NA,"2018-11-14"
"Juvenile","Tank","1",NA,NA,NA,"0.45833333333333331",2018-11-21,30.79,7.51294061325319,"2021.01.05_masterSPECsalmonshedTANKdata.xlsx","Tank_1",2072.62855,NA,NA,"2018-11-21"
"Juvenile","Tank","1",NA,NA,NA,"0.45833333333333331",2018-11-21,30.79,7.51522466785082,"2021.01.05_masterSPECsalmonshedTANKdata.xlsx","Tank_1",2072.62855,NA,NA,"2018-11-21"
"Juvenile","Tank","2",NA,NA,NA,"0.45833333333333331",2018-11-21,30.79,7.02103858892108,"2021.01.05_masterSPECsalmonshedTANKdata.xlsx","Tank_2",2072.62855,NA,NA,"2018-11-21"
"Juvenile","Tank","2",NA,NA,NA,"0.45833333333333331",2018-11-21,30.79,7.06470652031857,"2021.01.05_masterSPECsalmonshedTANKdata.xlsx","Tank_2",2072.62855,NA,NA,"2018-11-21"
"Juvenile","Tank","3",NA,NA,NA,"0.45833333333333331",2018-11-21,30.79,7.51875669379294,"2021.01.05_masterSPECsalmonshedTANKdata.xlsx","Tank_3",2072.62855,NA,NA,"2018-11-21"
"Juvenile","Tank","3",NA,NA,NA,"0.45833333333333331",2018-11-21,30.79,7.50815584011833,"2021.01.05_masterSPECsalmonshedTANKdata.xlsx","Tank_3",2072.62855,NA,NA,"2018-11-21"
"Juvenile","Tank","4",NA,NA,NA,"0.45833333333333331",2018-11-21,30.79,7.10079296563234,"2021.01.05_masterSPECsalmonshedTANKdata.xlsx","Tank_4",2072.62855,NA,NA,"2018-11-21"
"Juvenile","Tank","4",NA,NA,NA,"0.45833333333333331",2018-11-21,30.79,7.13181345536303,"2021.01.05_masterSPECsalmonshedTANKdata.xlsx","Tank_4",2072.62855,NA,NA,"2018-11-21"
"Juvenile","Tank","5",NA,NA,NA,"0.45833333333333331",2018-11-21,30.79,7.49947058103776,"2021.01.05_masterSPECsalmonshedTANKdata.xlsx","Tank_5",2072.62855,NA,NA,"2018-11-21"
"Juvenile","Tank","5",NA,NA,NA,"0.45833333333333331",2018-11-21,30.79,7.53524714841244,"2021.01.05_masterSPECsalmonshedTANKdata.xlsx","Tank_5",2072.62855,NA,NA,"2018-11-21"
"Juvenile","Tank","6",NA,NA,NA,"0.45833333333333331",2018-11-21,30.79,7.17713938087733,"2021.01.05_masterSPECsalmonshedTANKdata.xlsx","Tank_6",2072.62855,NA,NA,"2018-11-21"
"Juvenile","Tank","6",NA,NA,NA,"0.45833333333333331",2018-11-21,30.79,7.19793425661938,"2021.01.05_masterSPECsalmonshedTANKdata.xlsx","Tank_6",2072.62855,NA,NA,"2018-11-21"
"Juvenile","Tank","1",NA,NA,NA,"0.45833333333333331",2018-11-28,30.53,7.5247657682742,"2021.01.05_masterSPECsalmonshedTANKdata.xlsx","Tank_1",2059.53885,NA,NA,"2018-11-28"
"Juvenile","Tank","1",NA,NA,NA,"0.45833333333333331",2018-11-28,30.53,7.50824319129523,"2021.01.05_masterSPECsalmonshedTANKdata.xlsx","Tank_1",2059.53885,NA,NA,"2018-11-28"
"Juvenile","Tank","2",NA,NA,NA,"0.45833333333333331",2018-11-28,30.53,7.05628316131159,"2021.01.05_masterSPECsalmonshedTANKdata.xlsx","Tank_2",2059.53885,NA,NA,"2018-11-28"
"Juvenile","Tank","2",NA,NA,NA,"0.45833333333333331",2018-11-28,30.53,7.04211873503676,"2021.01.05_masterSPECsalmonshedTANKdata.xlsx","Tank_2",2059.53885,NA,NA,"2018-11-28"
"Juvenile","Tank","3",NA,NA,NA,"0.45833333333333331",2018-11-28,30.53,7.52163922781653,"2021.01.05_masterSPECsalmonshedTANKdata.xlsx","Tank_3",2059.53885,NA,NA,"2018-11-28"
"Juvenile","Tank","3",NA,NA,NA,"0.45833333333333331",2018-11-28,30.53,7.51930529379294,"2021.01.05_masterSPECsalmonshedTANKdata.xlsx","Tank_3",2059.53885,NA,NA,"2018-11-28"
"Juvenile","Tank","4",NA,NA,NA,"0.45833333333333331",2018-11-28,30.53,6.94224772237534,"2021.01.05_masterSPECsalmonshedTANKdata.xlsx","Tank_4",2059.53885,NA,NA,"2018-11-28"
"Juvenile","Tank","4",NA,NA,NA,"0.45833333333333331",2018-11-28,30.53,6.98242624122217,"2021.01.05_masterSPECsalmonshedTANKdata.xlsx","Tank_4",2059.53885,NA,NA,"2018-11-28"
"Juvenile","Tank","5",NA,NA,NA,"0.45833333333333331",2018-11-28,30.53,7.5197980178675,"2021.01.05_masterSPECsalmonshedTANKdata.xlsx","Tank_5",2059.53885,NA,NA,"2018-11-28"
"Juvenile","Tank","5",NA,NA,NA,"0.45833333333333331",2018-11-28,30.53,7.51095296737821,"2021.01.05_masterSPECsalmonshedTANKdata.xlsx","Tank_5",2059.53885,NA,NA,"2018-11-28"
"Juvenile","Tank","6",NA,NA,NA,"0.45833333333333331",2018-11-28,30.53,7.11731392206606,"2021.01.05_masterSPECsalmonshedTANKdata.xlsx","Tank_6",2059.53885,NA,NA,"2018-11-28"
"Juvenile","Tank","6",NA,NA,NA,"0.45833333333333331",2018-11-28,30.53,7.11603405214169,"2021.01.05_masterSPECsalmonshedTANKdata.xlsx","Tank_6",2059.53885,NA,NA,"2018-11-28"
"Juvenile","Tank","1",NA,NA,NA,"0.45833333333333331",2018-12-04,30.53,7.52008279072764,"2021.01.05_masterSPECsalmonshedTANKdata.xlsx","Tank_1",2059.53885,NA,NA,"2018-12-04"
"Juvenile","Tank","1",NA,NA,NA,"0.45833333333333331",2018-12-04,30.53,7.51275088103017,"2021.01.05_masterSPECsalmonshedTANKdata.xlsx","Tank_1",2059.53885,NA,NA,"2018-12-04"
"Juvenile","Tank","2",NA,NA,NA,"0.45833333333333331",2018-12-04,30.53,7.02461463812568,"2021.01.05_masterSPECsalmonshedTANKdata.xlsx","Tank_2",2059.53885,NA,NA,"2018-12-04"
"Juvenile","Tank","2",NA,NA,NA,"0.45833333333333331",2018-12-04,30.53,7.01492307090083,"2021.01.05_masterSPECsalmonshedTANKdata.xlsx","Tank_2",2059.53885,NA,NA,"2018-12-04"
"Juvenile","Tank","3",NA,NA,NA,"0.45833333333333331",2018-12-04,30.53,7.50319057983003,"2021.01.05_masterSPECsalmonshedTANKdata.xlsx","Tank_3",2059.53885,NA,NA,"2018-12-04"
"Juvenile","Tank","3",NA,NA,NA,"0.45833333333333331",2018-12-04,30.53,7.50001918103776,"2021.01.05_masterSPECsalmonshedTANKdata.xlsx","Tank_3",2059.53885,NA,NA,"2018-12-04"
"Juvenile","Tank","4",NA,NA,NA,"0.45833333333333331",2018-12-04,30.53,7.58486421848313,"2021.01.05_masterSPECsalmonshedTANKdata.xlsx","Tank_4",2059.53885,NA,NA,"2018-12-04"
"Juvenile","Tank","4",NA,NA,NA,"0.45833333333333331",2018-12-04,30.53,7.18372767894857,"2021.01.05_masterSPECsalmonshedTANKdata.xlsx","Tank_4",2059.53885,NA,NA,"2018-12-04"
"Juvenile","Tank","5",NA,NA,NA,"0.45833333333333331",2018-12-04,30.53,7.5163263043223,"2021.01.05_masterSPECsalmonshedTANKdata.xlsx","Tank_5",2059.53885,NA,NA,"2018-12-04"
"Juvenile","Tank","5",NA,NA,NA,"0.45833333333333331",2018-12-04,30.53,7.52016566706075,"2021.01.05_masterSPECsalmonshedTANKdata.xlsx","Tank_5",2059.53885,NA,NA,"2018-12-04"
"Juvenile","Tank","6",NA,NA,NA,"0.45833333333333331",2018-12-04,30.53,7.07858356097863,"2021.01.05_masterSPECsalmonshedTANKdata.xlsx","Tank_6",2059.53885,NA,NA,"2018-12-04"
"Juvenile","Tank","6",NA,NA,NA,"0.45833333333333331",2018-12-04,30.53,6.99878498843099,"2021.01.05_masterSPECsalmonshedTANKdata.xlsx","Tank_6",2059.53885,NA,NA,"2018-12-04"
"Juvenile","Tank","6",NA,NA,NA,"0.45833333333333331",2018-12-12,30.28,7.09529462231084,"2021.01.05_masterSPECsalmonshedTANKdata.xlsx","Tank_6",2046.9526,NA,NA,"2018-12-12"
"Juvenile","Tank","6",NA,NA,NA,"0.45833333333333331",2018-12-12,30.28,7.07138444226087,"2021.01.05_masterSPECsalmonshedTANKdata.xlsx","Tank_6",2046.9526,NA,NA,"2018-12-12"
"Juvenile","Tank","3",NA,NA,NA,"0.45833333333333331",2018-12-12,30.28,7.51714514497184,"2021.01.05_masterSPECsalmonshedTANKdata.xlsx","Tank_3",2046.9526,NA,NA,"2018-12-12"
"Juvenile","Tank","5",NA,NA,NA,"0.45833333333333331",2018-12-12,30.28,7.51553814845657,"2021.01.05_masterSPECsalmonshedTANKdata.xlsx","Tank_5",2046.9526,NA,NA,"2018-12-12"
"Juvenile","Tank","3",NA,NA,NA,"0.45833333333333331",2018-12-12,30.28,7.53103763500562,"2021.01.05_masterSPECsalmonshedTANKdata.xlsx","Tank_3",2046.9526,NA,NA,"2018-12-12"
"Juvenile","Tank","4",NA,NA,NA,"0.45833333333333331",2018-12-12,30.28,7.03570987137344,"2021.01.05_masterSPECsalmonshedTANKdata.xlsx","Tank_4",2046.9526,NA,NA,"2018-12-12"
"Juvenile","Tank","5",NA,NA,NA,"0.45833333333333331",2018-12-12,30.28,7.5377568196504,"2021.01.05_masterSPECsalmonshedTANKdata.xlsx","Tank_5",2046.9526,NA,NA,"2018-12-12"
"Juvenile","Tank","4",NA,NA,NA,"0.45833333333333331",2018-12-12,30.28,7.05770926635912,"2021.01.05_masterSPECsalmonshedTANKdata.xlsx","Tank_4",2046.9526,NA,NA,"2018-12-12"
"Juvenile","Tank","2",NA,NA,NA,"0.45833333333333331",2018-12-12,30.28,7.05872962539451,"2021.01.05_masterSPECsalmonshedTANKdata.xlsx","Tank_2",2046.9526,NA,NA,"2018-12-12"
"Juvenile","Tank","1",NA,NA,NA,"0.45833333333333331",2018-12-12,30.28,7.52084408307248,"2021.01.05_masterSPECsalmonshedTANKdata.xlsx","Tank_1",2046.9526,NA,NA,"2018-12-12"
"Juvenile","Tank","2",NA,NA,NA,"0.45833333333333331",2018-12-12,30.28,7.10937080776873,"2021.01.05_masterSPECsalmonshedTANKdata.xlsx","Tank_2",2046.9526,NA,NA,"2018-12-12"
"Juvenile","Tank","1",NA,NA,NA,"0.45833333333333331",2018-12-12,30.28,7.52778084051446,"2021.01.05_masterSPECsalmonshedTANKdata.xlsx","Tank_1",2046.9526,NA,NA,"2018-12-12"
"Juvenile","Tank","1",NA,NA,NA,"0.45833333333333331",2018-12-20,30.44,7.49692593215708,"2021.01.05_masterSPECsalmonshedTANKdata.xlsx","Tank_1",2055.0078,NA,NA,"2018-12-20"
"Juvenile","Tank","1",NA,NA,NA,"0.45833333333333331",2018-12-20,30.44,7.4942912163737,"2021.01.05_masterSPECsalmonshedTANKdata.xlsx","Tank_1",2055.0078,NA,NA,"2018-12-20"
"Juvenile","Tank","2",NA,NA,NA,"0.45833333333333331",2018-12-20,30.44,7.02480453812568,"2021.01.05_masterSPECsalmonshedTANKdata.xlsx","Tank_2",2055.0078,NA,NA,"2018-12-20"
"Juvenile","Tank","2",NA,NA,NA,"0.45833333333333331",2018-12-20,30.44,6.99562500082861,"2021.01.05_masterSPECsalmonshedTANKdata.xlsx","Tank_2",2055.0078,NA,NA,"2018-12-20"
"Juvenile","Tank","3",NA,NA,NA,"0.45833333333333331",2018-12-20,30.44,7.5069921789321,"2021.01.05_masterSPECsalmonshedTANKdata.xlsx","Tank_3",2055.0078,NA,NA,"2018-12-20"
"Juvenile","Tank","3",NA,NA,NA,"0.45833333333333331",2018-12-20,30.44,7.49718258589864,"2021.01.05_masterSPECsalmonshedTANKdata.xlsx","Tank_3",2055.0078,NA,NA,"2018-12-20"
"Juvenile","Tank","4",NA,NA,NA,"0.45833333333333331",2018-12-20,30.44,6.96871381195421,"2021.01.05_masterSPECsalmonshedTANKdata.xlsx","Tank_4",2055.0078,NA,NA,"2018-12-20"
"Juvenile","Tank","4",NA,NA,NA,"0.45833333333333331",2018-12-20,30.44,7.01910100897071,"2021.01.05_masterSPECsalmonshedTANKdata.xlsx","Tank_4",2055.0078,NA,NA,"2018-12-20"
"Juvenile","Tank","5",NA,NA,NA,"0.45833333333333331",2018-12-20,30.44,7.50338047983002,"2021.01.05_masterSPECsalmonshedTANKdata.xlsx","Tank_5",2055.0078,NA,NA,"2018-12-20"
"Juvenile","Tank","5",NA,NA,NA,"0.45833333333333331",2018-12-20,30.44,7.4812487117158,"2021.01.05_masterSPECsalmonshedTANKdata.xlsx","Tank_5",2055.0078,NA,NA,"2018-12-20"
"Juvenile","Tank","6",NA,NA,NA,"0.45833333333333331",2018-12-20,30.44,6.91768620969553,"2021.01.05_masterSPECsalmonshedTANKdata.xlsx","Tank_6",2055.0078,NA,NA,"2018-12-20"
"Juvenile","Tank","6",NA,NA,NA,"0.45833333333333331",2018-12-20,30.44,6.92909337422831,"2021.01.05_masterSPECsalmonshedTANKdata.xlsx","Tank_6",2055.0078,NA,NA,"2018-12-20"
"Juvenile","Tank","6",NA,NA,NA,"0.45833333333333331",2019-02-06,28.27,6.9131694644383,"2021.01.05_masterSPECsalmonshedTANKdata.xlsx","Tank_6",1945.75915,NA,NA,"2019-02-06"
"Juvenile","Tank","2",NA,NA,NA,"0.45833333333333331",2019-02-06,28.27,6.99838561899028,"2021.01.05_masterSPECsalmonshedTANKdata.xlsx","Tank_2",1945.75915,NA,NA,"2019-02-06"
"Juvenile","Tank","3",NA,NA,NA,"0.45833333333333331",2019-02-06,28.27,7.50899247436048,"2021.01.05_masterSPECsalmonshedTANKdata.xlsx","Tank_3",1945.75915,NA,NA,"2019-02-06"
"Juvenile","Tank","6",NA,NA,NA,"0.45833333333333331",2019-02-06,28.27,7.00420324296861,"2021.01.05_masterSPECsalmonshedTANKdata.xlsx","Tank_6",1945.75915,NA,NA,"2019-02-06"
"Juvenile","Tank","2",NA,NA,NA,"0.45833333333333331",2019-02-06,28.27,7.06828587933639,"2021.01.05_masterSPECsalmonshedTANKdata.xlsx","Tank_2",1945.75915,NA,NA,"2019-02-06"
"Juvenile","Tank","5",NA,NA,NA,"0.45833333333333331",2019-02-06,28.27,7.51259706431663,"2021.01.05_masterSPECsalmonshedTANKdata.xlsx","Tank_5",1945.75915,NA,NA,"2019-02-06"
"Juvenile","Tank","1",NA,NA,NA,"0.45833333333333331",2019-02-06,28.27,7.52138624497184,"2021.01.05_masterSPECsalmonshedTANKdata.xlsx","Tank_1",1945.75915,NA,NA,"2019-02-06"
"Juvenile","Tank","1",NA,NA,NA,"0.45833333333333331",2019-02-06,28.27,7.52746328732959,"2021.01.05_masterSPECsalmonshedTANKdata.xlsx","Tank_1",1945.75915,NA,NA,"2019-02-06"
"Juvenile","Tank","3",NA,NA,NA,"0.45833333333333331",2019-02-06,28.27,7.53071861452324,"2021.01.05_masterSPECsalmonshedTANKdata.xlsx","Tank_3",1945.75915,NA,NA,"2019-02-06"
"Juvenile","Tank","5",NA,NA,NA,"0.45833333333333331",2019-02-06,28.27,7.51977924845657,"2021.01.05_masterSPECsalmonshedTANKdata.xlsx","Tank_5",1945.75915,NA,NA,"2019-02-06"
"Juvenile","Tank","4",NA,NA,NA,"0.45833333333333331",2019-02-06,28.27,6.99742236140671,"2021.01.05_masterSPECsalmonshedTANKdata.xlsx","Tank_4",1945.75915,NA,NA,"2019-02-06"
"Juvenile","Tank","4",NA,NA,NA,"0.45833333333333331",2019-02-06,28.27,7.00420324296861,"2021.01.05_masterSPECsalmonshedTANKdata.xlsx","Tank_4",1945.75915,NA,NA,"2019-02-06"
"Juvenile","Tank","1",NA,NA,NA,"0.45833333333333331",2019-02-12,29.88,7.5201429131763,"2021.01.05_masterSPECsalmonshedTANKdata.xlsx","Tank_1",2026.8146,NA,NA,"2019-02-12"
"Juvenile","Tank","1",NA,NA,NA,"0.45833333333333331",2019-02-12,29.88,7.51448114371225,"2021.01.05_masterSPECsalmonshedTANKdata.xlsx","Tank_1",2026.8146,NA,NA,"2019-02-12"
"Juvenile","Tank","2",NA,NA,NA,"0.45833333333333331",2019-02-12,29.88,7.06259307532481,"2021.01.05_masterSPECsalmonshedTANKdata.xlsx","Tank_2",2026.8146,NA,NA,"2019-02-12"
"Juvenile","Tank","2",NA,NA,NA,"0.45833333333333331",2019-02-12,29.88,7.07695563817072,"2021.01.05_masterSPECsalmonshedTANKdata.xlsx","Tank_2",2026.8146,NA,NA,"2019-02-12"
"Juvenile","Tank","3",NA,NA,NA,"0.45833333333333331",2019-02-12,29.88,7.52204917133582,"2021.01.05_masterSPECsalmonshedTANKdata.xlsx","Tank_3",2026.8146,NA,NA,"2019-02-12"
"Juvenile","Tank","3",NA,NA,NA,"0.45833333333333331",2019-02-12,29.88,7.54184292078039,"2021.01.05_masterSPECsalmonshedTANKdata.xlsx","Tank_3",2026.8146,NA,NA,"2019-02-12"
"Juvenile","Tank","4",NA,NA,NA,"0.45833333333333331",2019-02-12,29.88,7.0159793872023,"2021.01.05_masterSPECsalmonshedTANKdata.xlsx","Tank_4",2026.8146,NA,NA,"2019-02-12"
"Juvenile","Tank","4",NA,NA,NA,"0.45833333333333331",2019-02-12,29.88,7.0159793872023,"2021.01.05_masterSPECsalmonshedTANKdata.xlsx","Tank_4",2026.8146,NA,NA,"2019-02-12"
"Juvenile","Tank","5",NA,NA,NA,"0.45833333333333331",2019-02-12,29.88,7.5334609026976,"2021.01.05_masterSPECsalmonshedTANKdata.xlsx","Tank_5",2026.8146,NA,NA,"2019-02-12"
"Juvenile","Tank","5",NA,NA,NA,"0.45833333333333331",2019-02-12,29.88,7.53204938278615,"2021.01.05_masterSPECsalmonshedTANKdata.xlsx","Tank_5",2026.8146,NA,NA,"2019-02-12"
"Juvenile","Tank","6",NA,NA,NA,"0.45833333333333331",2019-02-12,29.88,6.86570713429992,"2021.01.05_masterSPECsalmonshedTANKdata.xlsx","Tank_6",2026.8146,NA,NA,"2019-02-12"
"Juvenile","Tank","6",NA,NA,NA,"0.45833333333333331",2019-02-12,29.88,6.93667503077416,"2021.01.05_masterSPECsalmonshedTANKdata.xlsx","Tank_6",2026.8146,NA,NA,"2019-02-12"
"Juvenile","Tank","1",NA,NA,NA,"0.45833333333333331",2019-02-21,29.68,7.54979095037002,"2021.01.05_masterSPECsalmonshedTANKdata.xlsx","Tank_1",2016.7456,NA,NA,"2019-02-21"
"Juvenile","Tank","1",NA,NA,NA,"0.45833333333333331",2019-02-21,29.68,7.54410765854292,"2021.01.05_masterSPECsalmonshedTANKdata.xlsx","Tank_1",2016.7456,NA,NA,"2019-02-21"
"Juvenile","Tank","2",NA,NA,NA,"0.45833333333333331",2019-02-21,29.68,7.11323956083288,"2021.01.05_masterSPECsalmonshedTANKdata.xlsx","Tank_2",2016.7456,NA,NA,"2019-02-21"
"Juvenile","Tank","2",NA,NA,NA,"0.45833333333333331",2019-02-21,29.68,7.08904728736948,"2021.01.05_masterSPECsalmonshedTANKdata.xlsx","Tank_2",2016.7456,NA,NA,"2019-02-21"
"Juvenile","Tank","3",NA,NA,NA,"0.45833333333333331",2019-02-21,29.68,7.53260691638363,"2021.01.05_masterSPECsalmonshedTANKdata.xlsx","Tank_3",2016.7456,NA,NA,"2019-02-21"
"Juvenile","Tank","3",NA,NA,NA,"0.45833333333333331",2019-02-21,29.68,7.53626209573106,"2021.01.05_masterSPECsalmonshedTANKdata.xlsx","Tank_3",2016.7456,NA,NA,"2019-02-21"
"Juvenile","Tank","4",NA,NA,NA,"0.45833333333333331",2019-02-21,29.68,6.93709703077416,"2021.01.05_masterSPECsalmonshedTANKdata.xlsx","Tank_4",2016.7456,NA,NA,"2019-02-21"
"Juvenile","Tank","4",NA,NA,NA,"0.45833333333333331",2019-02-21,29.68,7.0164013872023,"2021.01.05_masterSPECsalmonshedTANKdata.xlsx","Tank_4",2016.7456,NA,NA,"2019-02-21"
"Juvenile","Tank","5",NA,NA,NA,"0.45833333333333331",2019-02-21,29.68,7.53513828953384,"2021.01.05_masterSPECsalmonshedTANKdata.xlsx","Tank_5",2016.7456,NA,NA,"2019-02-21"
"Juvenile","Tank","5",NA,NA,NA,"0.45833333333333331",2019-02-21,29.68,7.53513828953384,"2021.01.05_masterSPECsalmonshedTANKdata.xlsx","Tank_5",2016.7456,NA,NA,"2019-02-21"
"Juvenile","Tank","6",NA,NA,NA,"0.45833333333333331",2019-02-21,29.68,6.88208149187447,"2021.01.05_masterSPECsalmonshedTANKdata.xlsx","Tank_6",2016.7456,NA,NA,"2019-02-21"
"Juvenile","Tank","6",NA,NA,NA,"0.45833333333333331",2019-02-21,29.68,7.00396567862171,"2021.01.05_masterSPECsalmonshedTANKdata.xlsx","Tank_6",2016.7456,NA,NA,"2019-02-21"
"Juvenile","Tank","1",NA,NA,NA,"0.45833333333333331",2019-02-27,29.68,7.50831113512339,"2021.01.05_masterSPECsalmonshedTANKdata.xlsx","Tank_1",2016.7456,NA,NA,"2019-02-27"
"Juvenile","Tank","1",NA,NA,NA,"0.45833333333333331",2019-02-27,29.68,7.52247117133582,"2021.01.05_masterSPECsalmonshedTANKdata.xlsx","Tank_1",2016.7456,NA,NA,"2019-02-27"
"Juvenile","Tank","2",NA,NA,NA,"0.45833333333333331",2019-02-27,29.68,7.13763129568483,"2021.01.05_masterSPECsalmonshedTANKdata.xlsx","Tank_2",2016.7456,NA,NA,"2019-02-27"
"Juvenile","Tank","2",NA,NA,NA,"0.45833333333333331",2019-02-27,29.68,7.13368003015463,"2021.01.05_masterSPECsalmonshedTANKdata.xlsx","Tank_2",2016.7456,NA,NA,"2019-02-27"
"Juvenile","Tank","3",NA,NA,NA,"0.45833333333333331",2019-02-27,29.68,7.53142861865529,"2021.01.05_masterSPECsalmonshedTANKdata.xlsx","Tank_3",2016.7456,NA,NA,"2019-02-27"
"Juvenile","Tank","3",NA,NA,NA,"0.45833333333333331",2019-02-27,29.68,7.50831113512339,"2021.01.05_masterSPECsalmonshedTANKdata.xlsx","Tank_3",2016.7456,NA,NA,"2019-02-27"
"Juvenile","Tank","4",NA,NA,NA,"0.45833333333333331",2019-02-27,29.68,6.99622307969288,"2021.01.05_masterSPECsalmonshedTANKdata.xlsx","Tank_4",2016.7456,NA,NA,"2019-02-27"
"Juvenile","Tank","4",NA,NA,NA,"0.45833333333333331",2019-02-27,29.68,6.9877542642709,"2021.01.05_masterSPECsalmonshedTANKdata.xlsx","Tank_4",2016.7456,NA,NA,"2019-02-27"
"Juvenile","Tank","5",NA,NA,NA,"0.45833333333333331",2019-02-27,29.68,7.51139352420837,"2021.01.05_masterSPECsalmonshedTANKdata.xlsx","Tank_5",2016.7456,NA,NA,"2019-02-27"
"Juvenile","Tank","5",NA,NA,NA,"0.45833333333333331",2019-02-27,29.68,7.51666040047596,"2021.01.05_masterSPECsalmonshedTANKdata.xlsx","Tank_5",2016.7456,NA,NA,"2019-02-27"
"Juvenile","Tank","6",NA,NA,NA,"0.45833333333333331",2019-02-27,29.68,6.97394005747406,"2021.01.05_masterSPECsalmonshedTANKdata.xlsx","Tank_6",2016.7456,NA,NA,"2019-02-27"
"Juvenile","Tank","6",NA,NA,NA,"0.45833333333333331",2019-02-27,29.68,6.93709703077416,"2021.01.05_masterSPECsalmonshedTANKdata.xlsx","Tank_6",2016.7456,NA,NA,"2019-02-27"
"Juvenile","Tank","5",NA,NA,NA,"0.45833333333333331",2019-03-08,29.5,7.54927225852503,"2021.01.05_masterSPECsalmonshedTANKdata.xlsx","Tank_5",2007.6835,NA,NA,"2019-03-08"
"Juvenile","Tank","5",NA,NA,NA,"0.45833333333333331",2019-03-08,29.5,7.54575020660783,"2021.01.05_masterSPECsalmonshedTANKdata.xlsx","Tank_5",2007.6835,NA,NA,"2019-03-08"
"Juvenile","Tank","4",NA,NA,NA,"0.45833333333333331",2019-03-08,29.5,6.81962799155637,"2021.01.05_masterSPECsalmonshedTANKdata.xlsx","Tank_4",2007.6835,NA,NA,"2019-03-08"
"Juvenile","Tank","1",NA,NA,NA,"0.45833333333333331",2019-03-08,29.5,7.52942664051445,"2021.01.05_masterSPECsalmonshedTANKdata.xlsx","Tank_1",2007.6835,NA,NA,"2019-03-08"
"Juvenile","Tank","2",NA,NA,NA,"0.45833333333333331",2019-03-08,29.5,6.96855811342965,"2021.01.05_masterSPECsalmonshedTANKdata.xlsx","Tank_2",2007.6835,NA,NA,"2019-03-08"
"Juvenile","Tank","6",NA,NA,NA,"0.45833333333333331",2019-03-08,29.5,7.02376048892108,"2021.01.05_masterSPECsalmonshedTANKdata.xlsx","Tank_6",2007.6835,NA,NA,"2019-03-08"
"Juvenile","Tank","3",NA,NA,NA,"0.45833333333333331",2019-03-08,29.5,7.54063499033017,"2021.01.05_masterSPECsalmonshedTANKdata.xlsx","Tank_3",2007.6835,NA,NA,"2019-03-08"
"Juvenile","Tank","2",NA,NA,NA,"0.45833333333333331",2019-03-08,29.5,6.89124864448871,"2021.01.05_masterSPECsalmonshedTANKdata.xlsx","Tank_2",2007.6835,NA,NA,"2019-03-08"
"Juvenile","Tank","4",NA,NA,NA,"0.45833333333333331",2019-03-08,29.5,6.80565558750991,"2021.01.05_masterSPECsalmonshedTANKdata.xlsx","Tank_4",2007.6835,NA,NA,"2019-03-08"
"Juvenile","Tank","3",NA,NA,NA,"0.45833333333333331",2019-03-08,29.5,7.55432885000283,"2021.01.05_masterSPECsalmonshedTANKdata.xlsx","Tank_3",2007.6835,NA,NA,"2019-03-08"
"Juvenile","Tank","1",NA,NA,NA,"0.45833333333333331",2019-03-08,29.5,7.54650624770097,"2021.01.05_masterSPECsalmonshedTANKdata.xlsx","Tank_1",2007.6835,NA,NA,"2019-03-08"
"Juvenile","Tank","6",NA,NA,NA,"0.45833333333333331",2019-03-08,29.5,6.96582065920728,"2021.01.05_masterSPECsalmonshedTANKdata.xlsx","Tank_6",2007.6835,NA,NA,"2019-03-08"
"Juvenile","Tank","1",NA,NA,NA,"0.45833333333333331",2019-03-20,29.5,7.51827379437576,"2021.01.05_masterSPECsalmonshedTANKdata.xlsx","Tank_1",2007.6835,NA,NA,"2019-03-20"
"Juvenile","Tank","1",NA,NA,NA,"0.45833333333333331",2019-03-20,29.5,7.51794656785081,"2021.01.05_masterSPECsalmonshedTANKdata.xlsx","Tank_1",2007.6835,NA,NA,"2019-03-20"
"Juvenile","Tank","2",NA,NA,NA,"0.45833333333333331",2019-03-20,29.5,7.02966378907723,"2021.01.05_masterSPECsalmonshedTANKdata.xlsx","Tank_2",2007.6835,NA,NA,"2019-03-20"
"Juvenile","Tank","2",NA,NA,NA,"0.45833333333333331",2019-03-20,29.5,6.99888488123441,"2021.01.05_masterSPECsalmonshedTANKdata.xlsx","Tank_2",2007.6835,NA,NA,"2019-03-20"
"Juvenile","Tank","3",NA,NA,NA,"0.45833333333333331",2019-03-20,29.5,7.50598525732971,"2021.01.05_masterSPECsalmonshedTANKdata.xlsx","Tank_3",2007.6835,NA,NA,"2019-03-20"
"Juvenile","Tank","3",NA,NA,NA,"0.45833333333333331",2019-03-20,29.5,7.5089755789321,"2021.01.05_masterSPECsalmonshedTANKdata.xlsx","Tank_3",2007.6835,NA,NA,"2019-03-20"
"Juvenile","Tank","4",NA,NA,NA,"0.45833333333333298",2019-03-20,29.5,7.00009335478601,"2021.01.05_masterSPECsalmonshedTANKdata.xlsx","Tank_4",2007.6835,NA,NA,"2019-03-20"
"Juvenile","Tank","4",NA,NA,NA,"0.45833333333333298",2019-03-20,29.5,7.00232693689048,"2021.01.05_masterSPECsalmonshedTANKdata.xlsx","Tank_4",2007.6835,NA,NA,"2019-03-20"
"Juvenile","Tank","5",NA,NA,NA,"0.45833333333333298",2019-03-20,29.5,7.53564905776894,"2021.01.05_masterSPECsalmonshedTANKdata.xlsx","Tank_5",2007.6835,NA,NA,"2019-03-20"
"Juvenile","Tank","5",NA,NA,NA,"0.45833333333333298",2019-03-20,29.5,7.50580815111777,"2021.01.05_masterSPECsalmonshedTANKdata.xlsx","Tank_5",2007.6835,NA,NA,"2019-03-20"
"Juvenile","Tank","6",NA,NA,NA,"0.45833333333333298",2019-03-20,29.5,6.91966960969553,"2021.01.05_masterSPECsalmonshedTANKdata.xlsx","Tank_6",2007.6835,NA,NA,"2019-03-20"
"Juvenile","Tank","6",NA,NA,NA,"0.45833333333333298",2019-03-20,29.5,6.93747683077416,"2021.01.05_masterSPECsalmonshedTANKdata.xlsx","Tank_6",2007.6835,NA,NA,"2019-03-20"
"Juvenile","Tank","1",NA,NA,NA,"0.45833333333333331",2019-03-27,29.5,7.57138700410314,"2021.01.05_masterSPECsalmonshedTANKdata.xlsx","Tank_1",2007.6835,NA,NA,"2019-03-27"
"Juvenile","Tank","1",NA,NA,NA,"0.45833333333333331",2019-03-27,29.5,7.56792474858234,"2021.01.05_masterSPECsalmonshedTANKdata.xlsx","Tank_1",2007.6835,NA,NA,"2019-03-27"
"Juvenile","Tank","2",NA,NA,NA,"0.45833333333333331",2019-03-27,29.5,7.15903206420735,"2021.01.05_masterSPECsalmonshedTANKdata.xlsx","Tank_2",2007.6835,NA,NA,"2019-03-27"
"Juvenile","Tank","2",NA,NA,NA,"0.45833333333333331",2019-03-27,29.5,7.15806202841272,"2021.01.05_masterSPECsalmonshedTANKdata.xlsx","Tank_2",2007.6835,NA,NA,"2019-03-27"
"Juvenile","Tank","3",NA,NA,NA,"0.45833333333333331",2019-03-27,29.5,7.61924297356218,"2021.01.05_masterSPECsalmonshedTANKdata.xlsx","Tank_3",2007.6835,NA,NA,"2019-03-27"
"Juvenile","Tank","3",NA,NA,NA,"0.45833333333333331",2019-03-27,29.5,7.60248006206763,"2021.01.05_masterSPECsalmonshedTANKdata.xlsx","Tank_3",2007.6835,NA,NA,"2019-03-27"
"Juvenile","Tank","4",NA,NA,NA,"0.45833333333333331",2019-03-27,29.5,6.79404348976332,"2021.01.05_masterSPECsalmonshedTANKdata.xlsx","Tank_4",2007.6835,NA,NA,"2019-03-27"
"Juvenile","Tank","4",NA,NA,NA,"0.45833333333333331",2019-03-27,29.5,6.90855980305674,"2021.01.05_masterSPECsalmonshedTANKdata.xlsx","Tank_4",2007.6835,NA,NA,"2019-03-27"
"Juvenile","Tank","5",NA,NA,NA,"0.45833333333333331",2019-03-27,29.5,7.59752046547118,"2021.01.05_masterSPECsalmonshedTANKdata.xlsx","Tank_5",2007.6835,NA,NA,"2019-03-27"
"Juvenile","Tank","5",NA,NA,NA,"0.45833333333333331",2019-03-27,29.5,7.59752046547118,"2021.01.05_masterSPECsalmonshedTANKdata.xlsx","Tank_5",2007.6835,NA,NA,"2019-03-27"
"Juvenile","Tank","6",NA,NA,NA,"0.45833333333333331",2019-03-27,29.5,6.89466671375864,"2021.01.05_masterSPECsalmonshedTANKdata.xlsx","Tank_6",2007.6835,NA,NA,"2019-03-27"
"Juvenile","Tank","6",NA,NA,NA,"0.45833333333333331",2019-03-27,29.5,6.81259865279672,"2021.01.05_masterSPECsalmonshedTANKdata.xlsx","Tank_6",2007.6835,NA,NA,"2019-03-27"
"Juvenile","Tank","1",NA,NA,NA,"0.45833333333333331",2019-04-02,29.6,7.53860461419045,"2021.01.05_masterSPECsalmonshedTANKdata.xlsx","Tank_1",2012.718,NA,NA,"2019-04-02"
"Juvenile","Tank","1",NA,NA,NA,"0.45833333333333331",2019-04-02,29.6,7.5306569646974,"2021.01.05_masterSPECsalmonshedTANKdata.xlsx","Tank_1",2012.718,NA,NA,"2019-04-02"
"Juvenile","Tank","2",NA,NA,NA,"0.45833333333333331",2019-04-02,29.6,7.08304023796679,"2021.01.05_masterSPECsalmonshedTANKdata.xlsx","Tank_2",2012.718,NA,NA,"2019-04-02"
"Juvenile","Tank","6",NA,NA,NA,"0.45833333333333331",2019-04-02,29.6,6.99148187918489,"2021.01.05_masterSPECsalmonshedTANKdata.xlsx","Tank_6",2012.718,NA,NA,"2019-04-02"
"Juvenile","Tank","2",NA,NA,NA,"0.45833333333333331",2019-04-02,29.6,7.11402852904837,"2021.01.05_masterSPECsalmonshedTANKdata.xlsx","Tank_2",2012.718,NA,NA,"2019-04-02"
"Juvenile","Tank","3",NA,NA,NA,"0.45833333333333331",2019-04-02,29.6,7.54341844488801,"2021.01.05_masterSPECsalmonshedTANKdata.xlsx","Tank_3",2012.718,NA,NA,"2019-04-02"
"Juvenile","Tank","3",NA,NA,NA,"0.45833333333333331",2019-04-02,29.6,7.52921564051446,"2021.01.05_masterSPECsalmonshedTANKdata.xlsx","Tank_3",2012.718,NA,NA,"2019-04-02"
"Juvenile","Tank","4",NA,NA,NA,"0.45833333333333331",2019-04-02,29.6,7.00335083875975,"2021.01.05_masterSPECsalmonshedTANKdata.xlsx","Tank_4",2012.718,NA,NA,"2019-04-02"
"Juvenile","Tank","4",NA,NA,NA,"0.45833333333333331",2019-04-02,29.6,7.00826829455402,"2021.01.05_masterSPECsalmonshedTANKdata.xlsx","Tank_4",2012.718,NA,NA,"2019-04-02"
"Juvenile","Tank","5",NA,NA,NA,"0.45833333333333331",2019-04-02,29.6,7.52791231452324,"2021.01.05_masterSPECsalmonshedTANKdata.xlsx","Tank_5",2012.718,NA,NA,"2019-04-02"
"Juvenile","Tank","5",NA,NA,NA,"0.45833333333333331",2019-04-02,29.6,7.52582081512461,"2021.01.05_masterSPECsalmonshedTANKdata.xlsx","Tank_5",2012.718,NA,NA,"2019-04-02"
"Juvenile","Tank","6",NA,NA,NA,"0.45833333333333331",2019-04-02,29.6,6.93041156909053,"2021.01.05_masterSPECsalmonshedTANKdata.xlsx","Tank_6",2012.718,NA,NA,"2019-04-02"
"Juvenile","Tank","1",NA,NA,NA,"0.45833333333333331",2019-04-10,29.3,7.52403512017317,"2021.01.05_masterSPECsalmonshedTANKdata.xlsx","Tank_1",1997.6145,NA,NA,"2019-04-10"
"Juvenile","Tank","2",NA,NA,NA,"0.45833333333333331",2019-04-10,29.3,6.95297081462834,"2021.01.05_masterSPECsalmonshedTANKdata.xlsx","Tank_2",1997.6145,NA,NA,"2019-04-10"
"Juvenile","Tank","2",NA,NA,NA,"0.45833333333333331",2019-04-10,29.3,6.95064926400316,"2021.01.05_masterSPECsalmonshedTANKdata.xlsx","Tank_2",1997.6145,NA,NA,"2019-04-10"
"Juvenile","Tank","3",NA,NA,NA,"0.45833333333333331",2019-04-10,29.3,7.55433576855534,"2021.01.05_masterSPECsalmonshedTANKdata.xlsx","Tank_3",1997.6145,NA,NA,"2019-04-10"
"Juvenile","Tank","3",NA,NA,NA,"0.45833333333333331",2019-04-10,29.3,7.55475085000283,"2021.01.05_masterSPECsalmonshedTANKdata.xlsx","Tank_3",1997.6145,NA,NA,"2019-04-10"
"Juvenile","Tank","4",NA,NA,NA,"0.45833333333333331",2019-04-10,29.3,6.91606545140607,"2021.01.05_masterSPECsalmonshedTANKdata.xlsx","Tank_4",1997.6145,NA,NA,"2019-04-10"
"Juvenile","Tank","4",NA,NA,NA,"0.45833333333333331",2019-04-10,29.3,6.95901206457412,"2021.01.05_masterSPECsalmonshedTANKdata.xlsx","Tank_4",1997.6145,NA,NA,"2019-04-10"
"Juvenile","Tank","5",NA,NA,NA,"0.45833333333333331",2019-04-10,29.3,7.5854794804675,"2021.01.05_masterSPECsalmonshedTANKdata.xlsx","Tank_5",1997.6145,NA,NA,"2019-04-10"
"Juvenile","Tank","5",NA,NA,NA,"0.45833333333333331",2019-04-10,29.3,7.5652150322527,"2021.01.05_masterSPECsalmonshedTANKdata.xlsx","Tank_5",1997.6145,NA,NA,"2019-04-10"
"Juvenile","Tank","6",NA,NA,NA,"0.45833333333333331",2019-04-10,29.3,6.97314052661215,"2021.01.05_masterSPECsalmonshedTANKdata.xlsx","Tank_6",1997.6145,NA,NA,"2019-04-10"
"Juvenile","Tank","6",NA,NA,NA,"0.45833333333333331",2019-04-10,29.3,7.0316905244286,"2021.01.05_masterSPECsalmonshedTANKdata.xlsx","Tank_6",1997.6145,NA,NA,"2019-04-10"
"Juvenile","Tank","1",NA,NA,NA,"0.45833333333333331",2019-04-19,29.4,7.60961921591397,"2021.01.05_masterSPECsalmonshedTANKdata.xlsx","Tank_1",2002.649,NA,NA,"2019-04-19"
"Juvenile","Tank","1",NA,NA,NA,"0.45833333333333331",2019-04-19,29.4,7.6126928917994,"2021.01.05_masterSPECsalmonshedTANKdata.xlsx","Tank_1",2002.649,NA,NA,"2019-04-19"
"Juvenile","Tank","2",NA,NA,NA,"0.45833333333333331",2019-04-19,29.4,6.86975174821198,"2021.01.05_masterSPECsalmonshedTANKdata.xlsx","Tank_2",2002.649,NA,NA,"2019-04-19"
"Juvenile","Tank","2",NA,NA,NA,"0.45833333333333331",2019-04-19,29.4,6.81701674208409,"2021.01.05_masterSPECsalmonshedTANKdata.xlsx","Tank_2",2002.649,NA,NA,"2019-04-19"
"Juvenile","Tank","3",NA,NA,NA,"0.45833333333333331",2019-04-19,29.4,7.60629587817836,"2021.01.05_masterSPECsalmonshedTANKdata.xlsx","Tank_3",2002.649,NA,NA,"2019-04-19"
"Juvenile","Tank","3",NA,NA,NA,"0.45833333333333331",2019-04-19,29.4,7.61118546449898,"2021.01.05_masterSPECsalmonshedTANKdata.xlsx","Tank_3",2002.649,NA,NA,"2019-04-19"
"Juvenile","Tank","4",NA,NA,NA,"0.45833333333333331",2019-04-19,29.4,6.97090821195421,"2021.01.05_masterSPECsalmonshedTANKdata.xlsx","Tank_4",2002.649,NA,NA,"2019-04-19"
"Juvenile","Tank","4",NA,NA,NA,"0.45833333333333331",2019-04-19,29.4,6.9883450642709,"2021.01.05_masterSPECsalmonshedTANKdata.xlsx","Tank_4",2002.649,NA,NA,"2019-04-19"
"Juvenile","Tank","5",NA,NA,NA,"0.45833333333333331",2019-04-19,29.4,7.60306522858992,"2021.01.05_masterSPECsalmonshedTANKdata.xlsx","Tank_5",2002.649,NA,NA,"2019-04-19"
"Juvenile","Tank","5",NA,NA,NA,"0.45833333333333331",2019-04-19,29.4,7.59667220166716,"2021.01.05_masterSPECsalmonshedTANKdata.xlsx","Tank_5",2002.649,NA,NA,"2019-04-19"
"Juvenile","Tank","6",NA,NA,NA,"0.45833333333333331",2019-04-19,29.4,6.93768783077416,"2021.01.05_masterSPECsalmonshedTANKdata.xlsx","Tank_6",2002.649,NA,NA,"2019-04-19"
"Juvenile","Tank","6",NA,NA,NA,"0.45833333333333331",2019-04-19,29.4,6.98481054122217,"2021.01.05_masterSPECsalmonshedTANKdata.xlsx","Tank_6",2002.649,NA,NA,"2019-04-19"
"Juvenile","Tank","1",NA,NA,NA,"0.45833333333333331",2019-04-23,29.2,7.60671787817836,"2021.01.05_masterSPECsalmonshedTANKdata.xlsx","Tank_1",1992.58,NA,NA,"2019-04-23"
"Juvenile","Tank","1",NA,NA,NA,"0.45833333333333331",2019-04-23,29.2,7.60311306206763,"2021.01.05_masterSPECsalmonshedTANKdata.xlsx","Tank_1",1992.58,NA,NA,"2019-04-23"
"Juvenile","Tank","2",NA,NA,NA,"0.45833333333333331",2019-04-23,29.2,6.94458822520443,"2021.01.05_masterSPECsalmonshedTANKdata.xlsx","Tank_2",1992.58,NA,NA,"2019-04-23"
"Juvenile","Tank","2",NA,NA,NA,"0.45833333333333331",2019-04-23,29.2,6.95778884483807,"2021.01.05_masterSPECsalmonshedTANKdata.xlsx","Tank_2",1992.58,NA,NA,"2019-04-23"
"Juvenile","Tank","3",NA,NA,NA,"0.45833333333333331",2019-04-23,29.2,7.61004121591397,"2021.01.05_masterSPECsalmonshedTANKdata.xlsx","Tank_3",1992.58,NA,NA,"2019-04-23"
"Juvenile","Tank","3",NA,NA,NA,"0.45833333333333331",2019-04-23,29.2,7.6250404149988,"2021.01.05_masterSPECsalmonshedTANKdata.xlsx","Tank_3",1992.58,NA,NA,"2019-04-23"
"Juvenile","Tank","4",NA,NA,NA,"0.45833333333333331",2019-04-23,29.2,6.92345519695906,"2021.01.05_masterSPECsalmonshedTANKdata.xlsx","Tank_4",1992.58,NA,NA,"2019-04-23"
"Juvenile","Tank","4",NA,NA,NA,"0.45833333333333331",2019-04-23,29.2,6.95922306457412,"2021.01.05_masterSPECsalmonshedTANKdata.xlsx","Tank_4",1992.58,NA,NA,"2019-04-23"
"Juvenile","Tank","5",NA,NA,NA,"0.45833333333333331",2019-04-23,29.2,7.60311306206763,"2021.01.05_masterSPECsalmonshedTANKdata.xlsx","Tank_5",1992.58,NA,NA,"2019-04-23"
"Juvenile","Tank","5",NA,NA,NA,"0.45833333333333331",2019-04-23,29.2,7.39743801008447,"2021.01.05_masterSPECsalmonshedTANKdata.xlsx","Tank_5",1992.58,NA,NA,"2019-04-23"
"Juvenile","Tank","6",NA,NA,NA,"0.45833333333333331",2019-04-23,29.2,7.06511065294229,"2021.01.05_masterSPECsalmonshedTANKdata.xlsx","Tank_6",1992.58,NA,NA,"2019-04-23"
"Juvenile","Tank","6",NA,NA,NA,"0.45833333333333331",2019-04-23,29.2,7.07653345844745,"2021.01.05_masterSPECsalmonshedTANKdata.xlsx","Tank_6",1992.58,NA,NA,"2019-04-23"
"Juvenile","Tank","3",NA,NA,NA,"0.45833333333333331",2019-05-01,29.87,7.58816418875266,"2021.01.05_masterSPECsalmonshedTANKdata.xlsx","Tank_3",2026.31115,NA,NA,"2019-05-01"
"Juvenile","Tank","3",NA,NA,NA,"0.45833333333333331",2019-05-01,29.87,7.59409623071171,"2021.01.05_masterSPECsalmonshedTANKdata.xlsx","Tank_3",2026.31115,NA,NA,"2019-05-01"
"Juvenile","Tank","2",NA,NA,NA,"0.45833333333333331",2019-05-01,29.87,6.9873533642709,"2021.01.05_masterSPECsalmonshedTANKdata.xlsx","Tank_2",2026.31115,NA,NA,"2019-05-01"
"Juvenile","Tank","2",NA,NA,NA,"0.45833333333333331",2019-05-01,29.87,7.02297978892108,"2021.01.05_masterSPECsalmonshedTANKdata.xlsx","Tank_2",2026.31115,NA,NA,"2019-05-01"
"Juvenile","Tank","1",NA,NA,NA,"0.45833333333333331",2019-05-01,29.87,7.60036443554357,"2021.01.05_masterSPECsalmonshedTANKdata.xlsx","Tank_1",2026.31115,NA,NA,"2019-05-01"
"Juvenile","Tank","1",NA,NA,NA,"0.45833333333333331",2019-05-01,29.87,7.59587487491676,"2021.01.05_masterSPECsalmonshedTANKdata.xlsx","Tank_1",2026.31115,NA,NA,"2019-05-01"
"Juvenile","Tank","1",NA,NA,NA,"0.45833333333333331",2019-05-01,29.87,7.60530417817836,"2021.01.05_masterSPECsalmonshedTANKdata.xlsx","Tank_1",2026.31115,NA,NA,"2019-05-01"
"Juvenile","Tank","1",NA,NA,NA,"0.45833333333333331",2019-05-01,29.87,7.60371894107583,"2021.01.05_masterSPECsalmonshedTANKdata.xlsx","Tank_1",2026.31115,NA,NA,"2019-05-01"
"Juvenile","Tank","4",NA,NA,NA,"0.45833333333333331",2019-05-01,29.87,6.90777910305674,"2021.01.05_masterSPECsalmonshedTANKdata.xlsx","Tank_4",2026.31115,NA,NA,"2019-05-01"
"Juvenile","Tank","4",NA,NA,NA,"0.45833333333333331",2019-05-01,29.87,6.96991651195421,"2021.01.05_masterSPECsalmonshedTANKdata.xlsx","Tank_4",2026.31115,NA,NA,"2019-05-01"
"Juvenile","Tank","4",NA,NA,NA,"0.45833333333333331",2019-05-01,29.87,6.78169223731727,"2021.01.05_masterSPECsalmonshedTANKdata.xlsx","Tank_4",2026.31115,NA,NA,"2019-05-01"
"Juvenile","Tank","4",NA,NA,NA,"0.45833333333333331",2019-05-01,29.87,7.19035764536718,"2021.01.05_masterSPECsalmonshedTANKdata.xlsx","Tank_4",2026.31115,NA,NA,"2019-05-01"
"Juvenile","Tank","5",NA,NA,NA,"0.45833333333333298",2019-05-01,29.87,7.58833412134814,"2021.01.05_masterSPECsalmonshedTANKdata.xlsx","Tank_5",2026.31115,NA,NA,"2019-05-01"
"Juvenile","Tank","5",NA,NA,NA,"0.45833333333333298",2019-05-01,29.87,7.59758896176907,"2021.01.05_masterSPECsalmonshedTANKdata.xlsx","Tank_5",2026.31115,NA,NA,"2019-05-01"
"Juvenile","Tank","5",NA,NA,NA,"0.45833333333333298",2019-05-01,29.87,7.3627634982887,"2021.01.05_masterSPECsalmonshedTANKdata.xlsx","Tank_5",2026.31115,NA,NA,"2019-05-01"
"Juvenile","Tank","5",NA,NA,NA,"0.45833333333333298",2019-05-01,29.87,7.61683700089406,"2021.01.05_masterSPECsalmonshedTANKdata.xlsx","Tank_5",2026.31115,NA,NA,"2019-05-01"
"Juvenile","Tank","6",NA,NA,NA,"0.45833333333333298",2019-05-01,29.87,7.00539792754601,"2021.01.05_masterSPECsalmonshedTANKdata.xlsx","Tank_6",2026.31115,NA,NA,"2019-05-01"
"Juvenile","Tank","6",NA,NA,NA,"0.45833333333333298",2019-05-01,29.87,7.04351133503676,"2021.01.05_masterSPECsalmonshedTANKdata.xlsx","Tank_6",2026.31115,NA,NA,"2019-05-01"
"Juvenile","Tank","1",NA,NA,NA,"0.45833333333333331",2019-05-08,29.5,7.61393375892714,"2021.01.05_masterSPECsalmonshedTANKdata.xlsx","Tank_1",2007.6835,NA,NA,"2019-05-08"
"Juvenile","Tank","1",NA,NA,NA,"0.45833333333333331",2019-05-08,29.5,7.60449964107583,"2021.01.05_masterSPECsalmonshedTANKdata.xlsx","Tank_1",2007.6835,NA,NA,"2019-05-08"
"Juvenile","Tank","2",NA,NA,NA,"0.45833333333333331",2019-05-08,29.5,7.01544381654153,"2021.01.05_masterSPECsalmonshedTANKdata.xlsx","Tank_2",2007.6835,NA,NA,"2019-05-08"
"Juvenile","Tank","2",NA,NA,NA,"0.45833333333333331",2019-05-08,29.5,7.02108440897071,"2021.01.05_masterSPECsalmonshedTANKdata.xlsx","Tank_2",2007.6835,NA,NA,"2019-05-08"
"Juvenile","Tank","3",NA,NA,NA,"0.45833333333333331",2019-05-08,29.5,7.63090159618126,"2021.01.05_masterSPECsalmonshedTANKdata.xlsx","Tank_3",2007.6835,NA,NA,"2019-05-08"
"Juvenile","Tank","3",NA,NA,NA,"0.45833333333333331",2019-05-08,29.5,7.62228755773829,"2021.01.05_masterSPECsalmonshedTANKdata.xlsx","Tank_3",2007.6835,NA,NA,"2019-05-08"
"Juvenile","Tank","4",NA,NA,NA,"0.45833333333333331",2019-05-08,29.5,6.85616235330869,"2021.01.05_masterSPECsalmonshedTANKdata.xlsx","Tank_4",2007.6835,NA,NA,"2019-05-08"
"Juvenile","Tank","4",NA,NA,NA,"0.45833333333333331",2019-05-08,29.5,6.96582065920728,"2021.01.05_masterSPECsalmonshedTANKdata.xlsx","Tank_4",2007.6835,NA,NA,"2019-05-08"
"Juvenile","Tank","5",NA,NA,NA,"0.45833333333333331",2019-05-08,29.5,7.61481431455146,"2021.01.05_masterSPECsalmonshedTANKdata.xlsx","Tank_5",2007.6835,NA,NA,"2019-05-08"
"Juvenile","Tank","6",NA,NA,NA,"0.45833333333333331",2019-05-08,29.5,6.96388271206732,"2021.01.05_masterSPECsalmonshedTANKdata.xlsx","Tank_6",2007.6835,NA,NA,"2019-05-08"
"Juvenile","Tank","6",NA,NA,NA,"0.45833333333333331",2019-05-08,29.5,7.01709637090083,"2021.01.05_masterSPECsalmonshedTANKdata.xlsx","Tank_6",2007.6835,NA,NA,"2019-05-08"
"Juvenile","Tank","1",NA,NA,NA,"0.45833333333333331",2019-05-22,29.5,7.61798517629122,"2021.01.05_masterSPECsalmonshedTANKdata.xlsx","Tank_1",2007.6835,NA,NA,"2019-05-22"
"Juvenile","Tank","1",NA,NA,NA,"0.45833333333333331",2019-05-22,29.5,7.60449964107583,"2021.01.05_masterSPECsalmonshedTANKdata.xlsx","Tank_1",2007.6835,NA,NA,"2019-05-22"
"Juvenile","Tank","2",NA,NA,NA,"0.45833333333333331",2019-05-22,29.5,6.97315268712247,"2021.01.05_masterSPECsalmonshedTANKdata.xlsx","Tank_2",2007.6835,NA,NA,"2019-05-22"
"Juvenile","Tank","2",NA,NA,NA,"0.45833333333333331",2019-05-22,29.5,7.02108440897072,"2021.01.05_masterSPECsalmonshedTANKdata.xlsx","Tank_2",2007.6835,NA,NA,"2019-05-22"
"Juvenile","Tank","3",NA,NA,NA,"0.45833333333333331",2019-05-22,29.5,7.61533308970465,"2021.01.05_masterSPECsalmonshedTANKdata.xlsx","Tank_3",2007.6835,NA,NA,"2019-05-22"
"Juvenile","Tank","3",NA,NA,NA,"0.45833333333333331",2019-05-22,29.5,7.60608487817836,"2021.01.05_masterSPECsalmonshedTANKdata.xlsx","Tank_3",2007.6835,NA,NA,"2019-05-22"
"Juvenile","Tank","4",NA,NA,NA,"0.45833333333333331",2019-05-22,29.5,6.92282219695907,"2021.01.05_masterSPECsalmonshedTANKdata.xlsx","Tank_4",2007.6835,NA,NA,"2019-05-22"
"Juvenile","Tank","4",NA,NA,NA,"0.45833333333333331",2019-05-22,29.5,6.90156845076076,"2021.01.05_masterSPECsalmonshedTANKdata.xlsx","Tank_4",2007.6835,NA,NA,"2019-05-22"
"Juvenile","Tank","5",NA,NA,NA,"0.45833333333333331",2019-05-22,29.5,7.65617579616961,"2021.01.05_masterSPECsalmonshedTANKdata.xlsx","Tank_5",2007.6835,NA,NA,"2019-05-22"
"Juvenile","Tank","5",NA,NA,NA,"0.45833333333333331",2019-05-22,29.5,7.68371384622343,"2021.01.05_masterSPECsalmonshedTANKdata.xlsx","Tank_5",2007.6835,NA,NA,"2019-05-22"
"Juvenile","Tank","6",NA,NA,NA,"0.45833333333333331",2019-05-22,29.5,6.84125978309349,"2021.01.05_masterSPECsalmonshedTANKdata.xlsx","Tank_6",2007.6835,NA,NA,"2019-05-22"
"Juvenile","Tank","6",NA,NA,NA,"0.45833333333333331",2019-05-22,29.5,7.22663784707224,"2021.01.05_masterSPECsalmonshedTANKdata.xlsx","Tank_6",2007.6835,NA,NA,"2019-05-22"
"Juvenile","Tank","6",NA,NA,NA,"0.45833333333333331",2019-05-29,29.5,7.15991943296781,"2021.01.05_masterSPECsalmonshedTANKdata.xlsx","Tank_6",2007.6835,NA,NA,"2019-05-29"
"Juvenile","Tank","6",NA,NA,NA,"0.45833333333333331",2019-05-29,29.5,7.0312685244286,"2021.01.05_masterSPECsalmonshedTANKdata.xlsx","Tank_6",2007.6835,NA,NA,"2019-05-29"
"Juvenile","Tank","3",NA,NA,NA,"0.45833333333333331",2019-05-29,29.5,7.61393375892714,"2021.01.05_masterSPECsalmonshedTANKdata.xlsx","Tank_3",2007.6835,NA,NA,"2019-05-29"
"Juvenile","Tank","3",NA,NA,NA,"0.45833333333333331",2019-05-29,29.5,7.5930299962394,"2021.01.05_masterSPECsalmonshedTANKdata.xlsx","Tank_3",2007.6835,NA,NA,"2019-05-29"
"Juvenile","Tank","5",NA,NA,NA,"0.45833333333333331",2019-05-29,29.5,7.59111074384939,"2021.01.05_masterSPECsalmonshedTANKdata.xlsx","Tank_5",2007.6835,NA,NA,"2019-05-29"
"Juvenile","Tank","5",NA,NA,NA,"0.45833333333333331",2019-05-29,29.5,7.59255712716401,"2021.01.05_masterSPECsalmonshedTANKdata.xlsx","Tank_5",2007.6835,NA,NA,"2019-05-29"
"Juvenile","Tank","1",NA,NA,NA,"0.45833333333333331",2019-05-29,29.5,7.62888150616168,"2021.01.05_masterSPECsalmonshedTANKdata.xlsx","Tank_1",2007.6835,NA,NA,"2019-05-29"
"Juvenile","Tank","1",NA,NA,NA,"0.45833333333333331",2019-05-29,29.5,7.62060739589782,"2021.01.05_masterSPECsalmonshedTANKdata.xlsx","Tank_1",2007.6835,NA,NA,"2019-05-29"
"Juvenile","Tank","2",NA,NA,NA,"0.45833333333333331",2019-05-29,29.5,6.98152647432614,"2021.01.05_masterSPECsalmonshedTANKdata.xlsx","Tank_2",2007.6835,NA,NA,"2019-05-29"
"Juvenile","Tank","2",NA,NA,NA,"0.45833333333333331",2019-05-29,29.5,6.9881340642709,"2021.01.05_masterSPECsalmonshedTANKdata.xlsx","Tank_2",2007.6835,NA,NA,"2019-05-29"
"Juvenile","Tank","4",NA,NA,NA,"0.45833333333333331",2019-05-29,29.5,7.07839866119344,"2021.01.05_masterSPECsalmonshedTANKdata.xlsx","Tank_4",2007.6835,NA,NA,"2019-05-29"
"Juvenile","Tank","4",NA,NA,NA,"0.45833333333333331",2019-05-29,29.5,7.06447765294229,"2021.01.05_masterSPECsalmonshedTANKdata.xlsx","Tank_4",2007.6835,NA,NA,"2019-05-29"
"Juvenile","Tank","1",NA,NA,NA,"0.45833333333333331",2019-06-05,29.2,7.67471537301167,"2021.01.05_masterSPECsalmonshedTANKdata.xlsx","Tank_1",1992.58,NA,NA,"2019-06-05"
"Juvenile","Tank","1",NA,NA,NA,"0.45833333333333331",2019-06-05,29.2,7.6662616239329,"2021.01.05_masterSPECsalmonshedTANKdata.xlsx","Tank_1",1992.58,NA,NA,"2019-06-05"
"Juvenile","Tank","2",NA,NA,NA,"0.45833333333333331",2019-06-05,29.2,7.1080929855747,"2021.01.05_masterSPECsalmonshedTANKdata.xlsx","Tank_2",1992.58,NA,NA,"2019-06-05"
"Juvenile","Tank","3",NA,NA,NA,"0.45833333333333331",2019-06-05,29.2,7.63593648555337,"2021.01.05_masterSPECsalmonshedTANKdata.xlsx","Tank_3",1992.58,NA,NA,"2019-06-05"
"Juvenile","Tank","2",NA,NA,NA,"0.45833333333333331",2019-06-05,29.2,7.09231411460157,"2021.01.05_masterSPECsalmonshedTANKdata.xlsx","Tank_2",1992.58,NA,NA,"2019-06-05"
"Juvenile","Tank","3",NA,NA,NA,"0.45833333333333331",2019-06-05,29.2,7.64516450059928,"2021.01.05_masterSPECsalmonshedTANKdata.xlsx","Tank_3",1992.58,NA,NA,"2019-06-05"
"Juvenile","Tank","4",NA,NA,NA,"0.45833333333333331",2019-06-05,29.2,7.25536641184902,"2021.01.05_masterSPECsalmonshedTANKdata.xlsx","Tank_4",1992.58,NA,NA,"2019-06-05"
"Juvenile","Tank","4",NA,NA,NA,"0.45833333333333331",2019-06-05,29.2,7.21275619513456,"2021.01.05_masterSPECsalmonshedTANKdata.xlsx","Tank_4",1992.58,NA,NA,"2019-06-05"
"Juvenile","Tank","5",NA,NA,NA,"0.45833333333333331",2019-06-05,29.2,7.60324705636095,"2021.01.05_masterSPECsalmonshedTANKdata.xlsx","Tank_5",1992.58,NA,NA,"2019-06-05"
"Juvenile","Tank","5",NA,NA,NA,"0.45833333333333331",2019-06-05,29.2,7.6482348822203,"2021.01.05_masterSPECsalmonshedTANKdata.xlsx","Tank_5",1992.58,NA,NA,"2019-06-05"
"Juvenile","Tank","6",NA,NA,NA,"0.45833333333333331",2019-06-05,29.2,7.07903166119344,"2021.01.05_masterSPECsalmonshedTANKdata.xlsx","Tank_6",1992.58,NA,NA,"2019-06-05"
"Juvenile","Tank","6",NA,NA,NA,"0.45833333333333331",2019-06-05,29.2,7.03837154859084,"2021.01.05_masterSPECsalmonshedTANKdata.xlsx","Tank_6",1992.58,NA,NA,"2019-06-05"
"Juvenile","Tank","1",NA,NA,NA,"0.52083333333333337",2019-06-13,29.6,7.63205537336003,"2021.01.05_masterSPECsalmonshedTANKdata.xlsx","Tank_1",2012.718,NA,NA,"2019-06-13"
"Juvenile","Tank","1",NA,NA,NA,"0.52083333333333337",2019-06-13,29.6,7.63205537336003,"2021.01.05_masterSPECsalmonshedTANKdata.xlsx","Tank_1",2012.718,NA,NA,"2019-06-13"
"Juvenile","Tank","2",NA,NA,NA,"0.52083333333333337",2019-06-13,29.6,6.95124683099985,"2021.01.05_masterSPECsalmonshedTANKdata.xlsx","Tank_2",2012.718,NA,NA,"2019-06-13"
"Juvenile","Tank","2",NA,NA,NA,"0.52083333333333337",2019-06-13,29.6,6.95030313896997,"2021.01.05_masterSPECsalmonshedTANKdata.xlsx","Tank_2",2012.718,NA,NA,"2019-06-13"
"Juvenile","Tank","3",NA,NA,NA,"0.52083333333333337",2019-06-13,29.6,7.64508991507719,"2021.01.05_masterSPECsalmonshedTANKdata.xlsx","Tank_3",2012.718,NA,NA,"2019-06-13"
"Juvenile","Tank","3",NA,NA,NA,"0.52083333333333337",2019-06-13,29.6,7.63310363910991,"2021.01.05_masterSPECsalmonshedTANKdata.xlsx","Tank_3",2012.718,NA,NA,"2019-06-13"
"Juvenile","Tank","4",NA,NA,NA,"0.52083333333333337",2019-06-13,29.6,6.99739740082861,"2021.01.05_masterSPECsalmonshedTANKdata.xlsx","Tank_4",2012.718,NA,NA,"2019-06-13"
"Juvenile","Tank","4",NA,NA,NA,"0.52083333333333337",2019-06-13,29.6,6.9879230642709,"2021.01.05_masterSPECsalmonshedTANKdata.xlsx","Tank_4",2012.718,NA,NA,"2019-06-13"
"Juvenile","Tank","5",NA,NA,NA,"0.52083333333333337",2019-06-13,29.6,7.63709888097977,"2021.01.05_masterSPECsalmonshedTANKdata.xlsx","Tank_5",2012.718,NA,NA,"2019-06-13"
"Juvenile","Tank","5",NA,NA,NA,"0.52083333333333337",2019-06-13,29.6,7.65605300693822,"2021.01.05_masterSPECsalmonshedTANKdata.xlsx","Tank_5",2012.718,NA,NA,"2019-06-13"
"Juvenile","Tank","6",NA,NA,NA,"0.52083333333333337",2019-06-13,29.6,6.97861896792519,"2021.01.05_masterSPECsalmonshedTANKdata.xlsx","Tank_6",2012.718,NA,NA,"2019-06-13"
"Juvenile","Tank","6",NA,NA,NA,"0.52083333333333337",2019-06-13,29.6,7.1072489855747,"2021.01.05_masterSPECsalmonshedTANKdata.xlsx","Tank_6",2012.718,NA,NA,"2019-06-13"
"Juvenile","Tank","6",NA,NA,NA,"0.45833333333333331",2019-06-21,29.6,6.97294168712247,"2021.01.05_masterSPECsalmonshedTANKdata.xlsx","Tank_6",2012.718,NA,NA,"2019-06-21"
"Juvenile","Tank","6",NA,NA,NA,"0.45833333333333331",2019-06-21,29.6,7.0515564460448,"2021.01.05_masterSPECsalmonshedTANKdata.xlsx","Tank_6",2012.718,NA,NA,"2019-06-21"
"Juvenile","Tank","5",NA,NA,NA,"0.45833333333333331",2019-06-21,29.6,7.66443341429792,"2021.01.05_masterSPECsalmonshedTANKdata.xlsx","Tank_5",2012.718,NA,NA,"2019-06-21"
"Juvenile","Tank","5",NA,NA,NA,"0.45833333333333331",2019-06-21,29.6,7.66443341429792,"2021.01.05_masterSPECsalmonshedTANKdata.xlsx","Tank_5",2012.718,NA,NA,"2019-06-21"
"Juvenile","Tank","4",NA,NA,NA,"0.45833333333333331",2019-06-21,29.6,7.02229333099217,"2021.01.05_masterSPECsalmonshedTANKdata.xlsx","Tank_4",2012.718,NA,NA,"2019-06-21"
"Juvenile","Tank","4",NA,NA,NA,"0.45833333333333331",2019-06-21,29.6,7.02354948892108,"2021.01.05_masterSPECsalmonshedTANKdata.xlsx","Tank_4",2012.718,NA,NA,"2019-06-21"
"Juvenile","Tank","3",NA,NA,NA,"0.45833333333333331",2019-06-21,29.6,7.65370660407731,"2021.01.05_masterSPECsalmonshedTANKdata.xlsx","Tank_3",2012.718,NA,NA,"2019-06-21"
"Juvenile","Tank","4",NA,NA,NA,"0.45833333333333331",2019-06-21,29.6,7.63096856937853,"2021.01.05_masterSPECsalmonshedTANKdata.xlsx","Tank_4",2012.718,NA,NA,"2019-06-21"
"Juvenile","Tank","2",NA,NA,NA,"0.45833333333333331",2019-06-21,29.6,7.01523281654153,"2021.01.05_masterSPECsalmonshedTANKdata.xlsx","Tank_2",2012.718,NA,NA,"2019-06-21"
"Juvenile","Tank","2",NA,NA,NA,"0.45833333333333331",2019-06-21,29.6,7.01523281654153,"2021.01.05_masterSPECsalmonshedTANKdata.xlsx","Tank_2",2012.718,NA,NA,"2019-06-21"
"Juvenile","Tank","1",NA,NA,NA,"0.45833333333333331",2019-06-21,29.6,7.65888490129863,"2021.01.05_masterSPECsalmonshedTANKdata.xlsx","Tank_1",2012.718,NA,NA,"2019-06-21"
"Juvenile","Tank","1",NA,NA,NA,"0.45833333333333331",2019-06-21,29.6,7.65831709778377,"2021.01.05_masterSPECsalmonshedTANKdata.xlsx","Tank_1",2012.718,NA,NA,"2019-06-21"
"Juvenile","Tank","1",NA,NA,NA,"0.45833333333333331",2019-07-03,29.6,7.60034964118511,"2021.01.05_masterSPECsalmonshedTANKdata.xlsx","Tank_1",2012.718,NA,NA,"2019-07-03"
"Juvenile","Tank","1",NA,NA,NA,"0.45833333333333331",2019-07-03,29.6,7.61372275892714,"2021.01.05_masterSPECsalmonshedTANKdata.xlsx","Tank_1",2012.718,NA,NA,"2019-07-03"
"Juvenile","Tank","2",NA,NA,NA,"0.45833333333333331",2019-07-03,29.6,6.94333698967091,"2021.01.05_masterSPECsalmonshedTANKdata.xlsx","Tank_2",2012.718,NA,NA,"2019-07-03"
"Juvenile","Tank","2",NA,NA,NA,"0.45833333333333331",2019-07-03,29.6,6.89103764448871,"2021.01.05_masterSPECsalmonshedTANKdata.xlsx","Tank_2",2012.718,NA,NA,"2019-07-03"
"Juvenile","Tank","3",NA,NA,NA,"0.45833333333333331",2019-07-03,29.6,7.61790192830577,"2021.01.05_masterSPECsalmonshedTANKdata.xlsx","Tank_3",2012.718,NA,NA,"2019-07-03"
"Juvenile","Tank","3",NA,NA,NA,"0.45833333333333331",2019-07-03,29.6,7.63165245109359,"2021.01.05_masterSPECsalmonshedTANKdata.xlsx","Tank_3",2012.718,NA,NA,"2019-07-03"
"Juvenile","Tank","4",NA,NA,NA,"0.45833333333333331",2019-07-03,29.6,7.25085369417101,"2021.01.05_masterSPECsalmonshedTANKdata.xlsx","Tank_4",2012.718,NA,NA,"2019-07-03"
"Juvenile","Tank","4",NA,NA,NA,"0.45833333333333331",2019-07-03,29.6,7.1731908378512,"2021.01.05_masterSPECsalmonshedTANKdata.xlsx","Tank_4",2012.718,NA,NA,"2019-07-03"
"Juvenile","Tank","5",NA,NA,NA,"0.45833333333333331",2019-07-03,29.6,7.62012765964955,"2021.01.05_masterSPECsalmonshedTANKdata.xlsx","Tank_5",2012.718,NA,NA,"2019-07-03"
"Juvenile","Tank","5",NA,NA,NA,"0.45833333333333331",2019-07-03,29.6,7.6241964149988,"2021.01.05_masterSPECsalmonshedTANKdata.xlsx","Tank_5",2012.718,NA,NA,"2019-07-03"
"Juvenile","Tank","6",NA,NA,NA,"0.45833333333333331",2019-07-03,29.6,7.03289772143516,"2021.01.05_masterSPECsalmonshedTANKdata.xlsx","Tank_6",2012.718,NA,NA,"2019-07-03"
